FIGHTER,STANCE,DOB,URL,HEIGHT_CM,REACH_CM,WEIGHT_KG
Tom Aaron,,1978-07-13,http://ufcstats.com/fighter-details/93fe7332d16c6ad9,,,70.308
Danny Abbadi,Orthodox,1983-07-03,http://ufcstats.com/fighter-details/15df64c02b6b0fde,180.34,,70.308
Nariman Abbasov,Orthodox,1994-02-01,http://ufcstats.com/fighter-details/59a9d6dac61c2540,172.72,167.64000000000001,70.308
Darion Abbey,Orthodox,1993-02-25,http://ufcstats.com/fighter-details/4961467134abd8be,187.96,203.2,120.20400000000001
David Abbott,Switch,1965-04-26,http://ufcstats.com/fighter-details/b361180739bed4b0,182.88,,120.20400000000001
Hamdy Abdelwahab,Southpaw,1993-01-22,http://ufcstats.com/fighter-details/3329d692aea4dc28,187.96,182.88,119.7504
Mansur Abdul-Malik,Orthodox,1997-10-07,http://ufcstats.com/fighter-details/841695e02c99a521,187.96,203.2,83.916
Shamil Abdurakhimov,Orthodox,1981-09-02,http://ufcstats.com/fighter-details/2f5cbecbbe18bac4,190.5,193.04,106.596
Hiroyuki Abe,Orthodox,,http://ufcstats.com/fighter-details/c0ed7b208197e8de,167.64000000000001,,65.772
Daichi Abe,Orthodox,1991-11-27,http://ufcstats.com/fighter-details/5140122c3eecd307,180.34,180.34,77.112
Papy Abedi,Southpaw,1978-06-30,http://ufcstats.com/fighter-details/c9f6385af6df66d7,180.34,,83.916
Ricardo Abreu,Orthodox,1984-04-27,http://ufcstats.com/fighter-details/aa6e591c2a2cdecd,180.34,,83.916
Klidson Abreu,Orthodox,1992-12-24,http://ufcstats.com/fighter-details/7279654c7674cd24,182.88,187.96,92.988
Cyborg Abreu,,1980-12-20,http://ufcstats.com/fighter-details/f689bd7bbd14b392,,,
Daniel Acacio,Orthodox,1977-12-27,http://ufcstats.com/fighter-details/1c5879330d42255f,172.72,,81.648
John Adajar,Orthodox,1991-06-22,http://ufcstats.com/fighter-details/989b85f6540c86b1,175.26,190.5,77.112
Scott Adams,Southpaw,,http://ufcstats.com/fighter-details/2620f3eb21c79614,182.88,,102.06
Juan Adams,Orthodox,1992-01-16,http://ufcstats.com/fighter-details/83b00f7597e5ac83,195.58,203.2,120.20400000000001
Anthony Adams,Orthodox,1988-01-13,http://ufcstats.com/fighter-details/a77633a989013265,185.42000000000002,193.04,83.916
Zarrukh Adashev,Southpaw,1992-07-29,http://ufcstats.com/fighter-details/79cb2a690b9ba5e8,165.1,165.1,56.7
Israel Adesanya,Switch,1989-07-22,http://ufcstats.com/fighter-details/1338e2c7480bdf9e,193.04,203.2,83.916
Sam Adkins,Orthodox,1965-04-26,http://ufcstats.com/fighter-details/0e9869d712e81f8f,190.5,,102.06
Mohamed Ado,Switch,2000-05-03,http://ufcstats.com/fighter-details/7a846fcbf182a7c8,180.34,193.04,77.112
Nick Agallar,Orthodox,1979-01-13,http://ufcstats.com/fighter-details/ebc5af72ad5a28cb,172.72,,70.308
Mariya Agapova,Southpaw,1997-04-07,http://ufcstats.com/fighter-details/a08ddd04eaffd81d,167.64000000000001,172.72,56.7
Kantharaj Agasa,,1992-02-16,http://ufcstats.com/fighter-details/26f4288e83188c61,,,61.236
Marcelo Aguiar,Orthodox,,http://ufcstats.com/fighter-details/44aa652b181bcf68,177.8,,77.112
Fabio Aguiar,,1988-02-10,http://ufcstats.com/fighter-details/501821d7fb7b95c1,182.88,,83.916
Edwin Aguilar,,,http://ufcstats.com/fighter-details/6cadc0a0ba7dc015,177.8,,83.916
Jessica Aguilar,Orthodox,1982-05-08,http://ufcstats.com/fighter-details/8f382b3baa954d2a,160.02,160.02,52.164
Kevin Aguilar,Orthodox,1988-09-07,http://ufcstats.com/fighter-details/cf946e03ba2e7666,170.18,185.42000000000002,70.308
Jesus Aguilar,Orthodox,1996-03-13,http://ufcstats.com/fighter-details/c051c2e12d692b8a,162.56,157.48,56.7
Christian Aguilera,Switch,1991-11-25,http://ufcstats.com/fighter-details/ae071698e1a3ccd4,175.26,182.88,77.112
Nick Aguirre,Southpaw,1996-01-15,http://ufcstats.com/fighter-details/0978385b2bd9ef9b,175.26,187.96,61.236
Agulali,Switch,2005-04-07,http://ufcstats.com/fighter-details/b2efa582adf73604,175.26,170.18,56.7
Ahejiang Ailinuer,,,http://ufcstats.com/fighter-details/ff584c17bccbae0b,,,65.772
Mike Aina,Orthodox,,http://ufcstats.com/fighter-details/9e3dbb9c68ed5d1a,175.26,,70.308
Ashiek Ajim,Switch,1994-06-19,http://ufcstats.com/fighter-details/49dea784f6cfed71,172.72,180.34,61.236
Hitomi Akano,Southpaw,1974-07-27,http://ufcstats.com/fighter-details/2eada40ac8801559,162.56,,61.236
Omari Akhmedov,Orthodox,1987-10-12,http://ufcstats.com/fighter-details/16690d100f995f8f,182.88,185.42000000000002,83.916
Yoshihiro Akiyama,Orthodox,1975-07-29,http://ufcstats.com/fighter-details/b0550072e5f0afa7,177.8,190.5,77.112
Rostem Akman,Switch,1991-12-19,http://ufcstats.com/fighter-details/1fc64507a0cb38cf,177.8,182.88,77.112
Razak Al-Hassan,Orthodox,1982-05-14,http://ufcstats.com/fighter-details/38b50fd1e1b5b656,187.96,,92.988
Abdul-Kareem Al-Selwady,Orthodox,1995-04-10,http://ufcstats.com/fighter-details/597499ac7a5aac62,172.72,175.26,70.308
Mostapha Al-Turk,Orthodox,1973-07-14,http://ufcstats.com/fighter-details/1cf1310684a841f5,187.96,195.58,111.132
Herdem Alacabek,Orthodox,1991-06-07,http://ufcstats.com/fighter-details/7578cc6bd750206b,187.96,190.5,92.988
Javi Alanis,,,http://ufcstats.com/fighter-details/2144954270be834d,167.64000000000001,,61.236
Alatengheili,Orthodox,1991-12-14,http://ufcstats.com/fighter-details/1897b7b913736a7c,165.1,167.64000000000001,61.236
Amir Albazi,Orthodox,1993-10-27,http://ufcstats.com/fighter-details/6d35bf94f7d30241,165.1,172.72,56.7
Brett Albee,,,http://ufcstats.com/fighter-details/9b28292abe3166d5,,,102.06
John Albert,Orthodox,1986-10-13,http://ufcstats.com/fighter-details/7bd94b60d7521e4a,172.72,172.72,61.236
Junior Albini,Orthodox,1991-03-15,http://ufcstats.com/fighter-details/c482c8605455a213,190.5,187.96,119.7504
Wes Albritton,Orthodox,,http://ufcstats.com/fighter-details/184b955181bdef52,177.8,,85.2768
Aleksandra Albu,Orthodox,1990-07-14,http://ufcstats.com/fighter-details/e76d9f656ceb82ab,157.48,160.02,52.164
Israel Albuquerque,Orthodox,,http://ufcstats.com/fighter-details/dd1b90eea08887f6,,,83.916
Juan Alcain,,,http://ufcstats.com/fighter-details/39f62b833e4cf126,,,
Iuri Alcantara,Southpaw,1980-08-04,http://ufcstats.com/fighter-details/2f95a3c6d58b2aad,175.26,180.34,61.236
Ildemar Alcantara,Orthodox,1982-11-18,http://ufcstats.com/fighter-details/7c6e87729e824ef4,187.96,198.12,83.916
Alfonso Alcarez,,1970-06-10,http://ufcstats.com/fighter-details/1e38bba6738b7b10,160.02,,65.772
Gilbert Aldana,Orthodox,1977-08-25,http://ufcstats.com/fighter-details/d26934530dc5b248,185.42000000000002,,113.4
Irene Aldana,Orthodox,1988-03-26,http://ufcstats.com/fighter-details/578ef12674df1e6a,175.26,172.72,61.236
Hector Aldana,Orthodox,1988-08-17,http://ufcstats.com/fighter-details/c487223b0289bda9,180.34,182.88,77.112
Jose Alday,Orthodox,1991-09-14,http://ufcstats.com/fighter-details/7460ddef986d3144,170.18,172.72,61.236
Jose Aldo,Orthodox,1986-09-09,http://ufcstats.com/fighter-details/d0f3959b4a9747e6,170.18,177.8,61.236
JJ Aldrich,Southpaw,1992-09-29,http://ufcstats.com/fighter-details/6fd953151d981979,165.1,170.18,56.7
Irina Alekseeva,Orthodox,1990-06-27,http://ufcstats.com/fighter-details/103e2e33a60683e1,172.72,170.18,61.236
Talita Alencar,Orthodox,1990-10-17,http://ufcstats.com/fighter-details/d35298b6df168456,154.94,147.32,52.164
Jim Alers,Orthodox,1986-10-14,http://ufcstats.com/fighter-details/fe5a9547479396ab,175.26,180.34,65.772
John Alessio,Orthodox,1979-07-05,http://ufcstats.com/fighter-details/7a15f3694c5cbc02,177.8,182.88,70.308
Houston Alexander,Orthodox,1972-03-22,http://ufcstats.com/fighter-details/0541480fbf719d86,182.88,182.88,92.988
Kenneth Alexander,Orthodox,1977-09-25,http://ufcstats.com/fighter-details/8fd76e1b49c00ae2,175.26,,70.308
Lucas Alexander,Orthodox,1995-07-28,http://ufcstats.com/fighter-details/11583163f45c7b31,180.34,185.42000000000002,65.772
Marcio Alexandre Junior,Southpaw,1989-05-05,http://ufcstats.com/fighter-details/d53482bef23235ba,182.88,190.5,83.916
Olaf Alfonso,Orthodox,1974-08-06,http://ufcstats.com/fighter-details/b757c73f443d4fca,187.96,,77.112
Pablo Alfonso,,1983-05-09,http://ufcstats.com/fighter-details/4b37a0bc2ab4cae1,172.72,,65.772
Levi Alford,,,http://ufcstats.com/fighter-details/41b34b7f11f6d085,,,
Bill Algeo,Switch,1989-06-09,http://ufcstats.com/fighter-details/9abc648e76c4493a,182.88,185.42000000000002,65.772
Royce Alger,Orthodox,,http://ufcstats.com/fighter-details/669a3cb6e394f515,177.8,,90.2664
Amir Aliakbari,,1984-06-10,http://ufcstats.com/fighter-details/e17770faae3ca54c,190.5,,113.4
Sultan Aliev,Orthodox,1984-09-17,http://ufcstats.com/fighter-details/e70de1859b7ee78e,180.34,187.96,77.112
Nurullo Aliev,Orthodox,2000-12-08,http://ufcstats.com/fighter-details/ca28cdf526d6b6e9,177.8,182.88,70.308
Ikram Aliskerov,Southpaw,1992-12-07,http://ufcstats.com/fighter-details/b07aed698fba8624,182.88,193.04,83.916
Leon Aliu,Orthodox,1989-07-14,http://ufcstats.com/fighter-details/6db394bf6c3b017c,182.88,187.96,83.916
John Allan,Orthodox,1993-02-22,http://ufcstats.com/fighter-details/6ebe96a116e79e52,185.42000000000002,190.5,92.988
George Allen,Open Stance,1967-01-13,http://ufcstats.com/fighter-details/1e13936d708bcff7,187.96,,92.988
Arnold Allen,Southpaw,1994-01-22,http://ufcstats.com/fighter-details/040a74bb0a465c54,172.72,177.8,65.772
Brendan Allen,Orthodox,1995-12-28,http://ufcstats.com/fighter-details/2f181c0467965b98,187.96,190.5,83.916
Daniel Allen,Southpaw,1992-08-10,http://ufcstats.com/fighter-details/adf9a901308fb8e3,182.88,190.5,70.308
Ben Alloway,Orthodox,1981-02-19,http://ufcstats.com/fighter-details/c4fe2e9a06ea5bcb,180.34,193.04,77.112
Asu Almabayev,Orthodox,1994-01-25,http://ufcstats.com/fighter-details/8d3273573b85be09,162.56,165.1,56.7
Bekzat Almakhan,Orthodox,1997-10-08,http://ufcstats.com/fighter-details/a4dc0f2b95df4cc1,170.18,172.72,61.236
John Dave Almanza,Southpaw,2004-03-22,http://ufcstats.com/fighter-details/088aa1b19b2dc14a,170.18,170.18,56.7
Ricardo Almeida,Orthodox,1976-11-29,http://ufcstats.com/fighter-details/91186547a7f3f758,182.88,187.96,77.112
Magno Almeida,,1985-06-06,http://ufcstats.com/fighter-details/d615d6a10a4704cd,182.88,,70.308
Thomas Almeida,Southpaw,1991-07-31,http://ufcstats.com/fighter-details/2b074403b7c6cdb4,170.18,177.8,65.772
Ericka Almeida,Orthodox,1989-03-05,http://ufcstats.com/fighter-details/67a992d4cff22466,167.64000000000001,,52.164
Estefani Almeida,Orthodox,1988-10-17,http://ufcstats.com/fighter-details/f16ddfa31236efed,162.56,,56.7
Jailton Almeida,Orthodox,1991-06-26,http://ufcstats.com/fighter-details/41e83a89929d1327,190.5,200.66,92.988
Lucas Almeida,Orthodox,1991-01-31,http://ufcstats.com/fighter-details/710f0f8c5d5c9d41,180.34,180.34,65.772
Cesar Almeida,Orthodox,1988-03-28,http://ufcstats.com/fighter-details/64d47ef881a437a4,185.42000000000002,187.96,83.916
Mauricio Alonso,,1980-02-27,http://ufcstats.com/fighter-details/c6bf75775b278ed8,187.96,,77.112
Sarah Alpar,Southpaw,1991-06-01,http://ufcstats.com/fighter-details/49b130de1da2e1bf,162.56,160.02,61.236
Ali AlQaisi,Orthodox,1990-09-23,http://ufcstats.com/fighter-details/e87a13e02c01331d,167.64000000000001,172.72,61.236
Rico Altamirano,,,http://ufcstats.com/fighter-details/c61b49cec6abd6b9,177.8,,77.112
Victor Altamirano,Switch,1991-01-23,http://ufcstats.com/fighter-details/dc7927cd622676a7,172.72,177.8,56.7
Mike Altman,Orthodox,,http://ufcstats.com/fighter-details/c11036da9162cb5f,177.8,,83.916
Patricia Alujas,Orthodox,1996-05-08,http://ufcstats.com/fighter-details/430c533614d45813,162.56,162.56,52.164
Sean Alvarez,Orthodox,1971-07-14,http://ufcstats.com/fighter-details/e741536153227386,182.88,,106.596
Eddie Alvarez,Orthodox,1984-01-11,http://ufcstats.com/fighter-details/33a331684283900f,175.26,175.26,70.308
Jaime Alvarez,Orthodox,1988-03-08,http://ufcstats.com/fighter-details/4438482bd1d5a029,172.72,175.26,56.7
Joel Alvarez,Orthodox,1993-03-02,http://ufcstats.com/fighter-details/58bbef3770bb2dfc,190.5,195.58,70.308
Thiago Alves,Orthodox,1983-10-03,http://ufcstats.com/fighter-details/31ee470ef5dc8d7f,175.26,177.8,77.112
Anthony Alves,,,http://ufcstats.com/fighter-details/bd92cf5da5413d2a,,,
Amilcar Alves,Southpaw,1988-08-08,http://ufcstats.com/fighter-details/dc5a6b2fdb27e7dc,182.88,,77.112
Warlley Alves,Orthodox,1991-01-04,http://ufcstats.com/fighter-details/d317a5e2b3f88c5f,180.34,182.88,83.916
Rafael Alves,Orthodox,1990-11-14,http://ufcstats.com/fighter-details/029afd138865d20a,172.72,172.72,70.308
Sam Alvey,Southpaw,1986-05-06,http://ufcstats.com/fighter-details/d156513a19acf856,187.96,190.5,83.916
Christopher Alvidrez,Orthodox,1996-12-27,http://ufcstats.com/fighter-details/f4abf9aeda861283,182.88,187.96,77.112
Mahamed Aly,Orthodox,1994-01-11,http://ufcstats.com/fighter-details/86c1441676af2c73,187.96,198.12,92.988
Andre Amado,Orthodox,,http://ufcstats.com/fighter-details/20821819c401ced8,182.88,,69.8544
Adlan Amagov,Orthodox,1986-10-30,http://ufcstats.com/fighter-details/1e327b281ef6a745,187.96,193.04,77.112
Maiara Amanajas dos Santos,Southpaw,1987-07-11,http://ufcstats.com/fighter-details/247fbbfafea60bb1,165.1,,52.164
Chris Amarante,,,http://ufcstats.com/fighter-details/ee0b69e307c857e5,,,83.916
Jimmy Ambriz,Southpaw,1970-01-26,http://ufcstats.com/fighter-details/c912f676692c353a,187.96,,142.88400000000001
JJ Ambrose,Orthodox,,http://ufcstats.com/fighter-details/d562b12b8fe88336,177.8,,77.112
Alen Amedovski,Orthodox,1988-04-06,http://ufcstats.com/fighter-details/70fa1c64a2c439ef,177.8,187.96,83.916
Hyder Amil,Switch,1990-05-28,http://ufcstats.com/fighter-details/41cc71cbf210e0fe,175.26,177.8,65.772
Hamid Amiri,,2003-06-15,http://ufcstats.com/fighter-details/6c40705cf6c0d7e2,,,65.772
Makwan Amirkhani,Southpaw,1988-11-08,http://ufcstats.com/fighter-details/87a1dc546b1c5caf,177.8,182.88,65.772
Jaqueline Amorim,Orthodox,1995-06-24,http://ufcstats.com/fighter-details/bc7d1ad49fcb2d08,160.02,172.72,52.164
Bertrand Amoussou,Orthodox,,http://ufcstats.com/fighter-details/53adf5b845d91e4a,172.72,,86.184
Karl Amoussou,Orthodox,1985-11-21,http://ufcstats.com/fighter-details/23a8c33869bf5392,180.34,,83.916
Eryk Anders,Southpaw,1987-04-21,http://ufcstats.com/fighter-details/cad24459b28592ca,185.42000000000002,190.5,83.916
Matt Andersen,Southpaw,1971-05-29,http://ufcstats.com/fighter-details/8738eacd62e82a32,187.96,,104.328
Andy Anderson,,1974-07-16,http://ufcstats.com/fighter-details/9199e0735b83dd32,167.64000000000001,,108.864
Lowell Anderson,Orthodox,,http://ufcstats.com/fighter-details/1ffc38f67785797b,167.64000000000001,,72.576
Corey Anderson,Orthodox,1989-09-22,http://ufcstats.com/fighter-details/5e4eec08896c9423,190.5,200.66,92.988
Derek Anderson,,1990-02-02,http://ufcstats.com/fighter-details/19ba965651486013,182.88,,70.308
Megan Anderson,Orthodox,1990-02-11,http://ufcstats.com/fighter-details/a0e75f4a13eb73f1,182.88,182.88,65.772
Liam Anderson,Orthodox,1995-01-13,http://ufcstats.com/fighter-details/b03a0c78ca45facf,190.5,190.5,83.916
Tatsuya Ando,Southpaw,1990-04-26,http://ufcstats.com/fighter-details/17615148dd4be6f6,162.56,172.72,65.772
Alex Andrade,Orthodox,1974-05-14,http://ufcstats.com/fighter-details/1562b12763cc8d67,180.34,,90.72
Jessica Andrade,Orthodox,1991-09-25,http://ufcstats.com/fighter-details/6a1901c62ab3870f,154.94,157.48,52.164
Viscardi Andrade,Orthodox,1984-03-08,http://ufcstats.com/fighter-details/d221ee27afc7a60e,180.34,190.5,77.112
Jermaine Andre,Orthodox,,http://ufcstats.com/fighter-details/9bad58fa651d6196,170.18,,90.72
Fellipe Andrew,,1994-10-24,http://ufcstats.com/fighter-details/7977fb0fd9c5955d,,,
Dylan Andrews,Switch,1979-11-15,http://ufcstats.com/fighter-details/00debc804e2b1cd4,185.42000000000002,187.96,83.916
Reese Andy,Orthodox,1973-03-31,http://ufcstats.com/fighter-details/46e2ca71fd5089cb,182.88,,92.988
Angga,Orthodox,1989-01-13,http://ufcstats.com/fighter-details/d6a3e131ad4ba064,170.18,172.72,65.772
Julius Anglickas,Orthodox,1991-07-23,http://ufcstats.com/fighter-details/e20ad078a7d63361,190.5,,92.988
Collin Anglin,Orthodox,1993-02-20,http://ufcstats.com/fighter-details/047a91d3d9c79b05,175.26,180.34,65.772
Chad Anheliger,Orthodox,1986-12-01,http://ufcstats.com/fighter-details/c7c39e2fb70248b3,167.64000000000001,162.56,61.236
Yoji Anjo,Orthodox,1967-03-28,http://ufcstats.com/fighter-details/e06fd1260ac865a7,180.34,,92.988
Magomed Ankalaev,Orthodox,1992-06-02,http://ufcstats.com/fighter-details/d802174b0c0c1f4e,190.5,190.5,92.988
Gadzhimurad Antigulov,Orthodox,1987-02-09,http://ufcstats.com/fighter-details/af997f7611673880,180.34,177.8,92.988
Adam Antolin,Orthodox,1982-02-28,http://ufcstats.com/fighter-details/25b31165758402dd,165.1,160.02,56.7
Angelo Antonio,Orthodox,,http://ufcstats.com/fighter-details/dbd198f780286aca,,,92.988
Vanilto Antunes,Orthodox,1994-12-28,http://ufcstats.com/fighter-details/cc49ada1ea955b13,182.88,182.88,77.112
Azunna Anyanwu,Orthodox,1981-08-05,http://ufcstats.com/fighter-details/78d48d3874dacafd,185.42000000000002,,113.8536
Shinsho Anzai,Orthodox,1985-12-01,http://ufcstats.com/fighter-details/4665f9f909cd7214,170.18,177.8,77.112
Jin Aoi,Orthodox,1997-01-21,http://ufcstats.com/fighter-details/031da10a00c8ccd4,167.64000000000001,172.72,65.772
Shinya Aoki,Southpaw,1983-05-09,http://ufcstats.com/fighter-details/79ded75550efc139,180.34,,69.8544
Aoriqileng,Orthodox,1993-06-25,http://ufcstats.com/fighter-details/7d420039bbfe7c1a,170.18,175.26,61.236
Josh Appelt,Southpaw,1983-06-19,http://ufcstats.com/fighter-details/0c1a04afca64e38f,177.8,,115.668
Erik Apple,Orthodox,1977-08-26,http://ufcstats.com/fighter-details/1ccff7f0cfdf85eb,182.88,,77.112
Kenji Arai,Southpaw,1979-10-05,http://ufcstats.com/fighter-details/269d103c96a4c3a5,177.8,,65.772
Romie Aram,Orthodox,1977-12-02,http://ufcstats.com/fighter-details/73ef22f25d0f70e2,177.8,,77.112
Felipe Arantes,Orthodox,1988-02-09,http://ufcstats.com/fighter-details/71002dbc1743b9a7,172.72,185.42000000000002,61.236
Igor Araujo,Orthodox,1980-12-06,http://ufcstats.com/fighter-details/dbea8c1cb327ab3d,185.42000000000002,195.58,77.112
Viviane Araujo,Orthodox,1986-11-21,http://ufcstats.com/fighter-details/36541f1e6c5d4955,162.56,172.72,56.7
Julio Arce,Southpaw,1989-10-27,http://ufcstats.com/fighter-details/1291edf2d566a71a,170.18,177.8,65.772
Art Arciniega,,1981-10-15,http://ufcstats.com/fighter-details/d25e39e74efb0a77,172.72,,65.772
Alice Ardelean,Orthodox,1992-04-19,http://ufcstats.com/fighter-details/87f8699fdcc2c404,160.02,157.48,52.164
Tristan Arenal,,,http://ufcstats.com/fighter-details/9c9455912d917e4e,,,70.308
Gabriel Arges,,1993-01-29,http://ufcstats.com/fighter-details/db3c4a884d704efe,,,77.112
Dan Argueta,Southpaw,1993-08-13,http://ufcstats.com/fighter-details/e4ba58725825412d,170.18,172.72,61.236
Reza Arianto,,,http://ufcstats.com/fighter-details/90063913321e7670,,,70.308
Hashem Arkhagha,Orthodox,1989-09-11,http://ufcstats.com/fighter-details/9a7ffa80766caa51,187.96,190.5,83.916
Andrei Arlovski,Orthodox,1979-02-04,http://ufcstats.com/fighter-details/3738e68d2261e60f,190.5,195.58,108.864
Garrett Armfield,Orthodox,1996-10-09,http://ufcstats.com/fighter-details/1effd880e1f1bb30,167.64000000000001,177.8,61.236
Joey Armstrong,,,http://ufcstats.com/fighter-details/30ad2050273d016a,,,
Austin Arnett,Orthodox,1991-10-22,http://ufcstats.com/fighter-details/bf0e700106d00e55,182.88,182.88,65.772
Ricardo Arona,Orthodox,1978-07-17,http://ufcstats.com/fighter-details/05fbfe628658c538,180.34,,92.988
Eli Aronov,Orthodox,1996-06-06,http://ufcstats.com/fighter-details/a90c200c3fbb22c4,177.8,182.88,83.916
Chalid Arrab,Orthodox,1975-05-28,http://ufcstats.com/fighter-details/770b9d4813c25902,180.34,,92.988
Akbarh Arreola,Southpaw,1983-01-14,http://ufcstats.com/fighter-details/c136b2a8852da5bd,177.8,180.34,70.308
Matt Arroyo,Orthodox,1982-09-01,http://ufcstats.com/fighter-details/de62052b2ede65ba,177.8,182.88,77.112
Antonio Arroyo,Orthodox,1989-07-01,http://ufcstats.com/fighter-details/61fb8098ccf81c7f,190.5,185.42000000000002,83.916
Gilles Arsene,Southpaw,,http://ufcstats.com/fighter-details/2dea80c069847321,175.26,,86.184
Veta Arteaga,,,http://ufcstats.com/fighter-details/91e3388e69060e69,170.18,,56.7
Cesar Arzamendia,Orthodox,1991-01-31,http://ufcstats.com/fighter-details/49f78022126bf4a4,180.34,,70.308
Kai Asakura,Orthodox,1993-10-31,http://ufcstats.com/fighter-details/d33da8a3d82bdb62,172.72,175.26,56.7
Teddy Ash,Switch,1989-12-27,http://ufcstats.com/fighter-details/a373085066dbfb54,185.42000000000002,185.42000000000002,83.916
Arman Ashimov,,1992-01-14,http://ufcstats.com/fighter-details/d26a0988c9dc9886,167.64000000000001,,56.7
Yanal Ashmouz,Orthodox,1995-03-31,http://ufcstats.com/fighter-details/c739c2995a275314,175.26,175.26,70.308
Asjabharan,,1992-07-31,http://ufcstats.com/fighter-details/8be9deb7d6b36354,167.64000000000001,,61.236
Askar Askar,Orthodox,1994-08-19,http://ufcstats.com/fighter-details/2abc414136504554,170.18,175.26,65.772
Askar Askarov,Orthodox,1992-10-09,http://ufcstats.com/fighter-details/b1d19449397541dc,167.64000000000001,170.18,56.7
Cyril Asker,Orthodox,1985-12-24,http://ufcstats.com/fighter-details/9be6020024133293,182.88,187.96,112.0392
Khusein Askhabov,Orthodox,1995-02-13,http://ufcstats.com/fighter-details/5c10da56d712ac9c,172.72,175.26,65.772
Scott Askham,Southpaw,1988-05-20,http://ufcstats.com/fighter-details/06827d70c53ff0d9,190.5,190.5,83.916
Ben Askren,Orthodox,1984-07-18,http://ufcstats.com/fighter-details/0b31f87be71ebbb1,180.34,185.42000000000002,77.112
Ibo Aslan,Orthodox,1996-04-23,http://ufcstats.com/fighter-details/6e8f1bcdda94ff45,190.5,195.58,92.988
Tom Aspinall,Orthodox,1993-04-11,http://ufcstats.com/fighter-details/399afbabc02376b5,195.58,198.12,116.1216
Steven Asplund,Orthodox,1998-07-16,http://ufcstats.com/fighter-details/e56cee1ad697db04,195.58,198.12,118.3896
Bruno Assis,Orthodox,1992-05-23,http://ufcstats.com/fighter-details/ff222167cce02919,187.96,,83.916
Junior Assuncao,Orthodox,1981-06-24,http://ufcstats.com/fighter-details/d0d7160824278840,175.26,182.88,65.772
Raphael Assuncao,Orthodox,1982-07-19,http://ufcstats.com/fighter-details/2f13e4020cea5b38,165.1,167.64000000000001,61.236
Michael Aswell,Orthodox,2000-09-27,http://ufcstats.com/fighter-details/01c9e4013afce141,172.72,175.26,65.772
Bazigit Atajev,Orthodox,,http://ufcstats.com/fighter-details/fd7acf42bd6e7e95,185.42000000000002,,104.328
Rich Attonito,Orthodox,1977-06-16,http://ufcstats.com/fighter-details/210935fd21670f6d,177.8,182.88,77.112
Olivier Aubin-Mercier,Southpaw,1989-02-23,http://ufcstats.com/fighter-details/55ee431411ccf07a,175.26,177.8,70.308
Pat Audinwood,Orthodox,1986-04-16,http://ufcstats.com/fighter-details/196ed28337adc630,182.88,,70.308
Jose Augusto,,1992-03-28,http://ufcstats.com/fighter-details/4d3b08ab127c7585,190.5,,113.8536
Marcus Aurelio,Orthodox,1973-08-18,http://ufcstats.com/fighter-details/04643fd03d9159cc,177.8,187.96,70.308
David Avellan,Orthodox,,http://ufcstats.com/fighter-details/956dcac65e7b34d6,175.26,,83.916
Blas Avena,Orthodox,1983-06-30,http://ufcstats.com/fighter-details/8753e125f4499816,182.88,187.96,77.112
Levi Avera,,1982-05-17,http://ufcstats.com/fighter-details/ba5c6eeb8ef45f5c,185.42000000000002,,77.112
Anthony Avila,,1988-12-29,http://ufcstats.com/fighter-details/033d19259f589457,170.18,,65.772
Chris Avila,Orthodox,1993-01-16,http://ufcstats.com/fighter-details/4665cbf36b08193b,177.8,,65.772
Julia Avila,Orthodox,1988-05-11,http://ufcstats.com/fighter-details/86d9dbe1bfcbade7,170.18,172.72,61.236
Saad Awad,,1983-06-07,http://ufcstats.com/fighter-details/da603332ad41f165,180.34,,70.308
Javy Ayala,,1988-08-20,http://ufcstats.com/fighter-details/26387c19f32dda0f,185.42000000000002,,120.20400000000001
Jessin Ayari,Orthodox,1992-05-31,http://ufcstats.com/fighter-details/6eaec40f724852f4,182.88,185.42000000000002,70.308
Abu Azaitar,Orthodox,1986-03-10,http://ufcstats.com/fighter-details/46d0a888d87d91ac,175.26,193.04,83.916
Ottman Azaitar,Switch,1990-02-20,http://ufcstats.com/fighter-details/ee18ff42063174df,172.72,180.34,70.308
Luiz Azeredo,Orthodox,1976-06-10,http://ufcstats.com/fighter-details/063649e21bc9d6d5,175.26,,69.8544
Luciano Azevedo,Orthodox,1981-06-25,http://ufcstats.com/fighter-details/9bcfb40dbcd50568,190.5,,73.0296
Hunter Azure,Orthodox,1992-03-02,http://ufcstats.com/fighter-details/2af2f2e26c4c0402,172.72,175.26,65.772
Niklas Backstrom,Orthodox,1989-08-22,http://ufcstats.com/fighter-details/39cc64bf0a269db9,185.42000000000002,,65.772
Seth Baczynski,Orthodox,1981-10-26,http://ufcstats.com/fighter-details/fd5b6598a3b70c0a,190.5,190.5,77.112
Abdul Azeem Badakhshi,,,http://ufcstats.com/fighter-details/968764372c49eab6,,,65.772
Ryan Bader,Orthodox,1983-06-07,http://ufcstats.com/fighter-details/c0ab242c40decc55,187.96,187.96,92.988
Izabela Badurek,Orthodox,1991-07-11,http://ufcstats.com/fighter-details/4fcf6e0c4e0e6664,165.1,,52.164
Miguel Baeza,Orthodox,1992-08-23,http://ufcstats.com/fighter-details/82d4c957649faf9b,187.96,187.96,77.112
Ali Bagautinov,Orthodox,1985-06-10,http://ufcstats.com/fighter-details/3dd92ff9fb0412b3,162.56,165.1,56.7
Mehdi Baghdad,Orthodox,1985-04-13,http://ufcstats.com/fighter-details/e4d2564ea0e34e2b,185.42000000000002,,70.308
Melsik Baghdasaryan,Southpaw,1992-01-28,http://ufcstats.com/fighter-details/a52bc1e62cf0b7c6,175.26,177.8,65.772
Siyar Bahadurzada,Orthodox,1984-04-17,http://ufcstats.com/fighter-details/aec185309b4843d0,180.34,185.42000000000002,77.112
Ignacio Bahamondes,Orthodox,1997-08-27,http://ufcstats.com/fighter-details/e4a47b07044ddd72,190.5,190.5,70.308
Bahatebole Batebolati,Southpaw,1997-09-12,http://ufcstats.com/fighter-details/8f313e9c3a39c06e,172.72,180.34,77.112
Shamar Bailey,Southpaw,1982-09-22,http://ufcstats.com/fighter-details/e2b8186b618b00c4,175.26,190.5,70.308
Jordan Bailey,,,http://ufcstats.com/fighter-details/34dbcd4dbaf21a36,175.26,,65.772
Scott Baker,,,http://ufcstats.com/fighter-details/7d5b12de1625984e,182.88,,95.256
Bryan Baker,Orthodox,1985-10-13,http://ufcstats.com/fighter-details/898337ef520fe4d3,190.5,,83.916
Jin Bala,,,http://ufcstats.com/fighter-details/371efa53bd0cf669,175.26,,70.308
Balajin,Orthodox,1992-03-31,http://ufcstats.com/fighter-details/e626e92a8f2a9737,175.26,182.88,65.772
Oluwale Bamgbose,Switch,1987-08-04,http://ufcstats.com/fighter-details/04b39f4e8eb59d7c,180.34,198.12,83.916
Stephen Banaszak,,1990-12-07,http://ufcstats.com/fighter-details/4c4b44e3cf5815b3,182.88,,65.772
Marcin Bandel,Orthodox,1989-10-10,http://ufcstats.com/fighter-details/5c2ce761399dc9c5,177.8,,70.308
Humberto Bandenay,Southpaw,1994-09-04,http://ufcstats.com/fighter-details/2c2caf2f2bab9df5,180.34,180.34,65.772
Tae Hyun Bang,Switch,1983-04-15,http://ufcstats.com/fighter-details/9a2d3567abc02e34,175.26,180.34,70.308
Yohan Banks,,,http://ufcstats.com/fighter-details/c50ea21fe9ef478d,,,
Shauna Bannon,Switch,1993-10-23,http://ufcstats.com/fighter-details/9c442aaf149ea982,165.1,165.1,52.164
Antonio Banuelos,Orthodox,1979-09-23,http://ufcstats.com/fighter-details/9ddfb3369a3b0394,165.1,160.02,61.236
Iwo Baraniewski,Orthodox,1998-11-20,http://ufcstats.com/fighter-details/1c23ec2f1b71be40,182.88,185.42000000000002,92.988
Renan Barao,Orthodox,1987-01-31,http://ufcstats.com/fighter-details/2c99576fefe53c7c,167.64000000000001,177.8,65.772
Junior Barata,Orthodox,1982-01-25,http://ufcstats.com/fighter-details/06dced58ca24a6bd,177.8,,77.112
Maycee Barber,Switch,1998-05-18,http://ufcstats.com/fighter-details/6a740daf1b279661,165.1,165.1,56.7
Bryan Barberena,Southpaw,1989-05-03,http://ufcstats.com/fighter-details/a331233f597090a5,182.88,182.88,83.916
Djani Barbir,Orthodox,1997-08-09,http://ufcstats.com/fighter-details/d4baaa0630bf5798,190.5,200.66,83.916
Dione Barbosa,Orthodox,1992-05-08,http://ufcstats.com/fighter-details/27b388f0aab49780,167.64000000000001,167.64000000000001,56.7
Marcio Barbosa,Orthodox,1998-05-22,http://ufcstats.com/fighter-details/c85bad793cd14e28,167.64000000000001,177.8,65.772
Edson Barboza,Orthodox,1986-01-21,http://ufcstats.com/fighter-details/64a50dad704d1d49,180.34,190.5,70.308
Raoni Barcelos,Orthodox,1987-05-01,http://ufcstats.com/fighter-details/b9f28e7045fdfce7,170.18,170.18,61.236
Daniel Barez,Orthodox,1988-12-10,http://ufcstats.com/fighter-details/e8fe9c15d348e778,167.64000000000001,167.64000000000001,56.7
Danny Barlow,Southpaw,1995-08-02,http://ufcstats.com/fighter-details/b7c5eb7cdbac6a63,187.96,200.66,83.916
Luke Barnatt,Orthodox,1988-04-13,http://ufcstats.com/fighter-details/172c2135e70f87b7,198.12,195.58,83.916
James Barnes,Orthodox,1982-05-28,http://ufcstats.com/fighter-details/c06a5c95f1169c0b,172.72,180.34,61.236
Nick Barnes,,,http://ufcstats.com/fighter-details/78a5eea49638685d,180.34,,77.112
Shonte Barnes,Southpaw,1987-02-09,http://ufcstats.com/fighter-details/e575b6ff678c1aca,180.34,193.04,83.916
Josh Barnett,Orthodox,1977-11-10,http://ufcstats.com/fighter-details/ad3f53c454cbbead,190.5,198.12,113.4
Chris Barnett,Orthodox,1986-06-14,http://ufcstats.com/fighter-details/7a5e8c94a86f9895,175.26,190.5,120.20400000000001
Chris Barnhizer,,,http://ufcstats.com/fighter-details/91e69a1c3c87325b,,,
David Baron,Switch,1973-02-15,http://ufcstats.com/fighter-details/80c0bed43da0e27b,167.64000000000001,,70.308
Phil Baroni,Orthodox,1976-04-16,http://ufcstats.com/fighter-details/1652f3213655b935,175.26,182.88,77.112
Dan Barrera,Orthodox,1980-12-23,http://ufcstats.com/fighter-details/f12f979b657ab876,175.26,,77.112
Carlos Barreto,Orthodox,,http://ufcstats.com/fighter-details/a220be6d41d6f97d,193.04,,104.328
Jose Barreto,Southpaw,,http://ufcstats.com/fighter-details/c32eab6c2119e989,,,83.916
Peter Barrett,Southpaw,1986-08-10,http://ufcstats.com/fighter-details/d21113c9ff3788ae,177.8,185.42000000000002,65.772
Marc-Andre Barriault,Orthodox,1990-02-18,http://ufcstats.com/fighter-details/8e9eb3fc86db0f7d,185.42000000000002,187.96,83.916
David Barrios,,,http://ufcstats.com/fighter-details/e6015889f50075d2,167.64000000000001,,65.772
Alexandre Barros,Southpaw,1976-11-19,http://ufcstats.com/fighter-details/8fd1f27e86661ede,175.26,,77.112
Ricardo Barros,,1976-03-22,http://ufcstats.com/fighter-details/d26394fc0e8e880a,185.42000000000002,,92.988
Francimar Barroso,Orthodox,1980-02-28,http://ufcstats.com/fighter-details/b69f24c500d783e7,185.42000000000002,190.5,92.988
Pat Barry,Orthodox,1979-07-07,http://ufcstats.com/fighter-details/658c3465581ae46b,180.34,187.96,106.596
Dean Barry,Orthodox,1992-07-03,http://ufcstats.com/fighter-details/a6f3d15cb84334bb,177.8,182.88,77.112
Enrique Barzola,Orthodox,1989-04-28,http://ufcstats.com/fighter-details/be0b310a12eb80b4,170.18,177.8,65.772
Javid Basharat,Orthodox,1995-09-07,http://ufcstats.com/fighter-details/bbab3baf66128ae2,175.26,175.26,61.236
Farid Basharat,Orthodox,1997-08-02,http://ufcstats.com/fighter-details/a09ed60aa67a3f67,172.72,180.34,61.236
Austin Bashi,Orthodox,2001-09-29,http://ufcstats.com/fighter-details/d3f89fa685bd8420,167.64000000000001,177.8,65.772
Stephen Bass,Orthodox,1982-11-14,http://ufcstats.com/fighter-details/1cecc8fe6748a532,175.26,,65.772
Sean Bassett,,,http://ufcstats.com/fighter-details/2c733e059462c1dc,,,70.308
Ryan Bastianelli,,,http://ufcstats.com/fighter-details/29508aff4d93cbbe,165.1,,61.236
Shayna Baszler,Orthodox,1980-08-08,http://ufcstats.com/fighter-details/8ef4a91ac694b7ce,170.18,,61.236
Namsrai Batbayar,Orthodox,2000-12-29,http://ufcstats.com/fighter-details/e1f8beeb6d2d871a,162.56,172.72,56.7
Michel Batista,Orthodox,1984-04-20,http://ufcstats.com/fighter-details/34218661c44ed55d,190.5,,117.936
Bryan Battle,Orthodox,1994-09-21,http://ufcstats.com/fighter-details/f626118b6da0e020,185.42000000000002,195.58,83.916
Alan Baudot,Orthodox,1988-02-01,http://ufcstats.com/fighter-details/c9a94278df042f46,190.5,200.66,110.2248
Mario Bautista,Switch,1993-07-01,http://ufcstats.com/fighter-details/bc711b6dd95c1af6,175.26,175.26,61.236
Chris Beal,Orthodox,1985-08-06,http://ufcstats.com/fighter-details/55f446032177b119,170.18,175.26,56.7
Donovan Beard,Orthodox,1989-11-05,http://ufcstats.com/fighter-details/3a6ac598320ca7f2,187.96,198.12,83.916
Rudy Bears,Southpaw,,http://ufcstats.com/fighter-details/74f13066b1417ef3,180.34,,77.112
Salvador Becerra,,,http://ufcstats.com/fighter-details/4fd76e7ba8313457,175.26,,70.308
Ariel Beck,Southpaw,1990-09-16,http://ufcstats.com/fighter-details/b96939f2b8d88e82,167.64000000000001,167.64000000000001,56.7
Jack Becker,Orthodox,1992-12-20,http://ufcstats.com/fighter-details/b5a379583673510a,177.8,180.34,70.308
Jeff Bedard,Orthodox,1970-02-06,http://ufcstats.com/fighter-details/93bf96be327fcd98,167.64000000000001,,65.772
Eric Bedard,,1984-09-11,http://ufcstats.com/fighter-details/ce05955c26c3c090,187.96,,108.4104
Johnny Bedford,Orthodox,1983-01-06,http://ufcstats.com/fighter-details/ffc3e6daaa6da0b7,177.8,180.34,61.236
Rolando Bedoya,Orthodox,1997-01-13,http://ufcstats.com/fighter-details/40a456a25d52ee65,180.34,187.96,70.308
Chase Beebe,Orthodox,1985-03-29,http://ufcstats.com/fighter-details/b16a7e6a627e9789,170.18,170.18,61.236
Lyle Beerbohm,Southpaw,1979-02-05,http://ufcstats.com/fighter-details/babc6b5745335f18,177.8,,70.308
Allan Begosso,Orthodox,1995-11-23,http://ufcstats.com/fighter-details/d6ed764f8b78d32a,165.1,167.64000000000001,61.236
Azamat Bekoev,Orthodox,1995-12-30,http://ufcstats.com/fighter-details/3bc3f60b21cddc6a,182.88,182.88,83.916
Mirsad Bektic,Orthodox,1991-02-16,http://ufcstats.com/fighter-details/cbd3e590a85b18c5,172.72,177.8,65.772
Diana Belbita,Orthodox,1996-06-26,http://ufcstats.com/fighter-details/d7e40dca3ae125be,170.18,172.72,56.7
Alan Belcher,Orthodox,1984-04-24,http://ufcstats.com/fighter-details/4130a743d9d22163,187.96,190.5,83.916
Vitor Belfort,Southpaw,1977-04-01,http://ufcstats.com/fighter-details/0ee783aa00e468f0,182.88,187.96,83.916
Yousri Belgaroui,Orthodox,1992-06-02,http://ufcstats.com/fighter-details/7674b836ce0698a0,195.58,200.66,83.916
Rodolfo Bellato,Orthodox,1996-02-05,http://ufcstats.com/fighter-details/69898645d600abdb,190.5,190.5,92.988
Danilo Belluardo,Southpaw,1994-07-21,http://ufcstats.com/fighter-details/c3f6db17cea09ca7,182.88,187.96,70.308
Joey Beltran,Orthodox,1981-12-08,http://ufcstats.com/fighter-details/46baf0f57edfa4df,185.42000000000002,190.5,83.916
Marco Beltran,Orthodox,1986-05-18,http://ufcstats.com/fighter-details/ec71a892fada28c7,172.72,175.26,56.7
Joseph Benavidez,Southpaw,1984-07-31,http://ufcstats.com/fighter-details/80eacd4da0617c57,162.56,165.1,56.7
Mike Bencic,Orthodox,,http://ufcstats.com/fighter-details/a71feb7ea7592a71,182.88,,97.524
Dave Beneteau,Orthodox,,http://ufcstats.com/fighter-details/9fd1f08dd4aec14a,187.96,,113.4
Karla Benitez,,,http://ufcstats.com/fighter-details/6104730621ff318d,160.02,,51.2568
Gabriel Benitez,Southpaw,1988-06-15,http://ufcstats.com/fighter-details/436f970c9ea9169c,172.72,180.34,70.308
Charles Bennett,Orthodox,1979-11-23,http://ufcstats.com/fighter-details/8dc4f34c1f50d00d,172.72,,70.308
Josh Bennett,Orthodox,,http://ufcstats.com/fighter-details/c3ac8d0da7b05772,193.04,,117.4824
DeAnna Bennett,Orthodox,1984-11-18,http://ufcstats.com/fighter-details/404ecb2700844072,162.56,172.72,56.7
Benjamin Bennett,Switch,1994-05-08,http://ufcstats.com/fighter-details/7030c27fc9778964,182.88,185.42000000000002,77.112
Lance Benoist,Southpaw,1988-08-26,http://ufcstats.com/fighter-details/5431dccc09118234,180.34,182.88,77.112
Joe Benoit,Orthodox,1982-03-12,http://ufcstats.com/fighter-details/a30f6d375dea5f9b,175.26,,77.112
Ryan Benoit,Orthodox,1989-08-25,http://ufcstats.com/fighter-details/20999e27ddd94bda,165.1,172.72,56.7
Pat Benson,,,http://ufcstats.com/fighter-details/a25f3dc0df974597,175.26,,70.308
Len Bentley,,1982-11-30,http://ufcstats.com/fighter-details/592d23aed850e652,175.26,,70.308
Steve Berger,Orthodox,1973-05-20,http://ufcstats.com/fighter-details/21b1132949f2a9b0,180.34,,77.112
Kenneth Bergh,Orthodox,1989-06-26,http://ufcstats.com/fighter-details/aa8189053b3a8994,187.96,187.96,92.988
Bret Bergmark,,1973-11-24,http://ufcstats.com/fighter-details/2891c9f7b26b26fc,175.26,,77.112
Keith Berish,Orthodox,1985-11-14,http://ufcstats.com/fighter-details/e3779ef06e98f185,182.88,,92.988
Dennis Bermudez,Orthodox,1986-12-13,http://ufcstats.com/fighter-details/6f242453c91a5af0,167.64000000000001,167.64000000000001,70.308
Manny Bermudez,Orthodox,1994-07-16,http://ufcstats.com/fighter-details/2dc1bc1a02961656,177.8,180.34,65.772
Talita Bernardo,Orthodox,1987-03-04,http://ufcstats.com/fighter-details/5b2325cd70dbe2ea,162.56,172.72,61.236
Dave Berry,,,http://ufcstats.com/fighter-details/b3bbe88fecd6a0d2,,,
Keith Berry,,1987-10-25,http://ufcstats.com/fighter-details/0b935b9bbbe5fc07,185.42000000000002,,83.916
Dieusel Berto,,,http://ufcstats.com/fighter-details/0db70ca89e1c7374,175.26,,90.72
Edson Berto,Orthodox,1983-07-05,http://ufcstats.com/fighter-details/66766984842c13dc,167.64000000000001,,70.308
Allen Berube,Orthodox,1974-08-25,http://ufcstats.com/fighter-details/aebfb84d1f6d2d8c,172.72,,70.308
Anton Berzin,Orthodox,1989-09-29,http://ufcstats.com/fighter-details/8ba8e8d7eafa7267,187.96,,92.988
Scott Bessac,,,http://ufcstats.com/fighter-details/3f24c96753dbd9f9,193.04,,111.132
Matt Bessette,Orthodox,1984-12-28,http://ufcstats.com/fighter-details/0b8d512c79b4baf3,177.8,177.8,65.772
Khadzhi Bestaev,,1988-07-16,http://ufcstats.com/fighter-details/e05f4ce199baca91,198.12,193.04,83.916
Fernando Bettega,,1980-03-10,http://ufcstats.com/fighter-details/a524710c3ef918fa,,,77.112
Arjan Bhullar,Orthodox,1986-05-13,http://ufcstats.com/fighter-details/7e511f8d842a109d,185.42000000000002,190.5,111.132
KB Bhullar,Switch,1991-10-12,http://ufcstats.com/fighter-details/9cd047a828dd7515,193.04,198.12,83.916
Bibulatov Magomed,Orthodox,1988-08-22,http://ufcstats.com/fighter-details/87f19d19f4cb73f8,165.1,165.1,56.7
David Bielkheden,Orthodox,1979-06-06,http://ufcstats.com/fighter-details/1efa064872f089d0,177.8,180.34,70.308
Blake Bilder,Switch,1990-07-12,http://ufcstats.com/fighter-details/5095b0920a3602aa,172.72,172.72,65.772
Jonas Bilharinho,Switch,1990-05-22,http://ufcstats.com/fighter-details/ebbf571f349e79d9,180.34,190.5,65.772
Jeremiah Billington,Orthodox,1977-11-14,http://ufcstats.com/fighter-details/b3b6e80b7d5f8f0d,175.26,,92.988
Scott Bills,,,http://ufcstats.com/fighter-details/53f02bbc41d99432,177.8,,77.112
Anthony Birchak,Orthodox,1986-05-16,http://ufcstats.com/fighter-details/c5a126ace82a6025,172.72,175.26,61.236
Chris Birchler,Switch,1987-06-05,http://ufcstats.com/fighter-details/8a22c6b4d29880a3,190.5,,92.988
Angad Bisht,Orthodox,1995-06-05,http://ufcstats.com/fighter-details/7b4ae3fd439a05b6,170.18,170.18,56.7
Michael Bisping,Orthodox,1979-02-28,http://ufcstats.com/fighter-details/2b93ebd9f5417ad2,185.42000000000002,190.5,83.916
Amaury Bitetti,Orthodox,,http://ufcstats.com/fighter-details/7a359ef685a304a7,175.26,,83.916
Caio Bittencourt,Orthodox,1991-05-22,http://ufcstats.com/fighter-details/a653cb5eb4b39339,182.88,190.5,83.916
Davi Bittencourt,Orthodox,1994-10-12,http://ufcstats.com/fighter-details/dd6ec6f941c3a414,165.1,165.1,61.236
Simon Biyong,,1991-04-05,http://ufcstats.com/fighter-details/27ab7257bf6a3b65,,,92.988
Jan Blachowicz,Orthodox,1983-02-24,http://ufcstats.com/fighter-details/99df7d0a2a08a8a8,187.96,198.12,92.988
Jason Black,Orthodox,1972-07-15,http://ufcstats.com/fighter-details/b2f743746e8dcfa2,172.72,,70.308
Brad Blackburn,Orthodox,1977-05-25,http://ufcstats.com/fighter-details/7e69a4b0961aa555,177.8,185.42000000000002,77.112
Jason Blackford,,,http://ufcstats.com/fighter-details/619d807fa54ae8f7,,,
Tom Blackledge,Orthodox,,http://ufcstats.com/fighter-details/2adb11835acd815b,,,92.988
Sherrard Blackledge,Orthodox,1993-08-16,http://ufcstats.com/fighter-details/0e5c79b3594ff0ad,180.34,190.5,70.308
Da'Mon Blackshear,Switch,1994-08-12,http://ufcstats.com/fighter-details/da22387a0407a2dc,177.8,182.88,61.236
Chasen Blair,Orthodox,1998-10-14,http://ufcstats.com/fighter-details/0f4a536507f33576,177.8,180.34,70.308
Erin Blanchfield,Orthodox,1999-05-04,http://ufcstats.com/fighter-details/669970f7feba8ecd,162.56,167.64000000000001,56.7
Maximo Blanco,Orthodox,1983-10-16,http://ufcstats.com/fighter-details/4a1329cc8eb0928a,172.72,180.34,65.772
David Blanco,,,http://ufcstats.com/fighter-details/ebf298f8ac7e232b,170.18,,65.772
Curtis Blaydes,Orthodox,1991-02-18,http://ufcstats.com/fighter-details/fa6796c55d6c5440,193.04,203.2,120.20400000000001
Tereza Bleda,Orthodox,2001-11-30,http://ufcstats.com/fighter-details/59c438c81fbf3ece,175.26,180.34,56.7
Arlene Blencowe,,1983-04-11,http://ufcstats.com/fighter-details/35d6337320a4ae48,165.1,,65.772
Byron Bloodworth,Orthodox,1983-08-16,http://ufcstats.com/fighter-details/ecdf14f4f8643d39,172.72,,61.236
Dashawn Boatwright,Orthodox,1988-02-29,http://ufcstats.com/fighter-details/046a85108610c0d2,182.88,,92.988
Dan Bobish,Southpaw,1970-01-26,http://ufcstats.com/fighter-details/f348d05403fad037,187.96,,156.492
Mark Bocek,Orthodox,1981-10-24,http://ufcstats.com/fighter-details/cf9d24e4bd0cf2ce,172.72,190.5,70.308
Kyle Bochniak,Orthodox,1987-02-05,http://ufcstats.com/fighter-details/c5af5750e8bae4f0,170.18,177.8,65.772
James Bochnovic,Orthodox,1989-02-13,http://ufcstats.com/fighter-details/984d15d5dc7bfcf9,193.04,205.74,92.988
Jeremy Boczulak,,,http://ufcstats.com/fighter-details/1afd74f8cb0719f3,,,
Tim Boetsch,Orthodox,1981-01-28,http://ufcstats.com/fighter-details/c80095f6092271a7,182.88,187.96,83.916
Galore Bofando,Switch,1982-05-22,http://ufcstats.com/fighter-details/8a56ea383fd26e52,180.34,182.88,77.112
Jay Bogan,,,http://ufcstats.com/fighter-details/53c21779d84ceb75,,,65.772
Roman Bogatov,Orthodox,1990-12-15,http://ufcstats.com/fighter-details/d61316139d68dbe3,172.72,185.42000000000002,70.308
Derek Bohi,,,http://ufcstats.com/fighter-details/70a1c7626b5e0599,193.04,,117.936
Jerry Bohlander,Orthodox,1974-02-12,http://ufcstats.com/fighter-details/93892752c5fc23ca,180.34,,90.2664
Mandy Bohm,Orthodox,1989-07-30,http://ufcstats.com/fighter-details/297a2b35444c245b,170.18,180.34,56.7
Kotetsu Boku,Orthodox,1977-05-27,http://ufcstats.com/fighter-details/d227958e8a0c1466,175.26,,69.8544
Gaston Bolanos,Orthodox,1992-09-14,http://ufcstats.com/fighter-details/96924b0019b3aff1,170.18,175.26,61.236
Kyle Bolt,,,http://ufcstats.com/fighter-details/9d455d5cfe6a0e35,187.96,,83.916
Denys Bondar,Orthodox,1992-06-27,http://ufcstats.com/fighter-details/2526be54e6a0e62a,167.64000000000001,175.26,56.7
Luc Bondole,,,http://ufcstats.com/fighter-details/8691881b31c16b88,187.96,,92.988
Tony Bonello,,,http://ufcstats.com/fighter-details/702a72aa7a266d86,187.96,,83.916
Gabriel Bonfim,Orthodox,1997-08-20,http://ufcstats.com/fighter-details/01641ba5df0c69b0,185.42000000000002,182.88,77.112
Ismael Bonfim,Orthodox,1995-12-28,http://ufcstats.com/fighter-details/eb393afdbe3293d5,172.72,180.34,70.308
Jesse Bongfeldt,Orthodox,1980-08-28,http://ufcstats.com/fighter-details/934de214814b8ff4,182.88,,83.916
Marcos Bonilla,,,http://ufcstats.com/fighter-details/d311fbefff44a39b,177.8,,65.772
Stephan Bonnar,Orthodox,1977-04-04,http://ufcstats.com/fighter-details/c6a33ff198aaaeeb,193.04,200.66,92.988
Rogerio Bontorin,Orthodox,1992-04-25,http://ufcstats.com/fighter-details/07a2bdaa0afdd831,165.1,170.18,56.7
Ray Borg,Orthodox,1993-08-04,http://ufcstats.com/fighter-details/a4de54ea806fb525,162.56,160.02,61.236
Igor Borisov,Orthodox,,http://ufcstats.com/fighter-details/0313bf497de9c470,182.88,,106.596
Kevin Borjas,Orthodox,1997-12-06,http://ufcstats.com/fighter-details/34b96d52db1d26e6,165.1,172.72,56.7
Calen Born,Switch,1988-05-24,http://ufcstats.com/fighter-details/3c85e04b08a05751,172.72,182.88,77.112
Caio Borralho,Southpaw,1993-01-16,http://ufcstats.com/fighter-details/4126a78111c0855a,185.42000000000002,190.5,83.916
Zachary Borrego,Switch,1996-07-18,http://ufcstats.com/fighter-details/b8fdb2903a2582a8,187.96,198.12,83.916
Viacheslav Borshchev,Orthodox,1992-01-08,http://ufcstats.com/fighter-details/19c591115a58982c,180.34,175.26,70.308
Tanner Boser,Orthodox,1991-08-02,http://ufcstats.com/fighter-details/04c8b08b16a5b99e,187.96,190.5,92.988
Steve Bosse,Orthodox,1981-07-29,http://ufcstats.com/fighter-details/e023fa2e648ea0f1,180.34,182.88,92.988
Marcus Bossett,Orthodox,,http://ufcstats.com/fighter-details/e8fb8e53bc2e29d6,185.42000000000002,,97.524
Chris Bostick,,,http://ufcstats.com/fighter-details/239224bedeb2c7a4,,,
Poliana Botelho,Orthodox,1988-12-15,http://ufcstats.com/fighter-details/5c126c6aac3ef364,172.72,170.18,56.7
Francois Botha,Orthodox,1968-09-28,http://ufcstats.com/fighter-details/545d549d6bf87187,187.96,,117.936
Ilian Bouafia,Southpaw,1996-11-13,http://ufcstats.com/fighter-details/d5e929c26f25f0d3,195.58,198.12,83.916
Gregory Bouchelaghem,Switch,,http://ufcstats.com/fighter-details/59851163aaf1aed8,187.96,,83.0088
Roy Boughton,,,http://ufcstats.com/fighter-details/2aaf0181432adf0b,182.88,,92.988
Rich Bouphanouvong,,,http://ufcstats.com/fighter-details/611b9c068c9e2c44,170.18,,77.112
Mike Bourke,Orthodox,,http://ufcstats.com/fighter-details/dfdd0c5dd0d4bc23,182.88,,124.74
Jess Bouscal,,,http://ufcstats.com/fighter-details/38b1417ec17072da,,,70.308
Tai Bowden,,,http://ufcstats.com/fighter-details/2efbc83a6b9b7f86,180.34,,104.328
Melton Bowen,Orthodox,1969-07-16,http://ufcstats.com/fighter-details/81ca2c245b19b3c5,182.88,,102.06
Kyron Bowen,Orthodox,1993-12-22,http://ufcstats.com/fighter-details/5488b3c67600333a,190.5,185.42000000000002,83.916
Brian Bowles,Orthodox,1980-06-22,http://ufcstats.com/fighter-details/b26d3e3746fb4024,170.18,177.8,61.236
Roger Bowling,Orthodox,1982-12-05,http://ufcstats.com/fighter-details/3b9f723e2720a238,175.26,172.72,70.308
Blake Bowman,,,http://ufcstats.com/fighter-details/a95a0504fd73bd3e,187.96,,77.112
Ashe Bowman,,1976-11-17,http://ufcstats.com/fighter-details/8a0a35e7c74bebcc,175.26,,70.308
Anvar Boynazarov,Orthodox,1989-01-10,http://ufcstats.com/fighter-details/4a191f4ea2fce7fc,175.26,,65.772
ColleyBradford,,,http://ufcstats.com/fighter-details/1433786ac76cf777,170.18,,65.772
Kyle Bradley,Orthodox,1982-08-19,http://ufcstats.com/fighter-details/a6959da32f0e6b5d,175.26,180.34,70.308
Paul Bradley,Orthodox,1983-06-13,http://ufcstats.com/fighter-details/c7011de4765d2497,175.26,,77.112
Sean Brady,Orthodox,1992-11-23,http://ufcstats.com/fighter-details/45f7cb591c3ab00b,177.8,182.88,77.112
Ebenezer Fontes Braga,Orthodox,1969-04-14,http://ufcstats.com/fighter-details/dc950d59dc590aca,182.88,,90.2664
Ramiz Brahimaj,Orthodox,1992-11-17,http://ufcstats.com/fighter-details/3d074044a33825e7,177.8,182.88,77.112
Adam Bramhald,Orthodox,1994-03-24,http://ufcstats.com/fighter-details/3c99bd6cb5d835ef,177.8,177.8,61.236
Joe Brammer,Orthodox,1983-08-23,http://ufcstats.com/fighter-details/013da757877044a2,172.72,,70.308
David Branch,Orthodox,1981-09-26,http://ufcstats.com/fighter-details/d2c55d1d2e67773b,185.42000000000002,198.12,83.916
Billy Brand,Orthodox,1996-07-03,http://ufcstats.com/fighter-details/edae6db2b3453632,167.64000000000001,165.1,61.236
Diego Brandao,Orthodox,1987-05-27,http://ufcstats.com/fighter-details/c2e3e67b5911bfb7,170.18,162.56,65.772
Bruna Brasil,Orthodox,1993-09-07,http://ufcstats.com/fighter-details/7138a15258dabf20,167.64000000000001,165.1,52.164
Michael Bravo,,,http://ufcstats.com/fighter-details/dc63542668295c23,,,70.308
Martin Bravo,Southpaw,1993-09-21,http://ufcstats.com/fighter-details/9c44f290f5726d95,172.72,180.34,65.772
Roman Bravo-Young,,,http://ufcstats.com/fighter-details/37ce890a4670b287,,,92.988
Mike Breeden,Orthodox,1989-04-21,http://ufcstats.com/fighter-details/d80ee110748171ac,177.8,177.8,70.308
Tom Breese,Southpaw,1991-09-26,http://ufcstats.com/fighter-details/1588b787bda7b540,190.5,185.42000000000002,83.916
Elves Brener,Orthodox,1997-09-27,http://ufcstats.com/fighter-details/48a9a128784d53d1,177.8,182.88,70.308
Chris Brennan,Orthodox,1971-10-12,http://ufcstats.com/fighter-details/b19fc66613dc75b9,172.72,,77.112
Charlie Brenneman,Orthodox,1981-02-09,http://ufcstats.com/fighter-details/98f6da59d765ec94,177.8,177.8,70.308
Robert Breslin,,,http://ufcstats.com/fighter-details/e319d6697d41f3cf,180.34,,70.308
Mack Brewer,,,http://ufcstats.com/fighter-details/106a925d947a0de9,,,92.988
Marcos Brigagao,Southpaw,1996-04-01,http://ufcstats.com/fighter-details/11547e29f253fb89,190.5,193.04,92.988
Jason Brilz,Orthodox,1975-07-07,http://ufcstats.com/fighter-details/497ba5b12a4bfc47,180.34,180.34,92.988
Marcus Brimage,Southpaw,1985-04-06,http://ufcstats.com/fighter-details/81801f57bd0a7c41,162.56,180.34,61.236
Aaron Brink,Orthodox,1974-11-12,http://ufcstats.com/fighter-details/cf1a88371c8cb690,190.5,,92.988
Henry Briones,Orthodox,1980-10-22,http://ufcstats.com/fighter-details/01fcef7e3d051722,172.72,175.26,61.236
Marcelo Brito,Orthodox,1977-11-27,http://ufcstats.com/fighter-details/3a97fda0de6f1fa4,185.42000000000002,,77.112
Joanderson Brito,Orthodox,1995-02-11,http://ufcstats.com/fighter-details/791c8437b341fba5,172.72,182.88,65.772
Kaik Brito,Orthodox,1997-03-26,http://ufcstats.com/fighter-details/b07f14fc0e53f8bd,180.34,182.88,77.112
Icaro Brito,,1999-03-09,http://ufcstats.com/fighter-details/06dd61c8d545c63f,,,65.772
Antwain Britt,,1978-05-09,http://ufcstats.com/fighter-details/2833f50b20e96e52,185.42000000000002,195.58,92.988
Drew Brokenshire,,,http://ufcstats.com/fighter-details/aa571d75f80fde7d,,,
Mike Bronzoulis,,1979-01-05,http://ufcstats.com/fighter-details/df3c39573d01f55b,182.88,,70.308
Jonathan Brookins,Southpaw,1985-08-13,http://ufcstats.com/fighter-details/b0a6124751a56bc4,182.88,187.96,65.772
Will Brooks,Orthodox,1986-10-08,http://ufcstats.com/fighter-details/b6e6c3b1dcaae0a1,177.8,182.88,70.308
Jarred Brooks,Switch,1993-05-02,http://ufcstats.com/fighter-details/81d9df19e255b8b6,160.02,157.48,56.7
Rob Broughton,Orthodox,1983-03-03,http://ufcstats.com/fighter-details/a7d687e6ecb30981,187.96,187.96,120.20400000000001
Lee Brousseau,,1974-10-04,http://ufcstats.com/fighter-details/0974d8d4053a7237,185.42000000000002,,92.988
Matt Brown,Orthodox,1981-01-10,http://ufcstats.com/fighter-details/31123249b0bbf52e,182.88,190.5,77.112
Mike Brown,Orthodox,1975-09-08,http://ufcstats.com/fighter-details/e0b74df14f52cd15,167.64000000000001,177.8,65.772
Dominic Brown,,1982-06-04,http://ufcstats.com/fighter-details/52b3ec072ad497a4,180.34,,86.184
Todd Brown,Orthodox,1976-12-13,http://ufcstats.com/fighter-details/9b68bf67c5695185,180.34,,92.988
Terrell Brown,,1983-04-13,http://ufcstats.com/fighter-details/85df85a4e276c90e,,,83.916
Chris Brown,,,http://ufcstats.com/fighter-details/9e2624ac992660c6,,,77.112
Frederick Brown,,,http://ufcstats.com/fighter-details/880c6b788266a3ef,182.88,,106.596
Randy Brown,Orthodox,1990-07-08,http://ufcstats.com/fighter-details/c6aee362c7a7d482,190.5,198.12,77.112
Damien Brown,Orthodox,1984-12-25,http://ufcstats.com/fighter-details/d024ed963e8bf7ea,177.8,172.72,70.308
TJ Brown,Switch,1990-05-22,http://ufcstats.com/fighter-details/d31cbcdd7d69536d,175.26,182.88,65.772
Humberto Brown Morrison,,1984-11-03,http://ufcstats.com/fighter-details/e9e7e1c8ff289e1b,177.8,,65.772
Travis Browne,Orthodox,1982-07-17,http://ufcstats.com/fighter-details/3236bf606fe9fa5b,198.12,200.66,115.668
Junie Browning,Orthodox,1984-05-12,http://ufcstats.com/fighter-details/d74cba8566291bfa,175.26,,70.308
Jules Bruchez,Southpaw,1977-08-16,http://ufcstats.com/fighter-details/d1dcd4e96464a53d,182.88,,92.988
Justin Bruckmann,Orthodox,,http://ufcstats.com/fighter-details/5f8e00c27b7e7410,175.26,,77.112
Cody Brundage,Orthodox,1994-05-16,http://ufcstats.com/fighter-details/f14f644d41ade29f,182.88,182.88,83.916
Steve Bruno,Orthodox,1981-11-03,http://ufcstats.com/fighter-details/2f3f12002564bb55,177.8,,77.112
Fernando Bruno,,1982-02-24,http://ufcstats.com/fighter-details/b8c0f30ee9a98b69,167.64000000000001,,65.772
Derek Brunson,Southpaw,1984-01-04,http://ufcstats.com/fighter-details/b1a3e0aca758b322,185.42000000000002,195.58,83.916
Josh Bryant,Orthodox,1980-04-23,http://ufcstats.com/fighter-details/01f022fa494188e2,177.8,,83.916
Dennis Bryant,Orthodox,1985-10-18,http://ufcstats.com/fighter-details/3b17353b8002c7d0,182.88,,92.988
Robert Bryczek,Orthodox,1990-07-04,http://ufcstats.com/fighter-details/f96856f9d69fd7e4,182.88,190.5,83.916
Lukasz Brzeski,Orthodox,1992-05-17,http://ufcstats.com/fighter-details/0c25d0a5e8cdbf19,190.5,198.12,107.0496
Marcus Buchecha,Orthodox,1990-01-08,http://ufcstats.com/fighter-details/095854a135e6db55,187.96,195.58,115.668
Justin Buchholz,Orthodox,1983-08-22,http://ufcstats.com/fighter-details/231926533134ec1f,182.88,185.42000000000002,70.308
Zak Bucia,,,http://ufcstats.com/fighter-details/6bbb8dc6e128779e,177.8,,77.112
Courtney Buck,Orthodox,1982-03-19,http://ufcstats.com/fighter-details/3feed7d02711d8b7,177.8,,61.236
Joaquin Buckley,Southpaw,1994-04-27,http://ufcstats.com/fighter-details/b9437600497350f3,177.8,193.04,77.112
Martin Buday,Orthodox,1991-11-11,http://ufcstats.com/fighter-details/8eb046f83e82bf26,193.04,195.58,120.20400000000001
Julia Budd,,1983-07-04,http://ufcstats.com/fighter-details/dcdc4503b9d49977,170.18,170.18,65.772
Dylan Budka,Switch,2000-01-14,http://ufcstats.com/fighter-details/a817e238b2747404,182.88,190.5,83.916
Mike Budnik,Orthodox,1974-08-08,http://ufcstats.com/fighter-details/b98209144b63ae26,175.26,172.72,65.772
Francisco Bueno,Orthodox,,http://ufcstats.com/fighter-details/a72d260b436924c4,175.26,,102.06
Mayra Bueno Silva,Orthodox,1991-08-22,http://ufcstats.com/fighter-details/cc8c623cca88f54f,167.64000000000001,167.64000000000001,61.236
Paul Buentello,Orthodox,1974-01-16,http://ufcstats.com/fighter-details/f0abbb6f3444dae7,187.96,195.58,111.132
Marek Bujlo,,1993-10-10,http://ufcstats.com/fighter-details/ac0874309da489b9,,,120.20400000000001
Modestas Bukauskas,Switch,1994-02-10,http://ufcstats.com/fighter-details/476fe566d2df676e,190.5,193.04,92.988
Lee Kwan Bum,Orthodox,,http://ufcstats.com/fighter-details/c0342805a1948cbb,187.96,,129.7296
Josh Bumgarner,,,http://ufcstats.com/fighter-details/9900ab86a4c458bd,185.42000000000002,,77.112
Shawn Bunch,,1983-03-19,http://ufcstats.com/fighter-details/6e9af164ab91a229,165.1,,61.236
Felipe Bunes,Orthodox,1989-10-29,http://ufcstats.com/fighter-details/53c10176e3bc7416,170.18,175.26,56.7
Shane Burgos,Orthodox,1991-03-19,http://ufcstats.com/fighter-details/98d961097baaf308,180.34,190.5,65.772
Joshua Burkman,Orthodox,1980-04-10,http://ufcstats.com/fighter-details/6da99156486ed6c2,177.8,182.88,77.112
Justin Burlinson,Switch,1997-05-19,http://ufcstats.com/fighter-details/dadd80ef954e54ed,185.42000000000002,187.96,77.112
Mads Burnell,Orthodox,1994-03-06,http://ufcstats.com/fighter-details/69f01b25dfabaf6b,172.72,175.26,65.772
Mikey Burnett,Orthodox,1974-04-12,http://ufcstats.com/fighter-details/4c805f5f58a75df0,167.64000000000001,,77.112
Kevin Burns,Orthodox,1980-03-03,http://ufcstats.com/fighter-details/a6d8bfe9e0c8153b,177.8,187.96,77.112
Gilbert Burns,Orthodox,1986-07-20,http://ufcstats.com/fighter-details/23024fdfc966410a,177.8,180.34,77.112
Josh Burns,,1978-05-15,http://ufcstats.com/fighter-details/1e092415a7eeaf65,185.42000000000002,,110.6784
Herbert Burns,Orthodox,1988-02-02,http://ufcstats.com/fighter-details/4f140403000158b5,175.26,185.42000000000002,65.772
Derrick Burnsed,,,http://ufcstats.com/fighter-details/2213330f082f82d5,,,70.308
Nah-Shon Burrell,Orthodox,1990-02-05,http://ufcstats.com/fighter-details/2c64c035485906aa,180.34,,77.112
Martin Buschkamp,Orthodox,1991-01-06,http://ufcstats.com/fighter-details/8fc30d8cebb17116,175.26,,65.772
George Bush,,,http://ufcstats.com/fighter-details/f0c779dc2ca3816c,185.42000000000002,,92.988
Bubba Bush,Orthodox,1985-07-24,http://ufcstats.com/fighter-details/132505067f08c54d,182.88,,83.916
Dakota Bush,Orthodox,1994-06-09,http://ufcstats.com/fighter-details/3033c1c080672475,177.8,185.42000000000002,70.308
Murilo Bustamante,Orthodox,1966-07-30,http://ufcstats.com/fighter-details/85d905f7c4f5a1af,187.96,,83.0088
Nick Bustamante,,,http://ufcstats.com/fighter-details/51b1ca2a4b064101,175.26,,77.112
Eduardo Bustillos,,1987-06-02,http://ufcstats.com/fighter-details/f273f1b8df04c8a1,172.72,,61.236
Jason Butcher,,1984-10-23,http://ufcstats.com/fighter-details/30e39145fec48d25,190.5,,83.916
Todd Butler,Southpaw,,http://ufcstats.com/fighter-details/3fed746acfd026dd,185.42000000000002,,90.72
Goldman Butler,,,http://ufcstats.com/fighter-details/e2d5072048b825b1,,,
Ian Butler,,,http://ufcstats.com/fighter-details/6b8fd98eb52363d1,172.72,,70.308
Raphael Butler,,1984-01-04,http://ufcstats.com/fighter-details/f941505e35fb1eae,190.5,,118.3896
Jesse Butler,Orthodox,1992-05-24,http://ufcstats.com/fighter-details/a75a48bfe776b2c2,177.8,185.42000000000002,61.236
JP Buys,Orthodox,1996-04-30,http://ufcstats.com/fighter-details/0b362247806341e5,165.1,170.18,61.236
Dennis Buzukja,Switch,1997-10-01,http://ufcstats.com/fighter-details/c4d039123e62f6a9,175.26,177.8,65.772
Charles Byrd,Orthodox,1983-10-11,http://ufcstats.com/fighter-details/76ee3d666c648f6b,177.8,185.42000000000002,83.916
Steve Byrnes,Orthodox,,http://ufcstats.com/fighter-details/43612456979e5d5e,182.88,,77.112
Michael Byrnes,,1990-07-17,http://ufcstats.com/fighter-details/87f0b37f153cf497,180.34,,70.308
Yan Cabral,Orthodox,1983-05-13,http://ufcstats.com/fighter-details/7cdd3e5d3aa9cb39,180.34,185.42000000000002,70.308
Juan Cabrera,,2004-02-19,http://ufcstats.com/fighter-details/601f8439a0277670,,,83.916
Alvin Cacdac,Orthodox,,http://ufcstats.com/fighter-details/ce7871949b0ed2bf,167.64000000000001,,56.7
Alex Caceres,Southpaw,1988-06-20,http://ufcstats.com/fighter-details/7aa3d6964eff4877,177.8,185.42000000000002,65.772
Vince Cachero,Orthodox,1989-11-07,http://ufcstats.com/fighter-details/ed2a8cc402173781,167.64000000000001,172.72,65.772
Priscila Cachoeira,Orthodox,1988-08-19,http://ufcstats.com/fighter-details/b1e5bcaad32a3cac,170.18,165.1,61.236
Travis Calanoc,Orthodox,,http://ufcstats.com/fighter-details/90d28fee0af74f2d,172.72,,65.772
Ricky Calatayud,,1982-10-10,http://ufcstats.com/fighter-details/800feaa25700a85f,175.26,,56.7
Lucas Caldas,Orthodox,1996-05-22,http://ufcstats.com/fighter-details/8661578c8bb80f51,,,70.308
Carlos Calderon,Southpaw,1996-02-10,http://ufcstats.com/fighter-details/7d4d7583df7eebf9,180.34,180.34,65.772
Darrion Caldwell,,1987-12-19,http://ufcstats.com/fighter-details/b7dc25ee40ee8334,177.8,,61.236
Nicolle Caliari,Orthodox,1996-11-04,http://ufcstats.com/fighter-details/fc0a4053eb8a3a59,160.02,157.48,56.7
Taylor Callens,,1991-05-21,http://ufcstats.com/fighter-details/53d471e9bf5f2fc8,177.8,,70.308
Cynthia Calvillo,Orthodox,1987-07-13,http://ufcstats.com/fighter-details/98215d037be5bcb7,162.56,162.56,52.164
Joe Camacho,Orthodox,1972-03-10,http://ufcstats.com/fighter-details/dfb965c9824425db,175.26,,70.308
Frank Camacho,Orthodox,1989-05-18,http://ufcstats.com/fighter-details/764342d39cdaa54a,177.8,185.42000000000002,70.308
Lucas Camacho,Orthodox,1992-12-15,http://ufcstats.com/fighter-details/71d25689f70e4036,193.04,203.2,120.20400000000001
Matheus Camilo,Orthodox,2001-01-02,http://ufcstats.com/fighter-details/72f890c5d421e705,177.8,175.26,70.308
Fabricio Camoes,Orthodox,1978-12-23,http://ufcstats.com/fighter-details/7abe471b61725980,177.8,180.34,70.308
Chris Camozzi,Orthodox,1986-11-20,http://ufcstats.com/fighter-details/6c2030e0a143a94b,187.96,190.5,83.916
Brian Camozzi,Orthodox,1991-06-24,http://ufcstats.com/fighter-details/1999ffb5cebc314f,187.96,198.12,77.112
Ricky Camp,,,http://ufcstats.com/fighter-details/4a99978a0366bb29,170.18,,61.236
Mike Campbell,Southpaw,,http://ufcstats.com/fighter-details/f5585e675af7afd4,175.26,,70.308
Thomas Campbell,,,http://ufcstats.com/fighter-details/d060014a5a039829,,,
Shane Campbell,Orthodox,1987-01-21,http://ufcstats.com/fighter-details/784285b7ae7dd85f,182.88,180.34,70.308
Charlie Campbell,Orthodox,1995-07-03,http://ufcstats.com/fighter-details/b39f7a6c2be17ee8,182.88,182.88,70.308
Kitt Campbell,Orthodox,1994-06-26,http://ufcstats.com/fighter-details/903ef36a6adc09a3,185.42000000000002,185.42000000000002,77.112
Kurtis Campbell,Switch,2002-07-29,http://ufcstats.com/fighter-details/9d51798e61f2e0c7,175.26,182.88,65.772
John Campetella,Orthodox,,http://ufcstats.com/fighter-details/31bbd46d57dfbcb7,175.26,,106.596
Wagner Campos,Southpaw,1981-07-31,http://ufcstats.com/fighter-details/db6d5f691aea3fd3,167.64000000000001,,65.772
Derek Campos,,1988-04-01,http://ufcstats.com/fighter-details/aa8dc72b3a1f761c,175.26,,70.308
Will Campuzano,Orthodox,1986-05-27,http://ufcstats.com/fighter-details/901cddcbfa079097,175.26,177.8,56.7
Aleksa Camur,Orthodox,1995-09-25,http://ufcstats.com/fighter-details/c2a670b22d2e196f,185.42000000000002,187.96,92.988
Chico Camus,Orthodox,1985-01-26,http://ufcstats.com/fighter-details/32be4b7f7de1c905,167.64000000000001,167.64000000000001,56.7
Asbel Cancio,,,http://ufcstats.com/fighter-details/2a7afe14b3a0a058,177.8,,102.06
Carlos Candelario,Southpaw,1991-06-04,http://ufcstats.com/fighter-details/760a55d5b6098cbe,172.72,172.72,56.7
Ronaldo Candido,Southpaw,1989-04-24,http://ufcstats.com/fighter-details/23fbe02caabcd214,167.64000000000001,,56.7
Luiz Cane,Southpaw,1981-04-24,http://ufcstats.com/fighter-details/24b033b3daf1c9df,187.96,195.58,83.916
Guido Cannetti,Southpaw,1979-12-19,http://ufcstats.com/fighter-details/d05412b513b19621,167.64000000000001,172.72,61.236
Jared Cannonier,Switch,1984-03-16,http://ufcstats.com/fighter-details/13a0275fa13c4d26,180.34,195.58,83.916
Jose Canseco,Orthodox,1964-07-02,http://ufcstats.com/fighter-details/03da33a102d9a45f,193.04,,108.864
Cody Canterbury,,,http://ufcstats.com/fighter-details/23100e8f71f25a4a,172.72,,70.308
Bo Cantrell,Orthodox,1969-02-08,http://ufcstats.com/fighter-details/6750e338922a099d,187.96,,106.596
Steve Cantwell,Orthodox,1986-12-08,http://ufcstats.com/fighter-details/f1f9e48a0d150757,187.96,190.5,83.916
Paul Capaldo,,1996-12-27,http://ufcstats.com/fighter-details/83b8fe74224dd642,170.18,,61.236
Phil Caracappa,Orthodox,1992-06-05,http://ufcstats.com/fighter-details/bd81a97864acf098,172.72,177.8,61.236
Frank Caracci,,,http://ufcstats.com/fighter-details/44f9c777fed7ca03,,,
Gina Carano,Orthodox,1982-04-16,http://ufcstats.com/fighter-details/899eaba48fa864a6,172.72,,65.772
Dos Caras Jr.,Orthodox,1977-05-25,http://ufcstats.com/fighter-details/155a02a8b4311057,193.04,,102.06
Bryan Caraway,Orthodox,1984-08-04,http://ufcstats.com/fighter-details/5ef0088c1b19beeb,172.72,172.72,61.236
Remo Cardarelli,,,http://ufcstats.com/fighter-details/e5512a6aed150d8f,,,61.236
Phil Cardella,,1976-07-09,http://ufcstats.com/fighter-details/f6a7b02c42e9fc5b,180.34,,70.308
Edgar Cardenas,,,http://ufcstats.com/fighter-details/99a86b134dccc166,,,65.772
Chris Cariaso,Southpaw,1981-05-27,http://ufcstats.com/fighter-details/b2e3aca4cd363477,160.02,162.56,56.7
Ronald Carillo,,,http://ufcstats.com/fighter-details/cbd022eaf2ac546a,,,56.7
Rafael Carino,Orthodox,,http://ufcstats.com/fighter-details/08a7080ff5904661,203.2,,111.132
Don Carlo-Clauss,,,http://ufcstats.com/fighter-details/f59a6de8a5dfe297,,,77.112
Antonio Carlos Junior,Orthodox,1990-03-16,http://ufcstats.com/fighter-details/52e76bb4b3e852f3,187.96,200.66,83.916
Spike Carlyle,Switch,1993-05-06,http://ufcstats.com/fighter-details/be68b375707dcb85,172.72,180.34,65.772
Francis Carmont,Orthodox,1981-10-11,http://ufcstats.com/fighter-details/3591d0d5d382a381,190.5,198.12,92.988
Liz Carmouche,Orthodox,1984-02-19,http://ufcstats.com/fighter-details/51a0c09cbe9b8472,167.64000000000001,167.64000000000001,56.7
Roan Carneiro,Orthodox,1978-06-02,http://ufcstats.com/fighter-details/1c86754617d9813a,180.34,193.04,77.112
Ariane Carnelossi,Orthodox,1992-11-17,http://ufcstats.com/fighter-details/c0d5c0c95c59050b,157.48,154.94,52.164
Luana Carolina,Orthodox,1993-06-11,http://ufcstats.com/fighter-details/528b071cf3da7c56,167.64000000000001,175.26,61.236
Tim Caron,Orthodox,1987-07-24,http://ufcstats.com/fighter-details/b80ea4880f25c187,185.42000000000002,,83.916
Clayton Carpenter,Orthodox,1996-06-09,http://ufcstats.com/fighter-details/b62d5280966b2460,167.64000000000001,167.64000000000001,56.7
Gabriel Carrasco,,,http://ufcstats.com/fighter-details/89ed44801968b8e3,167.64000000000001,,61.236
Cody Carrillo,,,http://ufcstats.com/fighter-details/9346efb4bbaedd08,177.8,,70.308
Cain Carrizosa,Orthodox,1986-07-22,http://ufcstats.com/fighter-details/064b7dc68d786254,172.72,,70.308
Roger Carroll,,,http://ufcstats.com/fighter-details/572a89dbe1f76761,177.8,,77.112
Jonny Carson,,,http://ufcstats.com/fighter-details/0d49ddc07bd8c747,177.8,,70.308
Scott Carson,,,http://ufcstats.com/fighter-details/1e3302f9ab6f549a,187.96,,97.524
Shonie Carter,Southpaw,1972-05-03,http://ufcstats.com/fighter-details/7b6e40a73b567072,177.8,,77.112
Jack Cartwright,Orthodox,1994-05-26,http://ufcstats.com/fighter-details/1f592bfefb0d62a3,175.26,172.72,61.236
Bruno Carvalho,,1982-06-07,http://ufcstats.com/fighter-details/456c02115efc4a01,172.72,,69.8544
Antonio Carvalho,Orthodox,1979-05-30,http://ufcstats.com/fighter-details/fef3d17e27e916e7,175.26,177.8,65.772
Rafael Carvalho,,1986-07-27,http://ufcstats.com/fighter-details/620d8710e89cfeae,190.5,,83.916
Shane Carwin,Orthodox,1975-01-04,http://ufcstats.com/fighter-details/68dd7b3783c19f9c,187.96,203.2,120.20400000000001
Johnny Case,Orthodox,1989-06-28,http://ufcstats.com/fighter-details/1f4b04a926ef1287,177.8,182.88,70.308
Kevin Casey,Southpaw,1981-06-15,http://ufcstats.com/fighter-details/8d9586726252dbf7,180.34,195.58,83.916
Cortney Casey,Orthodox,1987-05-05,http://ufcstats.com/fighter-details/5f179af5fffeb9f6,170.18,170.18,56.7
Brandon Cash,Orthodox,,http://ufcstats.com/fighter-details/3993f7dcb7caf42a,195.58,,115.668
Bendy Casimir,Southpaw,1980-06-10,http://ufcstats.com/fighter-details/ec7ac09293d26c05,165.1,,65.772
Dwayne Cason,Orthodox,,http://ufcstats.com/fighter-details/31c01fbc2586a5eb,177.8,,96.1632
Joe Cason,,1988-01-19,http://ufcstats.com/fighter-details/2b1c6f28039efe36,190.5,,92.988
John Castaneda,Switch,1991-12-18,http://ufcstats.com/fighter-details/5fa2974cbd18e05c,167.64000000000001,180.34,61.236
Eric Castile,,,http://ufcstats.com/fighter-details/a0a69dc9914ef6e1,172.72,,65.772
Gil Castillo,Southpaw,1965-10-21,http://ufcstats.com/fighter-details/31ceaf0e670c1578,175.26,,77.112
Danny Castillo,Orthodox,1979-08-25,http://ufcstats.com/fighter-details/d1e7fc58d4225cdf,175.26,180.34,70.308
Raul Castillo,Orthodox,,http://ufcstats.com/fighter-details/feeae92f951f49a9,180.34,,83.916
Jenna Castillo,,1982-05-05,http://ufcstats.com/fighter-details/e680418329c84ec4,157.48,,56.7
Tim Catalfo,Orthodox,,http://ufcstats.com/fighter-details/6ca68b636fbc1f18,180.34,,106.596
Nick Catone,Southpaw,1981-09-01,http://ufcstats.com/fighter-details/f8fe2053d73d7bcf,182.88,182.88,83.916
Luke Caudillo,Orthodox,1980-11-30,http://ufcstats.com/fighter-details/68d76fd9ecf7431d,170.18,,70.308
Gesias Cavalcante,Orthodox,1983-07-06,http://ufcstats.com/fighter-details/2a74bbba57058f12,172.72,180.34,70.308
Rafael Cavalcante,Orthodox,1980-04-14,http://ufcstats.com/fighter-details/5c1ca0c72b599a3c,185.42000000000002,187.96,92.988
Jacqueline Cavalcanti,Orthodox,1997-08-29,http://ufcstats.com/fighter-details/e3964ece586e0635,172.72,177.8,61.236
Igor Cavalcanti,Orthodox,1997-10-10,http://ufcstats.com/fighter-details/9c3de7f8966326de,180.34,200.66,77.112
Magnus Cedenblad,Orthodox,1982-04-10,http://ufcstats.com/fighter-details/0e21976afc92e4d1,195.58,200.66,83.916
Yosdenis Cedeno,Orthodox,1985-02-12,http://ufcstats.com/fighter-details/3e61082025db8137,172.72,175.26,70.308
Henry Cejudo,Orthodox,1987-02-09,http://ufcstats.com/fighter-details/056c493bbd76a918,162.56,162.56,61.236
Adam Cella,,1985-06-26,http://ufcstats.com/fighter-details/b27b8881d7444114,187.96,,77.112
Vinicius Cenci,Orthodox,1995-11-24,http://ufcstats.com/fighter-details/f21a152aaa3e95c6,185.42000000000002,187.96,70.308
Katlyn Cerminara,Orthodox,1988-12-28,http://ufcstats.com/fighter-details/e872e9a9a902c045,175.26,172.72,56.7
Rafael Cerqueira,Southpaw,1990-03-15,http://ufcstats.com/fighter-details/09a4447655fd4b7b,190.5,193.04,92.988
Donald Cerrone,Orthodox,1983-03-29,http://ufcstats.com/fighter-details/1d00756835ca67c9,185.42000000000002,185.42000000000002,70.308
Jared Chaffee,,1984-12-15,http://ufcstats.com/fighter-details/fdf59144e535bc38,177.8,,70.308
Luan Chagas,Orthodox,1993-06-17,http://ufcstats.com/fighter-details/9ccf8371fd80d45d,182.88,190.5,77.112
Edgar Chairez,Orthodox,1996-01-27,http://ufcstats.com/fighter-details/5ef94841c4bc3f86,170.18,180.34,56.7
Ansar Chalangov,Orthodox,1979-10-30,http://ufcstats.com/fighter-details/7342fcc41a4817fa,175.26,,77.112
Alex Chambers,Southpaw,1978-10-25,http://ufcstats.com/fighter-details/26b63bc5c0c1f65d,160.02,160.02,52.164
Michael Chandler,Orthodox,1986-04-24,http://ufcstats.com/fighter-details/4b93a88f3b1de35b,172.72,180.34,70.308
Chelsea Chandler,Southpaw,1990-11-23,http://ufcstats.com/fighter-details/af9efbfd63d39734,172.72,172.72,61.236
Eduardo Chapolin,Orthodox,1995-11-23,http://ufcstats.com/fighter-details/62f3039da2f92a8c,170.18,170.18,56.7
Donnie Chappell,Southpaw,,http://ufcstats.com/fighter-details/8788beb528894f33,180.34,,80.74080000000001
Joe Charles,Southpaw,,http://ufcstats.com/fighter-details/19ffeb5e3fffd6d5,185.42000000000002,,117.936
Dan Charles,,1985-09-24,http://ufcstats.com/fighter-details/32a4f1235f0dad73,187.96,,103.4208
Morgan Charriere,Orthodox,1995-10-26,http://ufcstats.com/fighter-details/5b03b61f9d90125e,172.72,175.26,65.772
Jeisla Chaves,Orthodox,1997-02-02,http://ufcstats.com/fighter-details/8061a3136026a673,167.64000000000001,172.72,56.7
Ernest Chavez,Orthodox,1983-06-27,http://ufcstats.com/fighter-details/b406da701c479076,172.72,177.8,65.772
Emilio Chavez,,,http://ufcstats.com/fighter-details/84e8920e59ff14a7,175.26,,65.772
Danny Chavez,Orthodox,1987-03-14,http://ufcstats.com/fighter-details/0de720c0f1d4ab9c,172.72,170.18,65.772
Gabriel Checco,Switch,1986-04-03,http://ufcstats.com/fighter-details/9c5f7d5c6d084b35,185.42000000000002,,83.916
Albert Cheng,Orthodox,1985-02-07,http://ufcstats.com/fighter-details/d8d7b24d276c8cb0,180.34,,77.112
Fabio Cherant,Southpaw,1994-11-25,http://ufcstats.com/fighter-details/78a68f1dade6aaf7,185.42000000000002,187.96,92.988
Ion Cherdivara,,,http://ufcstats.com/fighter-details/c713a845360d604b,,,92.988
Mark Cherico,Orthodox,1986-05-12,http://ufcstats.com/fighter-details/79a193111e3bc99b,170.18,175.26,65.772
Macy Chiasson,Orthodox,1991-07-27,http://ufcstats.com/fighter-details/9cdd2da1a9104a0b,180.34,182.88,61.236
Michael Chiesa,Southpaw,1987-12-07,http://ufcstats.com/fighter-details/c58f51dedb310998,185.42000000000002,190.5,77.112
Giga Chikadze,Orthodox,1988-08-25,http://ufcstats.com/fighter-details/9560ff14eb3129f7,182.88,187.96,65.772
Khamzat Chimaev,Orthodox,1994-05-01,http://ufcstats.com/fighter-details/767755fd74662dbf,187.96,190.5,83.916
Sako Chivitchian,Orthodox,1984-03-11,http://ufcstats.com/fighter-details/9f7787e56a6bc0f4,180.34,,70.308
Mu Bae Choi,Orthodox,1970-06-27,http://ufcstats.com/fighter-details/371a1c91b24dec2b,187.96,,104.328
Hong Man Choi,Orthodox,1980-10-30,http://ufcstats.com/fighter-details/2c104b7e59a72629,218.44,,149.688
Dooho Choi,Orthodox,1991-04-10,http://ufcstats.com/fighter-details/e93b04e308913c2e,177.8,177.8,65.772
SeungWoo Choi,Orthodox,1992-11-03,http://ufcstats.com/fighter-details/a68575214ecad140,182.88,187.96,65.772
SeungGuk Choi,Orthodox,1996-12-26,http://ufcstats.com/fighter-details/adccbc19b22e19af,167.64000000000001,162.56,56.7
DongHun Choi,Switch,1999-01-02,http://ufcstats.com/fighter-details/3be16d817b36098b,165.1,167.64000000000001,56.7
Mark Choinski,Orthodox,1995-10-22,http://ufcstats.com/fighter-details/001eb2ab0f30e7ea,172.72,175.26,70.308
John Cholish,Orthodox,1983-12-17,http://ufcstats.com/fighter-details/03c9994c5b8958ec,180.34,187.96,70.308
Ryo Chonan,Orthodox,1976-10-08,http://ufcstats.com/fighter-details/55a7b2d4e54ffac9,175.26,177.8,77.112
Will Chope,Switch,1990-09-08,http://ufcstats.com/fighter-details/db5dc7cb80d7d418,193.04,,65.772
Cody Chovancek,Switch,1998-07-24,http://ufcstats.com/fighter-details/3c4320a1b6106611,172.72,170.18,61.236
Joachim Christensen,Orthodox,1978-11-07,http://ufcstats.com/fighter-details/2d447cc91bdaa545,190.5,193.04,92.988
Kevin Christian,Orthodox,1995-01-21,http://ufcstats.com/fighter-details/7e9b36a9847db116,200.66,203.2,92.988
Dan Christison,Orthodox,1972-04-26,http://ufcstats.com/fighter-details/b369533a577fa97c,203.2,,120.20400000000001
Anthony Christodoulou,Orthodox,1987-07-30,http://ufcstats.com/fighter-details/4f11e9ce318ffbcb,175.26,,70.308
Murad Chunkaiev,Orthodox,,http://ufcstats.com/fighter-details/d4a12dfa4067742f,180.34,,83.916
Cameron Church,Orthodox,1990-09-27,http://ufcstats.com/fighter-details/f197ce0cbe69996d,180.34,182.88,70.308
Steven Ciaccio,,,http://ufcstats.com/fighter-details/eaebaa6801338ea1,182.88,,77.112
Mike Ciesnolevicz,Orthodox,1979-10-28,http://ufcstats.com/fighter-details/51b0bb73a1da34bc,182.88,,106.596
Hannah Cifers,Orthodox,1992-06-26,http://ufcstats.com/fighter-details/2244d9a2b64b8c3b,154.94,157.48,52.164
Branko Cikatic,Orthodox,1954-10-03,http://ufcstats.com/fighter-details/4e5bbc4566049cbf,185.42000000000002,,97.524
Nikolajus Cilkinas,Orthodox,,http://ufcstats.com/fighter-details/3f3550bf126a5721,,,
Misha Cirkunov,Orthodox,1987-02-27,http://ufcstats.com/fighter-details/67f272324a030d00,190.5,195.58,92.988
Johnny Cisneros,,1980-02-05,http://ufcstats.com/fighter-details/42611508ba8c3298,180.34,,77.112
Laverne Clark,Orthodox,1973-12-02,http://ufcstats.com/fighter-details/1c2f2571b18791b6,180.34,,77.112
Logan Clark,Orthodox,1985-02-16,http://ufcstats.com/fighter-details/6776260cb0aef647,187.96,,83.916
Mychal Clark,Orthodox,,http://ufcstats.com/fighter-details/69108cb8b32efe04,190.5,,101.60640000000001
Dominic Clark,,1985-08-01,http://ufcstats.com/fighter-details/8a64b3f87ad29d1e,177.8,,70.308
Heather Clark,Orthodox,1980-09-19,http://ufcstats.com/fighter-details/dd4c16777fb2ccf9,167.64000000000001,162.56,52.164
Devin Clark,Orthodox,1990-04-12,http://ufcstats.com/fighter-details/cc7040fe76f0ef91,182.88,190.5,92.988
Jessica-Rose Clark,Orthodox,1987-11-28,http://ufcstats.com/fighter-details/6c8072b61c276e67,165.1,162.56,61.236
Shannon Clark,Orthodox,1992-07-07,http://ufcstats.com/fighter-details/7ae36b3791e0969a,165.1,162.56,56.7
John Clarke,,1977-08-15,http://ufcstats.com/fighter-details/a77c71a574132188,,,77.112
Mitch Clarke,Orthodox,1985-11-24,http://ufcstats.com/fighter-details/c76ec2bc3a57666a,177.8,185.42000000000002,70.308
Rich Clementi,Southpaw,1976-03-31,http://ufcstats.com/fighter-details/7d21de9c6d7c98b2,175.26,182.88,70.308
Chris Clements,Orthodox,1976-02-09,http://ufcstats.com/fighter-details/e5ecaf884b6da2bc,177.8,177.8,77.112
RJ Clifford,,,http://ufcstats.com/fighter-details/8e32bfcff3ec1717,,,72.576
Mark Climaco,Southpaw,1997-11-06,http://ufcstats.com/fighter-details/60098849c703e389,162.56,165.1,56.7
Josh Clopton,Orthodox,1981-07-11,http://ufcstats.com/fighter-details/48e96d9cea6d4ab0,167.64000000000001,,65.772
Brian Cobb,Orthodox,,http://ufcstats.com/fighter-details/3138fab619faf4d1,180.34,,70.308
Darryl Cobb,,1980-08-04,http://ufcstats.com/fighter-details/dc6d8256ee3dfba5,175.26,,83.916
Dave Cochran,,1973-05-10,http://ufcstats.com/fighter-details/6dbb1107de9a4a08,167.64000000000001,,70.308
Dakota Cochrane,,1986-05-01,http://ufcstats.com/fighter-details/8fa7e0bc052185ce,172.72,,70.308
Marloes Coenen,,1981-03-31,http://ufcstats.com/fighter-details/0b77a05bcbd2de74,175.26,170.18,65.772
Marc Cofer,,1972-03-03,http://ufcstats.com/fighter-details/e90d9d0681270953,,,83.916
John Cofer,Southpaw,1984-04-29,http://ufcstats.com/fighter-details/8b260672a21d1fd6,175.26,,70.308
Chris Coggins,,,http://ufcstats.com/fighter-details/a0c29b13f7a5df32,,,
Felipe Colares,Orthodox,1994-03-31,http://ufcstats.com/fighter-details/dbac0a413af64bbe,172.72,175.26,65.772
Wayne Cole,Orthodox,,http://ufcstats.com/fighter-details/2eab7a6c8b0ed8cc,185.42000000000002,,92.988
Devin Cole,Orthodox,1976-10-01,http://ufcstats.com/fighter-details/1174782eacde9b0c,193.04,,108.864
Coltin Cole,,1989-04-24,http://ufcstats.com/fighter-details/cecd72feb0d640e3,,,83.916
Ivan Cole,,1990-11-30,http://ufcstats.com/fighter-details/987b80f57190d6d0,175.26,,61.236
Chandler Cole,Orthodox,1995-01-09,http://ufcstats.com/fighter-details/5d8a9c95af50280a,177.8,182.88,119.7504
Mark Coleman,Orthodox,1964-12-20,http://ufcstats.com/fighter-details/21b8a0f5c231096f,185.42000000000002,190.5,92.988
Cortez Coleman,,1982-01-28,http://ufcstats.com/fighter-details/ffb20ae0db47ebe6,185.42000000000002,,83.916
Clay Collard,Orthodox,1993-03-10,http://ufcstats.com/fighter-details/cc900c6a71ed23f3,180.34,185.42000000000002,65.772
Jamie Colleen,Orthodox,1985-11-02,http://ufcstats.com/fighter-details/6b64db453edf4c50,160.02,165.1,52.164
Jake Collier,Orthodox,1988-10-25,http://ufcstats.com/fighter-details/92fa1401b7927da3,190.5,198.12,104.328
Christian Colombo,Orthodox,1980-07-01,http://ufcstats.com/fighter-details/9123c54d0a2b72dd,195.58,,120.20400000000001
Willian Colorado,,1986-06-21,http://ufcstats.com/fighter-details/dfc7f0a2d91ad337,177.8,182.88,61.236
Wes Combs,Orthodox,1973-06-18,http://ufcstats.com/fighter-details/a85998eb79650b2c,187.96,,92.988
Rose Conceicao,Orthodox,1997-05-13,http://ufcstats.com/fighter-details/a76c07e8e4c76e9a,139.7,165.1,52.164
Roque Conceicao,Orthodox,1999-10-27,http://ufcstats.com/fighter-details/b4ebc1539a08054b,,,56.7
Carlos Condit,Orthodox,1984-04-26,http://ufcstats.com/fighter-details/f9f07bb5a43535ed,187.96,190.5,77.112
Chris Condo,Orthodox,,http://ufcstats.com/fighter-details/41e77dc504a192c6,182.88,,151.956
Jack Congdon,Switch,1997-05-21,http://ufcstats.com/fighter-details/c44530d3969134a3,187.96,190.5,77.112
Tristan Connelly,Orthodox,1985-12-12,http://ufcstats.com/fighter-details/2ebfbe72ed703925,177.8,172.72,65.772
Marcos Conrado Jr.,Orthodox,1982-03-14,http://ufcstats.com/fighter-details/d450769115a193c2,187.96,,99.792
Jeremiah Constant,Orthodox,1974-07-19,http://ufcstats.com/fighter-details/18f5669a92e99d92,185.42000000000002,,108.864
Jonathan Contrestano,,,http://ufcstats.com/fighter-details/06d4eb8123087123,,,70.308
Bob Cook,Orthodox,,http://ufcstats.com/fighter-details/1c061eb6e29eaa0a,175.26,,77.112
Mike Cook,Orthodox,,http://ufcstats.com/fighter-details/3ab0df1ddd5f1dc2,185.42000000000002,,92.988
Chad Cook,,1979-11-07,http://ufcstats.com/fighter-details/e6daf9cdbf0da889,187.96,,92.988
TJ Cook,,1982-09-08,http://ufcstats.com/fighter-details/fa238ecfd048f7d8,,,92.988
Dewey Cooper,,,http://ufcstats.com/fighter-details/5efaaf313b652dd7,,,92.988
Brett Cooper,Orthodox,1987-07-02,http://ufcstats.com/fighter-details/88ffe9745e218dd8,182.88,,77.112
Bill Cooper,,1984-05-05,http://ufcstats.com/fighter-details/78bd6940d093fd33,,,70.308
Bobby Cooper,,,http://ufcstats.com/fighter-details/1b51895e5572cfda,185.42000000000002,,70.308
Amanda Cooper,Switch,1991-10-22,http://ufcstats.com/fighter-details/d4a31850a7457f1b,160.02,162.56,52.164
Kit Cope,Orthodox,1977-03-17,http://ufcstats.com/fighter-details/ce47f49e5c386a9c,182.88,,77.112
Chris Cope,Orthodox,1983-03-05,http://ufcstats.com/fighter-details/8c8c92a12621d7e0,182.88,182.88,77.112
Josh Copeland,Orthodox,1982-10-20,http://ufcstats.com/fighter-details/3aa794cbe1e3484b,185.42000000000002,,120.20400000000001
Michael Cora,Southpaw,1989-08-24,http://ufcstats.com/fighter-details/2b91eff985b532cd,185.42000000000002,195.58,77.112
Akira Corassani,Orthodox,1982-08-27,http://ufcstats.com/fighter-details/3f52ce18fb98008f,172.72,172.72,65.772
Muhsin Corbbrey,Orthodox,1978-05-18,http://ufcstats.com/fighter-details/1f9344211ca7fd60,177.8,,70.308
Alden Coria,Orthodox,1998-04-24,http://ufcstats.com/fighter-details/5e9ca8dd7d783a75,172.72,170.18,56.7
Daniel Cormier,Orthodox,1979-03-20,http://ufcstats.com/fighter-details/d967f0128c323de6,180.34,182.88,106.596
Nora Cornolle,Orthodox,1989-12-06,http://ufcstats.com/fighter-details/f2b3f4ef3f780168,170.18,170.18,61.236
Clint Coronel,,,http://ufcstats.com/fighter-details/fe67cd6423f7a8ad,,,70.308
Henry Corrales,,,http://ufcstats.com/fighter-details/7cb0946d51b8cde7,175.26,,65.772
Bethe Correia,Orthodox,1983-06-22,http://ufcstats.com/fighter-details/673ea7dcc786b1b3,165.1,162.56,61.236
Wesley Correira,Orthodox,1978-11-11,http://ufcstats.com/fighter-details/4e9fb05d7e5e61b8,190.5,,117.936
Waldo Cortes-Acosta,Orthodox,1991-10-03,http://ufcstats.com/fighter-details/fc08099550072fe4,193.04,198.12,117.936
Tracy Cortez,Orthodox,1993-12-10,http://ufcstats.com/fighter-details/68d4a891e5cf2029,165.1,165.1,56.7
Reyes Cortez Jr.,Orthodox,1992-07-31,http://ufcstats.com/fighter-details/1a7d44196949577c,170.18,172.72,61.236
Chad Corvin,,,http://ufcstats.com/fighter-details/1267b631db78665a,195.58,,115.668
Louis Cosce,Orthodox,1995-08-27,http://ufcstats.com/fighter-details/afe8d5b39ff7fca2,175.26,180.34,77.112
Orion Cosce,Switch,1994-07-15,http://ufcstats.com/fighter-details/2c010b26a3306969,180.34,180.34,77.112
Miguel Cosio,,,http://ufcstats.com/fighter-details/d150c6fbdb7687f4,193.04,,92.988
Jadson Costa,Orthodox,,http://ufcstats.com/fighter-details/222d6b547de2e035,170.18,,70.308
Guilherme Costa,,,http://ufcstats.com/fighter-details/28877eddb1c0b967,,,70.308
Paulo Costa,Orthodox,1991-04-21,http://ufcstats.com/fighter-details/2e5c2aa8e4ab9d82,185.42000000000002,182.88,83.916
Randy Costa,Switch,1994-07-06,http://ufcstats.com/fighter-details/325ad0dd9126d3df,175.26,185.42000000000002,61.236
Alessandro Costa,Orthodox,1996-01-28,http://ufcstats.com/fighter-details/3fa97913cfd205d3,162.56,170.18,56.7
Melquizael Costa,Southpaw,1996-09-14,http://ufcstats.com/fighter-details/20bccc9bb4ceb23e,177.8,180.34,65.772
Vitor Costa,Orthodox,2000-09-19,http://ufcstats.com/fighter-details/c41cbb5bf944ca54,187.96,190.5,83.916
Oscar Cota,Orthodox,1984-10-15,http://ufcstats.com/fighter-details/f584a6e0b5b74604,182.88,182.88,104.328
Patrick Cote,Orthodox,1980-02-29,http://ufcstats.com/fighter-details/9fa3bd637edd9aa2,180.34,190.5,77.112
JC Cottrell,Orthodox,1989-11-04,http://ufcstats.com/fighter-details/3ec1e4ba98c9c85a,175.26,,70.308
JR Coughran,Orthodox,1994-05-17,http://ufcstats.com/fighter-details/8112c9a23dccc759,167.64000000000001,,65.772
Rashad Coulter,Orthodox,1981-11-27,http://ufcstats.com/fighter-details/d1528ac5675558b1,180.34,193.04,92.988
Dave Courchaine,,,http://ufcstats.com/fighter-details/79ab17db3b40831a,172.72,,77.112
Randy Couture,Orthodox,1963-06-22,http://ufcstats.com/fighter-details/0aa92558424ced9e,185.42000000000002,190.5,92.988
Kim Couture,Orthodox,1975-12-18,http://ufcstats.com/fighter-details/84c43f0d25f15b0b,172.72,,61.236
Ryan Couture,Orthodox,1982-08-27,http://ufcstats.com/fighter-details/46fd223e3ced39b3,177.8,185.42000000000002,70.308
Nikk Covert,,1969-08-04,http://ufcstats.com/fighter-details/400c7b43c86d27d3,172.72,,83.916
Colby Covington,Orthodox,1988-02-22,http://ufcstats.com/fighter-details/dc9572dd6ec74859,180.34,182.88,77.112
Hailey Cowan,Southpaw,1992-02-12,http://ufcstats.com/fighter-details/3c26c420584d912d,172.72,170.18,61.236
Jeff Cox,Orthodox,1968-08-02,http://ufcstats.com/fighter-details/c9bbf1a0285a8076,177.8,,70.308
Nathan Coy,Southpaw,1978-07-24,http://ufcstats.com/fighter-details/15ec018d144710db,177.8,175.26,77.112
Andrew Craig,Orthodox,1986-01-15,http://ufcstats.com/fighter-details/8a70ceb3edbe757b,185.42000000000002,193.04,77.112
Paul Craig,Orthodox,1987-11-27,http://ufcstats.com/fighter-details/eabf206b162b3b83,190.5,193.04,92.988
Dan Cramer,Orthodox,1985-10-31,http://ufcstats.com/fighter-details/480b702debcb5433,187.96,,77.112
Alberto Crane,Orthodox,1976-07-14,http://ufcstats.com/fighter-details/25433871e4eee0f4,165.1,,70.308
Tim Credeur,Orthodox,1977-07-09,http://ufcstats.com/fighter-details/89b8d1bf1ff09d1d,190.5,190.5,83.916
Paul Creighton,Southpaw,1970-06-04,http://ufcstats.com/fighter-details/ed73c85164a5f5a4,167.64000000000001,,70.308
Helena Crevar,,,http://ufcstats.com/fighter-details/a8c3ce469cb8b130,,,
Alexander Crispim,,,http://ufcstats.com/fighter-details/15dedd05f8bcb475,,,65.772
Alex Crispin,,,http://ufcstats.com/fighter-details/8944a0f9b2f0ce6d,,,70.308
Melissa Croden,,1991-04-12,http://ufcstats.com/fighter-details/51e2f44a8dbf6984,,,61.236
Kevin Croom,Orthodox,1987-07-15,http://ufcstats.com/fighter-details/35b3772629e27a49,180.34,185.42000000000002,61.236
Kiefer Crosbie,Switch,1990-04-05,http://ufcstats.com/fighter-details/4729c93ba705a3bf,180.34,177.8,77.112
Ken Cross,Southpaw,1994-10-04,http://ufcstats.com/fighter-details/923767209632e08a,182.88,182.88,70.308
Jeff Crotty,,,http://ufcstats.com/fighter-details/98601a40e9d96047,,,70.308
Allen Crowder,Orthodox,1989-11-08,http://ufcstats.com/fighter-details/a9d6e047ce48ab63,190.5,193.04,111.132
Daron Cruickshank,Switch,1985-06-11,http://ufcstats.com/fighter-details/5f99b2bafb10305f,172.72,182.88,70.308
Richard Crunkilton,Orthodox,1979-11-25,http://ufcstats.com/fighter-details/22ee260735da0d58,170.18,,70.308
Jimmy Crute,Orthodox,1996-03-04,http://ufcstats.com/fighter-details/70e1f8a821b72c8b,187.96,187.96,92.988
Marcio Cruz,Orthodox,1978-04-24,http://ufcstats.com/fighter-details/6aa1cbc1466e9a0b,193.04,,105.2352
Dominick Cruz,Orthodox,1985-03-09,http://ufcstats.com/fighter-details/10f3ba6cd2f44a97,172.72,172.72,61.236
Aalon Cruz,Switch,1989-09-20,http://ufcstats.com/fighter-details/003d82fa384ca1d0,182.88,198.12,65.772
Timmy Cuamba,Orthodox,1999-02-08,http://ufcstats.com/fighter-details/0e46690e55a8df75,175.26,180.34,65.772
Jay Cucciniello,Orthodox,1986-07-23,http://ufcstats.com/fighter-details/683ea28a198936fe,170.18,,70.308
Emilio Cuellar,,,http://ufcstats.com/fighter-details/3aeb69b4a13ff0e8,,,56.7
Josh Culibao,Orthodox,1994-05-24,http://ufcstats.com/fighter-details/6751eacd16bd59bc,177.8,185.42000000000002,65.772
Chris Culley,,1986-03-25,http://ufcstats.com/fighter-details/e59b13321562eed3,,,65.772
Abel Cullum,Orthodox,1987-04-21,http://ufcstats.com/fighter-details/2f8f3c69522db931,170.18,,63.0504
Zak Cummings,Southpaw,1984-08-02,http://ufcstats.com/fighter-details/4ba8d454f762005d,182.88,190.5,92.988
Everett Cummings,,,http://ufcstats.com/fighter-details/05e4be525cb3578c,,,92.988
Patrick Cummins,Orthodox,1980-11-16,http://ufcstats.com/fighter-details/e51e5cb722bd47a8,187.96,193.04,92.988
Luke Cummo,Orthodox,1980-04-27,http://ufcstats.com/fighter-details/93ce4ac89e3d7652,182.88,187.96,77.112
Hugo Cunha,Orthodox,1993-02-04,http://ufcstats.com/fighter-details/46a17755f80f63e8,190.5,200.66,119.2968
Alton Cunningham,Orthodox,1993-06-24,http://ufcstats.com/fighter-details/305bde44ff664788,187.96,195.58,92.988
AJ Cunningham,Orthodox,1994-09-07,http://ufcstats.com/fighter-details/d1053e55f00e53fe,177.8,180.34,61.236
Tommy Cuozzi Jr.,Orthodox,1999-08-31,http://ufcstats.com/fighter-details/eb49fe2f85ae9526,175.26,180.34,65.772
Santo Curatolo,Southpaw,1995-01-18,http://ufcstats.com/fighter-details/b8b765e320a8db39,160.02,157.48,56.7
Larry Cureton,Orthodox,,http://ufcstats.com/fighter-details/46f11d15c0134fe3,187.96,,108.864
Jeff Curran,Orthodox,1977-09-02,http://ufcstats.com/fighter-details/a8ea84cbe1655f0a,167.64000000000001,175.26,61.236
Kailin Curran,Orthodox,1991-04-11,http://ufcstats.com/fighter-details/05b43e0ead3df345,162.56,165.1,52.164
Pat Curran,,1987-08-31,http://ufcstats.com/fighter-details/d8291d0dd63da29c,175.26,,65.772
Will Currie,Switch,1998-11-12,http://ufcstats.com/fighter-details/b8ff02d5703eca3a,190.5,193.04,83.916
Chris Curtis,Orthodox,1987-07-15,http://ufcstats.com/fighter-details/5442f1bc4b47eaf3,177.8,190.5,77.112
Ion Cutelaba,Southpaw,1993-12-14,http://ufcstats.com/fighter-details/cd13728ae1151f46,185.42000000000002,190.5,92.988
Gleidson Cutis,Orthodox,1989-02-07,http://ufcstats.com/fighter-details/44a94bbde42246e4,175.26,,70.308
Sarah D'alelio,,1980-12-13,http://ufcstats.com/fighter-details/ac45450f75d14f16,170.18,,65.772
Marcos da Matta,,1973-03-18,http://ufcstats.com/fighter-details/3b6d84343579fd33,162.56,,65.772
Henrique da Silva,Orthodox,1989-09-01,http://ufcstats.com/fighter-details/b0bd0c5425668b8f,190.5,193.04,92.988
Ariane da Silva,Orthodox,1994-01-26,http://ufcstats.com/fighter-details/6551c64fbcd1a467,167.64000000000001,170.18,56.7
Alex Da Silva,Orthodox,1996-02-04,http://ufcstats.com/fighter-details/c3ded6f7155f9ea4,172.72,185.42000000000002,70.308
Radley Da Silva,Orthodox,1995-06-20,http://ufcstats.com/fighter-details/0d68c7bfdff1dc34,175.26,180.34,65.772
Henrique Da Silva Lopes,,1985-03-08,http://ufcstats.com/fighter-details/1f8cd7634e8286ff,190.5,,108.864
Deni Daffa,Orthodox,1999-09-08,http://ufcstats.com/fighter-details/d28bef63e7d8d536,182.88,187.96,70.308
Nicolas Dalby,Orthodox,1984-11-16,http://ufcstats.com/fighter-details/9d19d9e4aa2662e8,180.34,187.96,77.112
Paul Daley,Orthodox,1983-02-21,http://ufcstats.com/fighter-details/23725c826c481e7f,175.26,193.04,77.112
Dave Dalgliesh,Orthodox,1978-04-05,http://ufcstats.com/fighter-details/ddbd0d6259ce57cc,187.96,,92.988
Richard Dalton,Orthodox,,http://ufcstats.com/fighter-details/6cd3dfc54f01287f,185.42000000000002,,92.988
Aisling Daly,Orthodox,1987-12-24,http://ufcstats.com/fighter-details/e50cd77732d39967,157.48,162.56,52.164
Marko Damiani,,,http://ufcstats.com/fighter-details/6e9b5c74c0860deb,182.88,,77.112
Leonardo Damiani,Orthodox,1990-08-30,http://ufcstats.com/fighter-details/acd870570949d8a2,177.8,175.26,77.112
Rodrigo Damm,Orthodox,1980-02-03,http://ufcstats.com/fighter-details/a20d7dfaba74c067,170.18,180.34,70.308
Carina Damm,,,http://ufcstats.com/fighter-details/033343da4c0cff8a,162.56,,61.236
Batgerel Danaa,Orthodox,1989-07-04,http://ufcstats.com/fighter-details/3b0a516d2921e0d6,170.18,177.8,61.236
Cindy Dandois,Orthodox,1984-10-26,http://ufcstats.com/fighter-details/9eef6584fab21fbb,170.18,,61.236
Peter Danesoe,Orthodox,2000-09-01,http://ufcstats.com/fighter-details/5f119b24c0f9679c,175.26,172.72,61.236
Jarjis Danho,Orthodox,1983-10-15,http://ufcstats.com/fighter-details/8614b7134913f5d5,190.5,187.96,120.20400000000001
Jose Daniel Medina,Orthodox,1991-05-17,http://ufcstats.com/fighter-details/baa9be02c3e3e038,182.88,187.96,83.916
Raymond Daniels,Southpaw,,http://ufcstats.com/fighter-details/fccb0fee256b7b4d,187.96,,83.916
Marques Daniels,,,http://ufcstats.com/fighter-details/55a80a9365bc107d,,,70.308
Anvarbek Daniyalbekov,,1995-05-27,http://ufcstats.com/fighter-details/859e0dafd04fe1ca,,,83.916
Alexandre Dantas,Orthodox,1979-03-01,http://ufcstats.com/fighter-details/8dc46e9a7895ce1a,187.96,,107.9568
Eduardo Dantas,,1989-02-03,http://ufcstats.com/fighter-details/676a2e5ec4d7338c,177.8,,61.236
Mac Danzig,Orthodox,1980-01-02,http://ufcstats.com/fighter-details/86f582852a5b240a,172.72,177.8,70.308
Karen Darabedyan,Orthodox,1986-12-18,http://ufcstats.com/fighter-details/d2fa318f34d0aadc,170.18,172.72,70.308
Beneil Dariush,Southpaw,1989-05-06,http://ufcstats.com/fighter-details/08af939f41b5a57b,177.8,182.88,70.308
Sean Daugherty,,1975-12-04,http://ufcstats.com/fighter-details/a683f9ddb70aa4bd,182.88,,79.38
Kyle Daukaus,Southpaw,1993-02-27,http://ufcstats.com/fighter-details/d6c0cdd7e467c440,187.96,193.04,83.916
Chris Daukaus,Orthodox,1989-09-25,http://ufcstats.com/fighter-details/d0aaedcf7ccd0b45,190.5,193.04,92.988
Brian Davidson,,,http://ufcstats.com/fighter-details/42775dc893603154,167.64000000000001,,65.772
Rick Davis,Orthodox,,http://ufcstats.com/fighter-details/2549d63da9c456cb,175.26,,70.308
Marcus Davis,Southpaw,1973-08-24,http://ufcstats.com/fighter-details/b7d524c77c27389b,177.8,177.8,77.112
LC Davis,Southpaw,1980-10-28,http://ufcstats.com/fighter-details/6dab8ce5e4bffe77,172.72,175.26,61.236
Phil Davis,Orthodox,1984-09-25,http://ufcstats.com/fighter-details/902ab9197b83d0db,187.96,200.66,92.988
Lemont Davis,Orthodox,,http://ufcstats.com/fighter-details/a993ef2dd36cea5f,172.72,,77.112
Mike Davis,,,http://ufcstats.com/fighter-details/c8661e204c66f325,,,
Justin Davis,,1983-04-01,http://ufcstats.com/fighter-details/20697b334f6c0a45,180.34,,92.988
Alexis Davis,Orthodox,1984-10-04,http://ufcstats.com/fighter-details/4c2d90e335e6df19,167.64000000000001,172.72,61.236
Danny Davis,,1982-07-28,http://ufcstats.com/fighter-details/570d40f993171b19,187.96,,77.112
Brandon Davis,Orthodox,1990-05-08,http://ufcstats.com/fighter-details/cc351e408bbb7d43,177.8,182.88,61.236
Mike Davis,Orthodox,1992-10-07,http://ufcstats.com/fighter-details/fb3e61720be4690c,182.88,182.88,70.308
Hakeem Dawodu,Orthodox,1991-07-02,http://ufcstats.com/fighter-details/2c9d00968f818270,172.72,185.42000000000002,65.772
Grant Dawson,Switch,1994-02-20,http://ufcstats.com/fighter-details/99bd51917728c25d,177.8,182.88,70.308
Jason Day,Orthodox,1981-05-19,http://ufcstats.com/fighter-details/a6fd2173d5e2d7f0,182.88,182.88,83.916
Martin Day,Orthodox,1988-11-10,http://ufcstats.com/fighter-details/ea3dcc417c322064,177.8,185.42000000000002,65.772
Angel De Anda,Orthodox,1985-05-28,http://ufcstats.com/fighter-details/4b450aa602611baa,175.26,,102.06
Yorgan De Castro,Orthodox,1986-12-19,http://ufcstats.com/fighter-details/1eff7bc0f815b270,182.88,187.96,113.4
Geraldo de Freitas,Orthodox,1991-09-30,http://ufcstats.com/fighter-details/9cfbfae5fa1fdd93,170.18,182.88,61.236
Philip De Fries,Orthodox,1986-04-21,http://ufcstats.com/fighter-details/6ef65b6a152e49d5,195.58,200.66,113.4
Chris de la Rocha,Orthodox,1979-05-15,http://ufcstats.com/fighter-details/e51ee8ded927fc51,190.5,203.2,113.4
Montana De La Rosa,Orthodox,1995-02-14,http://ufcstats.com/fighter-details/80d8aed0ca9b00f3,170.18,172.72,56.7
Mark De La Rosa,Orthodox,1994-08-31,http://ufcstats.com/fighter-details/f57dd0bfa8c17813,167.64000000000001,165.1,61.236
Mike de la Torre,Orthodox,1986-09-22,http://ufcstats.com/fighter-details/1971869b7e054261,180.34,180.34,65.772
Rodrigo de Lima,Orthodox,1991-03-12,http://ufcstats.com/fighter-details/a4dc47001f202bcd,170.18,,70.308
Edilberto de Oliveira,Orthodox,1982-11-22,http://ufcstats.com/fighter-details/afdb76fbd86f6d11,182.88,,77.112
Johil de Oliveira,Orthodox,,http://ufcstats.com/fighter-details/f9aa6376ae16bfb4,167.64000000000001,,77.112
Jorge de Oliveira,Orthodox,1980-01-22,http://ufcstats.com/fighter-details/ddf3e0ea10ea6d8c,172.72,,70.308
Jair De Oliveira,,1996-05-09,http://ufcstats.com/fighter-details/f14fbb2e55da044c,175.26,175.26,92.988
Isabela de Padua,Orthodox,1991-09-04,http://ufcstats.com/fighter-details/e0f959f65d0406b4,160.02,162.56,56.7
Gloria de Paula,Orthodox,1995-06-10,http://ufcstats.com/fighter-details/5dd180c8b3196786,165.1,170.18,52.164
Germaine de Randamie,Orthodox,1984-04-24,http://ufcstats.com/fighter-details/1d239d571e342453,175.26,180.34,61.236
Reinier de Ridder,Southpaw,1990-09-07,http://ufcstats.com/fighter-details/d549cefc7c54ab78,193.04,198.12,83.916
Crezio de Souza,Orthodox,,http://ufcstats.com/fighter-details/3746e21bb508391a,,,77.112
Carl Deaton,Orthodox,1989-11-24,http://ufcstats.com/fighter-details/914a897455693650,170.18,175.26,70.308
Tom DeBlass,Orthodox,1982-05-14,http://ufcstats.com/fighter-details/0bcfe2513cb3bc39,182.88,,83.916
Issac DeJesus,,,http://ufcstats.com/fighter-details/0e2c2daf11b5d8f2,,,65.772
RafaelDel Real,,,http://ufcstats.com/fighter-details/e82b2adcaeff71ec,180.34,,102.06
Shane del Rosario,Southpaw,1983-09-23,http://ufcstats.com/fighter-details/85980f5da429c0a6,193.04,,113.4
Wallen Del Rosario,Orthodox,1993-03-18,http://ufcstats.com/fighter-details/a62f85f6a6c19a4c,162.56,170.18,56.7
Yadier del Valle,Southpaw,1996-07-29,http://ufcstats.com/fighter-details/70380ccdc81915b8,175.26,175.26,65.772
Jose Delano,Orthodox,1996-09-11,http://ufcstats.com/fighter-details/d7c4956d61ae76a9,172.72,177.8,65.772
Humberto DeLeon,,1989-11-12,http://ufcstats.com/fighter-details/bfaf4c87936b4fae,,,61.236
Rolando Delgado,Orthodox,1981-11-22,http://ufcstats.com/fighter-details/37b1696e6d115957,190.5,195.58,70.308
Israel Delgado,,,http://ufcstats.com/fighter-details/01f4bcd26ac08ad5,177.8,,70.308
Jose Delgado,Switch,1998-04-21,http://ufcstats.com/fighter-details/7d6ceff6747f2de2,180.34,187.96,65.772
Ante Delija,Orthodox,1990-08-07,http://ufcstats.com/fighter-details/7d8435c56043b0ae,190.5,198.12,108.4104
Jack Della Maddalena,Switch,1996-09-10,http://ufcstats.com/fighter-details/6b453bc35a823c3f,180.34,185.42000000000002,77.112
Roland Delorme,Orthodox,1983-12-18,http://ufcstats.com/fighter-details/173acb3f920082b8,175.26,180.34,61.236
Jon Delos Reyes,Orthodox,1987-08-19,http://ufcstats.com/fighter-details/0d0351c20169a499,167.64000000000001,170.18,56.7
Jason DeLucia,Southpaw,1969-07-24,http://ufcstats.com/fighter-details/6ceff86fae4f6b3b,180.34,,86.184
Justin DeMoney,,1985-07-01,http://ufcstats.com/fighter-details/985bca5a097fb3f4,,,77.112
Vanessa Demopoulos,Orthodox,1988-09-22,http://ufcstats.com/fighter-details/2c483cf443f38ece,157.48,149.86,56.7
Chris Dempsey,Orthodox,1987-09-08,http://ufcstats.com/fighter-details/dfae5da5676e4194,177.8,182.88,83.916
Nick Denis,Orthodox,1983-10-11,http://ufcstats.com/fighter-details/e4aaaa34535e32b6,170.18,,61.236
Thomas Denny,Orthodox,1971-04-19,http://ufcstats.com/fighter-details/a11a6ee8eeb03c18,177.8,,77.112
Robert Densley,,,http://ufcstats.com/fighter-details/b72f3cafa6376e35,175.26,,70.308
Jason Dent,Orthodox,1980-06-12,http://ufcstats.com/fighter-details/fa8b9e6b0c2269f8,177.8,180.34,70.308
Mackenzie Dern,Orthodox,1993-03-24,http://ufcstats.com/fighter-details/7447e9f28508106a,162.56,160.02,52.164
Booker DeRousse,,1981-03-23,http://ufcstats.com/fighter-details/f2c91b67f71bbeab,187.96,,92.988
Tony DeSouza,Southpaw,1974-07-26,http://ufcstats.com/fighter-details/6ad9058b7c7898b0,182.88,177.8,77.112
Robelis Despaigne,Orthodox,1988-09-09,http://ufcstats.com/fighter-details/140567899d98978a,200.66,213.36,120.20400000000001
Cory Devela,Orthodox,,http://ufcstats.com/fighter-details/48544433372ecfa6,152.4,,83.916
John Devine,,,http://ufcstats.com/fighter-details/2bcc39af95d6f2e8,,,
Edwin DeWees,Orthodox,1982-08-07,http://ufcstats.com/fighter-details/75bbd2206a15319f,185.42000000000002,,83.916
Alessio Di Chirico,Orthodox,1989-12-12,http://ufcstats.com/fighter-details/77d7295d1b22c694,182.88,187.96,83.916
Micol Di Segni,Orthodox,1987-12-29,http://ufcstats.com/fighter-details/8126e4dff0cdf69e,160.02,152.4,52.164
Cyrille Diabate,Southpaw,1973-10-06,http://ufcstats.com/fighter-details/43563a32c3f10e95,198.12,205.74,92.988
Thomas Diagne,,1983-09-03,http://ufcstats.com/fighter-details/8567466ae167216b,185.42000000000002,,69.8544
Marc Diakiese,Orthodox,1993-03-16,http://ufcstats.com/fighter-details/32c355b04fc57f3a,177.8,185.42000000000002,70.308
Tyler Diamond,Orthodox,1991-03-18,http://ufcstats.com/fighter-details/f5f6419c5f00abad,170.18,175.26,65.772
Blood Diamond,Switch,1988-07-10,http://ufcstats.com/fighter-details/9edf2c9082cc2cd8,180.34,193.04,77.112
Eldo Xavier Dias,,1964-07-16,http://ufcstats.com/fighter-details/ee5df903f80c6816,180.34,,81.648
Rafael Dias,Orthodox,1979-10-20,http://ufcstats.com/fighter-details/b5abaa65f87938eb,175.26,,65.772
Hacran Dias,Orthodox,1984-06-16,http://ufcstats.com/fighter-details/ed209f6618c82e41,172.72,175.26,70.308
Victor Dias,Orthodox,1990-12-26,http://ufcstats.com/fighter-details/f7202b3130421d27,167.64000000000001,175.26,56.7
Magno Dias,,1995-11-30,http://ufcstats.com/fighter-details/270e84d8174721d2,165.1,170.18,61.236
Nick Diaz,Southpaw,1983-08-02,http://ufcstats.com/fighter-details/f57a8a52ca401ed9,185.42000000000002,193.04,77.112
Nate Diaz,Southpaw,1985-04-16,http://ufcstats.com/fighter-details/8355922d564b152c,182.88,193.04,77.112
Michael Diaz,,,http://ufcstats.com/fighter-details/5e7a48e469770615,,,117.936
Ryan Diaz,,,http://ufcstats.com/fighter-details/ceee5dd37253199a,,,65.772
Adrian Diaz,Southpaw,1988-04-26,http://ufcstats.com/fighter-details/bfa8f263815cfa2e,177.8,,65.772
Ozzy Diaz,Orthodox,1990-11-22,http://ufcstats.com/fighter-details/6967153c7edb4d87,193.04,200.66,83.916
Juan Diaz,,1998-06-03,http://ufcstats.com/fighter-details/74939a16c7b56f33,,,61.236
Mark Dickman,,1984-07-19,http://ufcstats.com/fighter-details/2482ef3331a82e75,175.26,,65.772
Josh Diekmann,,1976-10-09,http://ufcstats.com/fighter-details/414bddf0c80c41e1,162.56,,111.5856
Kyle Dietz,Orthodox,1986-04-29,http://ufcstats.com/fighter-details/31da66df48c0c1a0,172.72,,61.236
Seth Dikun,Orthodox,1980-08-05,http://ufcstats.com/fighter-details/eb42d4febfafefd1,177.8,175.26,61.236
TJ Dillashaw,Orthodox,1986-02-07,http://ufcstats.com/fighter-details/c849740a3ff51931,167.64000000000001,170.18,61.236
Ralph Dillon,Orthodox,,http://ufcstats.com/fighter-details/b4f7a2d8ecc5e0c3,187.96,,92.988
Drew Dimanlig,,,http://ufcstats.com/fighter-details/cc2ad11b1f9d818b,,,83.916
Ding Meng,Orthodox,1994-09-27,http://ufcstats.com/fighter-details/e0664abaa023fd6f,187.96,185.42000000000002,77.112
Rodolfo Marques Diniz,,1984-01-23,http://ufcstats.com/fighter-details/2d2239d0f6fa83dd,167.64000000000001,,61.236
Jhonata Diniz,Orthodox,1991-06-23,http://ufcstats.com/fighter-details/25f9a5f3e8a52618,193.04,200.66,115.2144
Helio Dipp,Orthodox,,http://ufcstats.com/fighter-details/73eb2a552c92a821,195.58,,83.916
Rico DiSciullo,Orthodox,1986-10-12,http://ufcstats.com/fighter-details/ec7f7263bf36579b,172.72,,61.236
Matt Dixon,Switch,1995-10-09,http://ufcstats.com/fighter-details/1db445a4468447d0,177.8,190.5,77.112
John Dixson,Orthodox,,http://ufcstats.com/fighter-details/ad4e9055bf8cd04d,182.88,,124.74
Anthony Do,,,http://ufcstats.com/fighter-details/7c9aeba0c4d4bd78,162.56,,56.7
Russell Doane,Orthodox,1986-08-13,http://ufcstats.com/fighter-details/f50d95223751e6ca,170.18,177.8,61.236
Drew Dober,Southpaw,1988-10-19,http://ufcstats.com/fighter-details/519e4fe37ce9ff75,172.72,177.8,70.308
Shana Dobson,Orthodox,1989-03-30,http://ufcstats.com/fighter-details/122ac9b816d8b71c,167.64000000000001,175.26,56.7
AJ Dobson,Orthodox,1992-01-18,http://ufcstats.com/fighter-details/009c4420727149ea,185.42000000000002,193.04,83.916
David Dodd,Orthodox,1973-09-22,http://ufcstats.com/fighter-details/c2a7623f398d9bd7,187.96,,90.72
John Dodson,Orthodox,1984-09-26,http://ufcstats.com/fighter-details/99506df1af6c8b3b,160.02,167.64000000000001,61.236
Joe Doerksen,Orthodox,1977-10-09,http://ufcstats.com/fighter-details/dbaaf42313af90fa,182.88,190.5,83.916
Mike Dolce,,1976-04-15,http://ufcstats.com/fighter-details/29b5791e51e7e832,180.34,,83.916
Roman Dolidze,Orthodox,1988-07-15,http://ufcstats.com/fighter-details/327d5f279895110d,187.96,193.04,83.916
Cameron Dollar,Orthodox,1987-05-12,http://ufcstats.com/fighter-details/3bbcd63a016d9715,180.34,,70.308
CB Dollaway,Orthodox,1983-08-10,http://ufcstats.com/fighter-details/5d7bdab5e03e3216,187.96,193.04,83.916
Dennis Dombrow,,1986-03-17,http://ufcstats.com/fighter-details/4145caa2c999fbac,,,65.772
OJ Dominguez,,,http://ufcstats.com/fighter-details/1a50e734bb54861a,,,
John Donaldson,,1992-07-09,http://ufcstats.com/fighter-details/1c610f900f9884ab,172.72,,65.772
Daniil Donchenko,Orthodox,2001-08-04,http://ufcstats.com/fighter-details/70dd69b6a703257e,180.34,180.34,77.112
Dong Huaxiang,Switch,1998-08-21,http://ufcstats.com/fighter-details/bad82b681819b272,160.02,154.94,52.164
Cody Donovan,Orthodox,1981-02-20,http://ufcstats.com/fighter-details/7bc96507e4b38d3b,190.5,187.96,92.988
Houston Dorr,Orthodox,,http://ufcstats.com/fighter-details/312f47c3d2f83ffa,185.42000000000002,,95.256
Rafael Dos Anjos,Southpaw,1984-10-26,http://ufcstats.com/fighter-details/6a2f7c151031653d,172.72,177.8,77.112
Junior Dos Santos,Orthodox,1984-01-30,http://ufcstats.com/fighter-details/63def5a5662a6917,193.04,195.58,107.9568
Geronimo dos Santos,Orthodox,1980-08-17,http://ufcstats.com/fighter-details/b51f6791c794e289,190.5,,119.7504
Antonio Dos Santos,Orthodox,1988-07-21,http://ufcstats.com/fighter-details/81b8b3fb019dc69d,177.8,,83.916
Anderson Dos Santos,Orthodox,1985-07-24,http://ufcstats.com/fighter-details/bbc9ab95fa766493,165.1,177.8,61.236
Acacio Dos Santos,Orthodox,1991-09-29,http://ufcstats.com/fighter-details/957562fdf68a725a,193.04,200.66,92.988
Rayanne dos Santos,Orthodox,1995-06-08,http://ufcstats.com/fighter-details/02bb48869eb7ac8f,157.48,157.48,52.164
Felipe dos Santos,Orthodox,2000-09-11,http://ufcstats.com/fighter-details/5cdf5339728f580d,170.18,177.8,56.7
Tiago dos Santos e Silva,Orthodox,1987-04-12,http://ufcstats.com/fighter-details/8ce87f7e3a9baed2,175.26,177.8,65.772
Oleksandr Doskalchuk,Southpaw,1990-03-13,http://ufcstats.com/fighter-details/86cb6f5b1ca98dc0,167.64000000000001,,56.7
David Douglas,,1981-08-16,http://ufcstats.com/fighter-details/7cf0944b88966118,180.34,,70.308
Damion Douglas,,,http://ufcstats.com/fighter-details/ce3b669e39418414,,,77.112
Lerryan Douglas,Orthodox,1995-04-27,http://ufcstats.com/fighter-details/640a0f838f057a81,175.26,182.88,65.772
Cedric Doumbe,,1992-08-13,http://ufcstats.com/fighter-details/5159e6ee100c717e,177.8,,77.112
John Dowdy,,,http://ufcstats.com/fighter-details/e780ccc79a209985,,,
Jordan Dowdy,,,http://ufcstats.com/fighter-details/0d9312337fdce39a,,,77.112
Danny Downes,Orthodox,1986-04-08,http://ufcstats.com/fighter-details/a66395395b5f1394,182.88,182.88,70.308
Derek Downey,Orthodox,1980-04-27,http://ufcstats.com/fighter-details/b05086131c6f5dc5,185.42000000000002,,83.916
John Doyle,Orthodox,1976-11-21,http://ufcstats.com/fighter-details/0509b954421bb327,180.34,,92.988
Edson Drago,Orthodox,1977-08-29,http://ufcstats.com/fighter-details/f9c7fe2682af3802,193.04,,99.792
Jimmy Drago,Orthodox,1995-02-18,http://ufcstats.com/fighter-details/cb4bf812d9cb78b4,177.8,180.34,77.112
Anthony Drilich,Southpaw,1994-03-17,http://ufcstats.com/fighter-details/c2c4052f58f54988,165.1,165.1,56.7
Kyle Driscoll,Orthodox,1994-09-23,http://ufcstats.com/fighter-details/e5e148d4363deff8,180.34,187.96,65.772
Chris Drumm,,,http://ufcstats.com/fighter-details/5fd834edd92c9e50,172.72,,65.772
Tomasz Drwal,Orthodox,1982-01-22,http://ufcstats.com/fighter-details/679a9054e2815943,185.42000000000002,193.04,92.988
Robert Drysdale,Orthodox,1981-10-05,http://ufcstats.com/fighter-details/d2a9be6bf2de624c,190.5,,92.988
Dricus Du Plessis,Switch,1994-01-14,http://ufcstats.com/fighter-details/0d7b51c9d2649a6e,185.42000000000002,193.04,83.916
Hugo Duarte,Orthodox,1968-08-09,http://ufcstats.com/fighter-details/706404da0775dcbc,182.88,,108.864
Antonio Duarte,,,http://ufcstats.com/fighter-details/29b5d32584e02d8d,170.18,,61.236
Joe Duarte,,1977-01-25,http://ufcstats.com/fighter-details/454c3e9d4cd4a1b3,,,70.308
Yuneisy Duben,Orthodox,1996-07-08,http://ufcstats.com/fighter-details/c3d2b9bcb4cead6b,162.56,165.1,56.7
Matthieu Duclos,Orthodox,1995-04-04,http://ufcstats.com/fighter-details/ec322adbabbfa6e7,190.5,195.58,83.916
Emily Ducote,Orthodox,1994-01-01,http://ufcstats.com/fighter-details/02f8fedc18cbd26c,157.48,160.02,52.164
Viktoriia Dudakova,Orthodox,1999-01-26,http://ufcstats.com/fighter-details/6c9b66b43663f2f7,165.1,170.18,52.164
Milana Dudieva,Orthodox,1989-08-04,http://ufcstats.com/fighter-details/072a10e85f7d4bff,160.02,,61.236
Adin Duenas,,1988-07-02,http://ufcstats.com/fighter-details/cb6c45b26b0a877a,167.64000000000001,,65.772
Todd Duffee,Orthodox,1985-12-06,http://ufcstats.com/fighter-details/bda04c573563cc2e,190.5,198.12,117.936
Joe Duffy,Orthodox,1988-02-18,http://ufcstats.com/fighter-details/654ae722109a0d31,177.8,185.42000000000002,70.308
Jack Duffy,Switch,1995-10-02,http://ufcstats.com/fighter-details/cea51876d8a514a0,170.18,175.26,56.7
Alexis Dufresne,Orthodox,1990-08-31,http://ufcstats.com/fighter-details/4ae4049426e0161d,175.26,,61.236
Jessamyn Duke,Orthodox,1986-06-24,http://ufcstats.com/fighter-details/a7ddae0be8b78147,180.34,185.42000000000002,61.236
Islam Dulatov,Orthodox,1998-08-02,http://ufcstats.com/fighter-details/e803242fb2e41112,190.5,190.5,77.112
Isaac Dulgarian,Orthodox,1996-07-04,http://ufcstats.com/fighter-details/a57cb948c4c70a47,170.18,180.34,65.772
Kelly Dullanty,Orthodox,1977-11-04,http://ufcstats.com/fighter-details/1a225f04aa6e0739,172.72,,70.308
Sedriques Dumas,Orthodox,1995-08-06,http://ufcstats.com/fighter-details/4e6738062d469256,187.96,200.66,83.916
Norma Dumont,Orthodox,1990-10-01,http://ufcstats.com/fighter-details/d3f5d33d61cd00c9,170.18,170.18,61.236
Chris Duncan,Orthodox,1993-05-10,http://ufcstats.com/fighter-details/fd406a32a6fb3a29,177.8,180.34,70.308
Christian Leroy Duncan,Switch,1995-07-24,http://ufcstats.com/fighter-details/a93f94c923c3a9cb,187.96,200.66,83.916
Evan Dunham,Southpaw,1981-12-18,http://ufcstats.com/fighter-details/e5c9de15bb58b1c6,177.8,177.8,70.308
Alex Dunworth,,,http://ufcstats.com/fighter-details/31732a614e7a3d1d,172.72,,70.308
Tom Duquesnoy,Orthodox,1993-06-21,http://ufcstats.com/fighter-details/e979c76341f19b22,170.18,172.72,61.236
Albert Duraev,Orthodox,1989-01-05,http://ufcstats.com/fighter-details/6b7c7460855dbbb9,180.34,190.5,83.916
Reuben Duran,Orthodox,1983-07-02,http://ufcstats.com/fighter-details/4417980b3e798abf,170.18,180.34,61.236
Cody Durden,Southpaw,1991-03-29,http://ufcstats.com/fighter-details/7f6ed67d3ed3c036,170.18,170.18,56.7
Luiz Dutra,Orthodox,1982-05-06,http://ufcstats.com/fighter-details/2153a7f8396a46cc,180.34,,77.112
Rilley Dutro,Orthodox,1987-09-03,http://ufcstats.com/fighter-details/43db649da89fac4b,172.72,,56.7
Bill Duvall,Southpaw,,http://ufcstats.com/fighter-details/7df4d3c38792b083,187.96,,83.916
Merab Dvalishvili,Orthodox,1991-01-10,http://ufcstats.com/fighter-details/c03520b5c88ed6b4,167.64000000000001,172.72,61.236
David Dvorak,Orthodox,1992-06-05,http://ufcstats.com/fighter-details/9ada30894bf04e19,165.1,172.72,56.7
Matt Dwyer,Orthodox,1989-12-17,http://ufcstats.com/fighter-details/8f0d576beba1cfcd,193.04,193.04,77.112
Rolando Dy,Orthodox,1990-08-11,http://ufcstats.com/fighter-details/55ed59d541f8b90c,172.72,175.26,65.772
Shanelle Dyer,Orthodox,2001-04-23,http://ufcstats.com/fighter-details/cfbb3edab781dfd2,167.64000000000001,165.1,52.164
Ben Earwood,Orthodox,,http://ufcstats.com/fighter-details/ee457ef1e1c326c1,172.72,,77.112
Cody East,Orthodox,1988-06-29,http://ufcstats.com/fighter-details/5713c1d2fac539ac,190.5,,111.132
Marvin Eastman,Orthodox,1971-06-08,http://ufcstats.com/fighter-details/05866d8c3a321856,175.26,185.42000000000002,83.916
Mike Easton,Southpaw,1984-01-25,http://ufcstats.com/fighter-details/bc7230f231701d66,167.64000000000001,177.8,61.236
Maurice Eazel,,,http://ufcstats.com/fighter-details/4acb99524a9a81ab,170.18,,61.236
Vincent Eazelle,,1980-12-07,http://ufcstats.com/fighter-details/ec421d5de0aea624,180.34,,70.308
Ross Ebanez,Southpaw,1975-05-18,http://ufcstats.com/fighter-details/a5b0bd216d8ba84e,175.26,,69.8544
Brian Ebersole,Southpaw,1980-11-27,http://ufcstats.com/fighter-details/32ba186f4b0e3267,182.88,185.42000000000002,77.112
Roybert Echeverria,Switch,1995-08-21,http://ufcstats.com/fighter-details/20b13e96668caaa4,165.1,170.18,56.7
Mark Eddiva,Orthodox,1986-02-16,http://ufcstats.com/fighter-details/40ff198adda94b9f,172.72,172.72,65.772
Frankie Edgar,Orthodox,1981-10-16,http://ufcstats.com/fighter-details/f2688492b9a525a3,167.64000000000001,172.72,61.236
Abdul-Kerim Edilov,Orthodox,1991-11-25,http://ufcstats.com/fighter-details/37e03538c960bac6,187.96,,92.988
Johnny Eduardo,Orthodox,1978-08-03,http://ufcstats.com/fighter-details/528c24b99fbaab79,170.18,180.34,61.236
Yves Edwards,Southpaw,1976-09-30,http://ufcstats.com/fighter-details/5f04e3d58d9ce982,175.26,185.42000000000002,70.308
Justin Edwards,Orthodox,1983-01-26,http://ufcstats.com/fighter-details/e56daf7725a0b5ab,177.8,177.8,70.308
Leon Edwards,Southpaw,1991-08-25,http://ufcstats.com/fighter-details/f1fac969a1d70b08,187.96,187.96,77.112
Te Edwards,Orthodox,1990-09-11,http://ufcstats.com/fighter-details/ef44e4ea9050f2ea,172.72,182.88,70.308
Adli Edwards,,1989-08-28,http://ufcstats.com/fighter-details/e6904a03a66e711d,,,65.772
Joselyne Edwards,Orthodox,1995-09-29,http://ufcstats.com/fighter-details/f9ab66e67240db7b,172.72,177.8,61.236
Tom Egan,Orthodox,,http://ufcstats.com/fighter-details/eae4aec1a5a8ff01,180.34,,77.112
Stephanie Egger,Orthodox,1988-08-12,http://ufcstats.com/fighter-details/5e6294b37bbef029,167.64000000000001,172.72,61.236
Justin Eilers,Orthodox,1978-06-28,http://ufcstats.com/fighter-details/27fc9218a3653e3c,185.42000000000002,,106.596
Jon Olav Einemo,Orthodox,1975-12-10,http://ufcstats.com/fighter-details/0577808d22dfe79c,198.12,,114.7608
Per Eklund,Orthodox,,http://ufcstats.com/fighter-details/58bc81376286b3d3,177.8,182.88,70.308
John Elam,,,http://ufcstats.com/fighter-details/22d80fb67e50ab0b,,,
Evan Elder,Switch,1997-04-11,http://ufcstats.com/fighter-details/d9a56ecb6e94f02e,177.8,182.88,70.308
Billy Elekana,Southpaw,1995-05-28,http://ufcstats.com/fighter-details/07a74004d964c7f4,190.5,195.58,92.988
John Paul Elias,,,http://ufcstats.com/fighter-details/e873203fd50542f6,193.04,,92.988
Joao Elias,Southpaw,1995-01-08,http://ufcstats.com/fighter-details/1a064688481f66e1,160.02,162.56,56.7
Saul Elizondo,,1985-07-17,http://ufcstats.com/fighter-details/e295b96f135d758a,170.18,,61.236
Darren Elkins,Orthodox,1984-05-16,http://ufcstats.com/fighter-details/92a9aa9c93192871,177.8,180.34,65.772
Jake Ellenberger,Orthodox,1985-03-28,http://ufcstats.com/fighter-details/d81ac739417d7f53,175.26,180.34,77.112
Joe Ellenberger,Orthodox,1985-03-28,http://ufcstats.com/fighter-details/8e8e4487c621aa1c,175.26,182.88,70.308
Tim Elliott,Southpaw,1986-12-24,http://ufcstats.com/fighter-details/c96d9178c9ed9e62,170.18,167.64000000000001,56.7
Oban Elliott,Orthodox,1997-12-19,http://ufcstats.com/fighter-details/6b56e94a59b7b134,182.88,182.88,77.112
Eddy Ellis,Orthodox,,http://ufcstats.com/fighter-details/e60d773a0a42048a,175.26,,77.112
Lisa Ellis,,1982-11-15,http://ufcstats.com/fighter-details/77350fd0e6d1dba8,162.56,,52.164
Elisha Ellison,Orthodox,1997-03-05,http://ufcstats.com/fighter-details/87e4a3a5080ee7ce,182.88,198.12,107.9568
Anna Elmose,Orthodox,1984-10-06,http://ufcstats.com/fighter-details/1536a25e16fc299b,160.02,,52.164
Cameron Else,Switch,1987-04-27,http://ufcstats.com/fighter-details/5f3da9a9610d8969,175.26,180.34,61.236
Aaron Ely,,1989-03-18,http://ufcstats.com/fighter-details/1741343f0ca34dd5,172.72,,61.236
Sovannahry Em,,1992-06-26,http://ufcstats.com/fighter-details/45c8fed13a62fe92,162.56,,61.236
Ramazan Emeev,Southpaw,1987-05-23,http://ufcstats.com/fighter-details/abd5fb12437eda21,177.8,193.04,77.112
Aleksander Emelianenko,Orthodox,1981-08-02,http://ufcstats.com/fighter-details/f54200f1dfb9b5d4,198.12,,115.668
Fedor Emelianenko,Orthodox,1976-09-28,http://ufcstats.com/fighter-details/b8da6f5c80ae2d15,182.88,187.96,104.328
Rob Emerson,Orthodox,1981-07-30,http://ufcstats.com/fighter-details/dc0f07928009a127,175.26,177.8,70.308
Jamall Emmers,Orthodox,1989-07-24,http://ufcstats.com/fighter-details/e00a3dee329a51f7,177.8,187.96,65.772
Josh Emmett,Orthodox,1985-03-04,http://ufcstats.com/fighter-details/fba03cd6cc28dc41,167.64000000000001,177.8,65.772
Marius Enache,,1975-10-16,http://ufcstats.com/fighter-details/e3f443e4cbc3da8f,180.34,,70.308
Kevin Engel,,,http://ufcstats.com/fighter-details/d2f310b5b072e986,187.96,,77.112
Kolton Englund,Orthodox,1993-07-09,http://ufcstats.com/fighter-details/4122da4f791b2f4f,177.8,175.26,70.308
Oliver Enkamp,Switch,1991-08-10,http://ufcstats.com/fighter-details/330bafba312face4,182.88,195.58,77.112
Alex Enlund,Orthodox,1987-05-27,http://ufcstats.com/fighter-details/d238217e0f8ea8e1,177.8,,65.772
Kenny Ento,,,http://ufcstats.com/fighter-details/daf9be103c1edbbd,187.96,,87.0912
Ian Entwistle,Orthodox,1986-11-19,http://ufcstats.com/fighter-details/d7adfcfdf7c6c1f8,165.1,,61.236
Andy Enz,Orthodox,1991-08-15,http://ufcstats.com/fighter-details/993d385f5a475375,190.5,198.12,83.916
Won Jin Eoh,Orthodox,,http://ufcstats.com/fighter-details/bc7cf284c1c2f16e,170.18,,72.576
Yuji Ephoevi-Ga,Switch,1999-10-19,http://ufcstats.com/fighter-details/919fc4bc3edf4de7,182.88,190.5,70.308
Josh Epps,,1986-08-23,http://ufcstats.com/fighter-details/984b0c4c6e773a1c,,,58.968
Abdellah Er-Ramy,Orthodox,1996-09-19,http://ufcstats.com/fighter-details/b593cd58b0afffb0,182.88,187.96,83.916
Steve Erceg,Orthodox,1995-07-27,http://ufcstats.com/fighter-details/32ab52e5de93092d,172.72,172.72,56.7
Tom Erikson,Orthodox,,http://ufcstats.com/fighter-details/7b9a85e5ff31ef47,190.5,,127.008
Konstantin Erokhin,Orthodox,1983-01-31,http://ufcstats.com/fighter-details/22061ff217907c78,180.34,,104.328
Julian Erosa,Southpaw,1989-07-31,http://ufcstats.com/fighter-details/902ec2cc48c8ae8a,185.42000000000002,187.96,65.772
Jarno Errens,Orthodox,1994-11-17,http://ufcstats.com/fighter-details/082eba4cd80f736f,180.34,185.42000000000002,65.772
Ivan Erslan,Orthodox,1991-11-15,http://ufcstats.com/fighter-details/64ad3e3b0efa30bb,187.96,182.88,92.988
Nick Ertl,,,http://ufcstats.com/fighter-details/74061adb224be3cc,175.26,,70.308
Chel Erwin-Davis,,,http://ufcstats.com/fighter-details/c26ea30823f37316,182.88,,77.112
Bobby Escalante,,,http://ufcstats.com/fighter-details/f7ede18b4ec4ec1f,,,58.968
Eric Esch,Orthodox,1968-08-03,http://ufcstats.com/fighter-details/0e4daed84a8f39a6,180.34,,158.76
Pro Escobedo,,,http://ufcstats.com/fighter-details/b36874652ed7715d,,,92.988
Cole Escovedo,Orthodox,1981-08-30,http://ufcstats.com/fighter-details/5df17b3620145578,170.18,182.88,61.236
Efrain Escudero,Orthodox,1986-01-15,http://ufcstats.com/fighter-details/83fd97284f4bb4a4,175.26,180.34,70.308
Evan Esguerra,,,http://ufcstats.com/fighter-details/ed220e87bef0cc64,,,65.772
Carla Esparza,Orthodox,1987-10-10,http://ufcstats.com/fighter-details/d910665038efc639,154.94,160.02,52.164
Juan Espino,Orthodox,1980-10-09,http://ufcstats.com/fighter-details/ccf5dc41417e9daf,190.5,203.2,115.668
Jordan Espinosa,Orthodox,1989-11-08,http://ufcstats.com/fighter-details/215a70f073a7b726,167.64000000000001,175.26,56.7
Jodie Esquibel,Orthodox,1986-05-07,http://ufcstats.com/fighter-details/411539901068522f,154.94,162.56,52.164
Rafael Estevam,Orthodox,1996-08-10,http://ufcstats.com/fighter-details/83455a9d17f57dae,172.72,175.26,56.7
Achilles Estremadura,Orthodox,1992-03-11,http://ufcstats.com/fighter-details/41f3cfdab0b22236,177.8,172.72,70.308
Shaun Etchell,Switch,1993-08-05,http://ufcstats.com/fighter-details/ea9bfe9c25037bba,170.18,172.72,56.7
Terry Etim,Orthodox,1986-01-11,http://ufcstats.com/fighter-details/33011768c3c4dc9a,185.42000000000002,185.42000000000002,70.308
Fred Ettish,Southpaw,,http://ufcstats.com/fighter-details/8d5daf67983b65ba,182.88,,81.648
Scott Ettling,,,http://ufcstats.com/fighter-details/74b5736f1df40be3,,,61.236
Sijara Eubanks,Orthodox,1985-04-27,http://ufcstats.com/fighter-details/4234f0097c83fa62,162.56,170.18,56.7
Billy Evangelista,Orthodox,1980-10-07,http://ufcstats.com/fighter-details/9766ed20b68c7c33,172.72,172.72,70.308
Rashad Evans,Orthodox,1979-09-25,http://ufcstats.com/fighter-details/ee779c43a8926d52,182.88,190.5,92.988
Doug Evans,Orthodox,1980-10-10,http://ufcstats.com/fighter-details/d3de4a24f7eefac8,175.26,,70.308
Ashlee Evans-Smith,Orthodox,1987-07-09,http://ufcstats.com/fighter-details/fc6e681bf6658faf,172.72,170.18,61.236
Dan Evensen,Orthodox,1974-06-01,http://ufcstats.com/fighter-details/dd8aec6de7035943,190.5,,113.4
Tonya Evinger,Orthodox,1981-06-04,http://ufcstats.com/fighter-details/b12a1d19ee383b7c,170.18,177.8,61.236
Movsar Evloev,Orthodox,1994-02-11,http://ufcstats.com/fighter-details/76e2870ffafbe38f,170.18,182.88,65.772
Andre Ewell,Southpaw,1988-01-21,http://ufcstats.com/fighter-details/5f6f049d54728e88,172.72,190.5,65.772
Chris Ewert,Orthodox,1993-09-06,http://ufcstats.com/fighter-details/54c2576b7f2f1f57,182.88,190.5,83.916
Neal Ewing,,1985-09-30,http://ufcstats.com/fighter-details/0798f558681d0eb5,,,83.916
Manuel Exposito,Orthodox,2000-05-09,http://ufcstats.com/fighter-details/a1cb266d7f44f35f,170.18,172.72,65.772
Jessica Eye,Orthodox,1986-07-27,http://ufcstats.com/fighter-details/f72465a784c1b084,167.64000000000001,167.64000000000001,56.7
Edward Faaloloto,Orthodox,1984-07-15,http://ufcstats.com/fighter-details/6224e8d0a34264eb,,177.8,70.308
Urijah Faber,Orthodox,1979-05-14,http://ufcstats.com/fighter-details/78114b7199cef90c,167.64000000000001,170.18,61.236
Melinda Fabian,Orthodox,1987-06-25,http://ufcstats.com/fighter-details/8c020156779f7888,167.64000000000001,167.64000000000001,56.7
Wagnney Fabiano,Southpaw,1975-07-14,http://ufcstats.com/fighter-details/40389d39a92f5bfa,167.64000000000001,175.26,65.772
Bartosz Fabinski,Orthodox,1986-04-26,http://ufcstats.com/fighter-details/e17ac6410c8377f4,182.88,190.5,77.112
Ron Faircloth,Orthodox,1979-08-16,http://ufcstats.com/fighter-details/453ee00c3e1ae9dd,175.26,,92.988
Jason Fairn,,,http://ufcstats.com/fighter-details/adea9f0090aa8e14,185.42000000000002,,104.328
Zarah Fairn,Orthodox,1983-12-10,http://ufcstats.com/fighter-details/862b0b3375aa4b6e,172.72,182.88,61.236
Rinat Fakhretdinov,Orthodox,1991-09-28,http://ufcstats.com/fighter-details/8f765fd5775a8873,182.88,187.96,77.112
Maiquel Falcao,Orthodox,1981-03-08,http://ufcstats.com/fighter-details/d58478ded5534695,180.34,,83.916
Pedro Falcao,Orthodox,1992-07-30,http://ufcstats.com/fighter-details/f7be1db194e03d7e,167.64000000000001,167.64000000000001,61.236
Brodie Farber,Orthodox,1980-07-05,http://ufcstats.com/fighter-details/91d73ee59347ac16,185.42000000000002,,77.112
Joao Paulo Faria,,,http://ufcstats.com/fighter-details/04e9955f33e0c267,175.26,,70.308
Kalindra Faria,Switch,1986-07-23,http://ufcstats.com/fighter-details/27b164b0d1833df0,170.18,,56.7
Jair Farias,Orthodox,1993-03-16,http://ufcstats.com/fighter-details/431262bbc69215dc,185.42000000000002,193.04,65.772
Chance Farrar,Southpaw,1975-09-11,http://ufcstats.com/fighter-details/49c7236c737d7e59,175.26,,65.772
Rico Farrington,Southpaw,1989-06-19,http://ufcstats.com/fighter-details/f89e6e66b9b112de,193.04,200.66,77.112
Kelly Faszholz,Orthodox,1985-04-09,http://ufcstats.com/fighter-details/9c42a0de8e012870,172.72,,61.236
Rodney Faverus,Southpaw,,http://ufcstats.com/fighter-details/5af26b3201690d29,182.88,,97.524
Paul Felder,Orthodox,1984-04-25,http://ufcstats.com/fighter-details/e5010b1b94ca5755,180.34,177.8,70.308
Carlos Felipe,Orthodox,1995-01-12,http://ufcstats.com/fighter-details/a2ea77e974c5889f,182.88,190.5,111.132
Luis Felipe Dias,,1995-01-17,http://ufcstats.com/fighter-details/33a86e839ad202d8,,,83.916
JP Felty,,1979-04-28,http://ufcstats.com/fighter-details/954e3f4e2b0e6510,,,77.112
Feng Pengchao,,,http://ufcstats.com/fighter-details/86597694317e5e1b,,,61.236
Feng Xiaocan,Southpaw,2001-10-27,http://ufcstats.com/fighter-details/c940b42df95bbd28,170.18,170.18,52.164
Kevin Ferguson,Orthodox,1974-02-08,http://ufcstats.com/fighter-details/27541033b97c076d,187.96,195.58,106.596
Rhadi Ferguson,,,http://ufcstats.com/fighter-details/15f4550e017f6c7d,170.18,,92.988
Tony Ferguson,Orthodox,1984-02-12,http://ufcstats.com/fighter-details/22a92d7f62195791,180.34,193.04,77.112
Josh Ferguson,Orthodox,1988-05-13,http://ufcstats.com/fighter-details/b0f316c60f8d3b47,165.1,,56.7
CJ Fernandes,,1977-11-13,http://ufcstats.com/fighter-details/979f7edbb6980b0d,187.96,,77.112
Bibiano Fernandes,Orthodox,1980-03-30,http://ufcstats.com/fighter-details/cbc071cb20ea59c7,170.18,,63.0504
Gabriella Fernandes,Southpaw,1993-08-13,http://ufcstats.com/fighter-details/a6eb54ae17a551be,167.64000000000001,167.64000000000001,56.7
Kaue Fernandes,Orthodox,1995-03-17,http://ufcstats.com/fighter-details/ec13c393d029297d,175.26,185.42000000000002,70.308
Emily Fernandez,,,http://ufcstats.com/fighter-details/7ee1babb99f30115,,,
Luke Fernandez,Orthodox,1995-06-29,http://ufcstats.com/fighter-details/d62e280d0f7b6d6f,,,92.988
Lucas Fernando,,1997-01-10,http://ufcstats.com/fighter-details/3df223aeaacecf3f,190.5,203.2,83.916
Alexandre Ferreira,Orthodox,1979-04-25,http://ufcstats.com/fighter-details/28ba5f27e473420c,170.18,,92.988
Cezar Ferreira,Southpaw,1985-02-15,http://ufcstats.com/fighter-details/dbc17725b887860a,185.42000000000002,198.12,83.916
Diego Ferreira,Orthodox,1985-01-18,http://ufcstats.com/fighter-details/f53d4f21d1b5f2dc,175.26,187.96,70.308
Erisson Ferreira,Orthodox,1991-05-03,http://ufcstats.com/fighter-details/1c2a8915f8431507,167.64000000000001,177.8,56.7
Brunno Ferreira,Orthodox,1992-11-04,http://ufcstats.com/fighter-details/1e719d4b676dc19a,177.8,182.88,83.916
Scott Ferrozzo,Orthodox,1965-04-26,http://ufcstats.com/fighter-details/977081bc01197656,180.34,,146.5128
Timo Feucht,Orthodox,1996-01-18,http://ufcstats.com/fighter-details/8c21eb9fd7c4c203,190.5,200.66,92.988
Andre Fialho,Orthodox,1994-04-07,http://ufcstats.com/fighter-details/33efaf2d0941cfcf,182.88,187.96,77.112
Drew Fickett,Orthodox,1979-12-14,http://ufcstats.com/fighter-details/d814f5192e58fb2f,177.8,177.8,70.308
Scott Fiedler,Orthodox,,http://ufcstats.com/fighter-details/0ec821423baa26bd,193.04,,106.596
Ron Fields,Orthodox,1974-11-18,http://ufcstats.com/fighter-details/6e380a4d73ab4f0e,187.96,,90.72
Michal Figlak,Orthodox,1996-08-15,http://ufcstats.com/fighter-details/b4c57a8c2b773e82,177.8,177.8,70.308
Deiveson Figueiredo,Orthodox,1987-12-18,http://ufcstats.com/fighter-details/aa72b0f831d0bfe5,165.1,172.72,61.236
Francisco Figueiredo,Southpaw,1989-10-23,http://ufcstats.com/fighter-details/cdadae5363b66eef,167.64000000000001,172.72,56.7
Anthony Figueroa,Orthodox,,http://ufcstats.com/fighter-details/daff32bc96d1eabf,162.56,,61.236
Edwin Figueroa,Orthodox,1984-07-31,http://ufcstats.com/fighter-details/bbfca6d5c27d9cd8,170.18,175.26,61.236
Jonathan Figueroa,,1995-02-05,http://ufcstats.com/fighter-details/2226445c4a196dc8,,,83.916
Paulo Filho,Southpaw,1978-05-24,http://ufcstats.com/fighter-details/2abdead94ce73552,172.72,,83.916
Jafel Filho,Orthodox,1993-05-05,http://ufcstats.com/fighter-details/65adf3856c4d9256,170.18,172.72,56.7
Andre Fili,Orthodox,1990-06-25,http://ufcstats.com/fighter-details/8fd808923cffff82,180.34,187.96,65.772
Mirko Filipovic,Southpaw,1974-09-10,http://ufcstats.com/fighter-details/c32fb8c0f6471a4d,187.96,185.42000000000002,104.328
Brady Fink,Orthodox,,http://ufcstats.com/fighter-details/997b4f52f76a0b53,182.88,,83.0088
Jesse Finney,,1974-07-11,http://ufcstats.com/fighter-details/0496cdac0bc9edd8,182.88,,77.112
Jan Finney,Orthodox,,http://ufcstats.com/fighter-details/3317823959d32a05,172.72,,61.236
Torrez Finney,Orthodox,1998-10-24,http://ufcstats.com/fighter-details/fbb60f24af5d5a02,172.72,190.5,83.916
Luigi Fioravanti,Orthodox,1981-01-22,http://ufcstats.com/fighter-details/9583662df31d943f,172.72,177.8,77.112
Nick Fiore,Orthodox,1997-12-10,http://ufcstats.com/fighter-details/036e96c1c12b8a59,177.8,182.88,70.308
Manon Fiorot,Orthodox,1990-02-17,http://ufcstats.com/fighter-details/34ff304266360297,170.18,165.1,56.7
Luiz Firmino,Orthodox,1982-03-18,http://ufcstats.com/fighter-details/16d09e800ad7ec79,167.64000000000001,,69.8544
Spencer Fisher,Southpaw,1976-05-09,http://ufcstats.com/fighter-details/f34312c2ccfa0e00,170.18,172.72,70.308
Chris Fishgold,Orthodox,1992-06-06,http://ufcstats.com/fighter-details/bebb4ae55ac2bf6f,172.72,172.72,65.772
Bryanna Fissori,,,http://ufcstats.com/fighter-details/5517bd590dbbe1f8,162.56,,65.772
Jon Fitch,Orthodox,1978-02-24,http://ufcstats.com/fighter-details/6f018c039b4d5d80,182.88,187.96,77.112
Isi Fitikefu,,,http://ufcstats.com/fighter-details/b8dc5fbf8338adc5,177.8,,92.988
Rafael Fiziev,Switch,1993-03-05,http://ufcstats.com/fighter-details/c814b4c899793af6,172.72,180.34,70.308
Colin Fletcher,Orthodox,1983-01-08,http://ufcstats.com/fighter-details/7d09200f6a77b20e,187.96,,70.308
AJ Fletcher,Switch,1997-02-18,http://ufcstats.com/fighter-details/725b1abc9a39d873,177.8,170.18,77.112
Nathan Fletcher,Orthodox,1998-01-03,http://ufcstats.com/fighter-details/a2d342ffc83913ed,170.18,177.8,61.236
Jimmy Flick,Orthodox,1990-09-07,http://ufcstats.com/fighter-details/09e62c450e754913,170.18,172.72,56.7
Luke Flores,Southpaw,1988-03-17,http://ufcstats.com/fighter-details/b5f44dcb863f595b,182.88,185.42000000000002,70.308
Ty Flores,Switch,1993-12-22,http://ufcstats.com/fighter-details/4bb0f74d5e26f89a,190.5,185.42000000000002,92.988
Alejandro Flores,Orthodox,1991-08-06,http://ufcstats.com/fighter-details/d23d5960ac5e117c,177.8,185.42000000000002,65.772
Kenny Florian,Southpaw,1976-05-26,http://ufcstats.com/fighter-details/cb139171ed1b69fe,177.8,187.96,65.772
Darrius Flowers,Orthodox,1994-08-25,http://ufcstats.com/fighter-details/65db4065e2bc107d,175.26,180.34,70.308
Cody Floyd,,1988-07-18,http://ufcstats.com/fighter-details/8164250600b7c91b,,,
Bobby Flynn,,,http://ufcstats.com/fighter-details/c97fc5fbf7d32b8a,,,77.112
Caros Fodor,Orthodox,1984-01-07,http://ufcstats.com/fighter-details/01d2ed8c502e3828,175.26,187.96,70.308
Mal Foki,Orthodox,,http://ufcstats.com/fighter-details/fa534853eb195270,170.18,,99.792
Matt Foki,Orthodox,,http://ufcstats.com/fighter-details/5de61b03868035ff,170.18,,99.792
AJ Fonseca,,,http://ufcstats.com/fighter-details/0adf1aacda5e26ac,162.56,,65.772
Rob Font,Orthodox,1987-06-25,http://ufcstats.com/fighter-details/05339613bf8e9808,172.72,180.34,61.236
Claudionor Fontinelle,Orthodox,,http://ufcstats.com/fighter-details/7a82635ffa9b59fe,165.1,,83.916
Jesse Forbes,Southpaw,1984-10-24,http://ufcstats.com/fighter-details/947eccadb72f4f6f,187.96,190.5,83.916
Sterling Ford,,1986-03-12,http://ufcstats.com/fighter-details/a71ce6ff0b4a9dbb,177.8,,70.308
Codale Ford,,1979-05-13,http://ufcstats.com/fighter-details/5340123d826ceadb,175.26,,77.112
Raheam Forest,Switch,1997-07-11,http://ufcstats.com/fighter-details/90390dd1b0791e7f,180.34,185.42000000000002,77.112
Jussier Formiga,Orthodox,1985-04-14,http://ufcstats.com/fighter-details/b102c26727306ab6,165.1,170.18,56.7
Carol Foro,Orthodox,1997-03-21,http://ufcstats.com/fighter-details/77ba5b2939c4018b,157.48,154.94,52.164
Renee Forte,Orthodox,1987-03-27,http://ufcstats.com/fighter-details/44bc27bfa76dcd9e,170.18,180.34,70.308
Brianna Fortino,Southpaw,1993-08-04,http://ufcstats.com/fighter-details/b53c46f613f6f248,152.4,157.48,52.164
Marcel Fortuna,Orthodox,1985-10-22,http://ufcstats.com/fighter-details/d761b3766e38c5db,185.42000000000002,187.96,92.988
Brian Foster,Orthodox,1984-04-03,http://ufcstats.com/fighter-details/3dc3022232b79c7a,175.26,180.34,77.112
Xavier Foupa-Pokam,Open Stance,1982-07-03,http://ufcstats.com/fighter-details/ec33146e43e58933,185.42000000000002,,83.916
Mason Fowler,,,http://ufcstats.com/fighter-details/d745d4146be48679,180.34,,77.112
Brandon Foxworth,Orthodox,1979-04-28,http://ufcstats.com/fighter-details/f65a0eb902f9476b,180.34,,65.772
Hermes Franca,Orthodox,1974-08-26,http://ufcstats.com/fighter-details/e0ec3c3b6b611f7e,167.64000000000001,180.34,70.308
Glaico Franca Moreira,Orthodox,1991-02-28,http://ufcstats.com/fighter-details/00a3ff40c4b2cf21,182.88,195.58,70.308
Francisco France,,1983-01-21,http://ufcstats.com/fighter-details/ecfdbf38681a59ba,182.88,,92.988
John Franchi,Orthodox,1982-07-16,http://ufcstats.com/fighter-details/b9532d815060de7f,167.64000000000001,170.18,65.772
Felipe Franco,Orthodox,2001-01-22,http://ufcstats.com/fighter-details/e564146b9cf6dbef,185.42000000000002,193.04,92.988
Rich Franklin,Southpaw,1974-10-05,http://ufcstats.com/fighter-details/d897897060f10a3a,185.42000000000002,193.04,83.916
Xavier Franklin,Southpaw,1996-10-15,http://ufcstats.com/fighter-details/90957a918e26bf9c,167.64000000000001,167.64000000000001,61.236
Zoila Frausto,Orthodox,,http://ufcstats.com/fighter-details/040d3b4c735541aa,162.56,,61.236
Stephanie Frausto,Orthodox,1990-09-20,http://ufcstats.com/fighter-details/fee02819a271c050,157.48,154.94,52.164
Zane Frazier,Orthodox,,http://ufcstats.com/fighter-details/d3711d3784b76255,195.58,,113.4
Gary Frazier,Orthodox,,http://ufcstats.com/fighter-details/3beeeafcbc8b4cbc,182.88,,111.132
Justin Frazier,Southpaw,1989-06-15,http://ufcstats.com/fighter-details/78863e4a28204a6b,182.88,190.5,120.20400000000001
Ian Freeman,Orthodox,1966-11-10,http://ufcstats.com/fighter-details/b4bc2e3353a770b5,180.34,,102.06
Jason Freeman,,1976-09-02,http://ufcstats.com/fighter-details/5870bd1eadf4f322,187.96,,102.06
Kennedy Freeman,,1996-11-26,http://ufcstats.com/fighter-details/63d071997c75e3fd,,,56.7
Denzel Freeman,,,http://ufcstats.com/fighter-details/b5c19c34f12c917e,,,120.20400000000001
Willamy Freire,Orthodox,1987-07-28,http://ufcstats.com/fighter-details/f1f37d667bcd0d27,172.72,,70.308
Patricio Freire,Orthodox,1987-07-07,http://ufcstats.com/fighter-details/98a58c26c5b1ed17,167.64000000000001,170.18,65.772
Patricky Freire,,1986-06-01,http://ufcstats.com/fighter-details/90e6dde9113830bd,170.18,180.34,70.308
JeremyFreitag,,,http://ufcstats.com/fighter-details/a47e9ec288c91067,185.42000000000002,,92.988
Rafael Freitas,Orthodox,,http://ufcstats.com/fighter-details/14b9e0f2679a2205,,,92.988
Donavon Frelow,Orthodox,1985-01-20,http://ufcstats.com/fighter-details/9aa56f004b2bca07,170.18,,61.236
Josh Fremd,Orthodox,1994-01-15,http://ufcstats.com/fighter-details/ca43de99b07b6b40,193.04,193.04,83.916
Clay French,Southpaw,1980-10-07,http://ufcstats.com/fighter-details/73321668ff977f1b,170.18,,73.0296
Mike French,,1975-05-29,http://ufcstats.com/fighter-details/756f45905fb20cb5,177.8,,65.772
Matt Frevola,Orthodox,1990-06-11,http://ufcstats.com/fighter-details/dccb63727f2f5f74,175.26,180.34,70.308
Jinh Yu Frey,Southpaw,1985-05-20,http://ufcstats.com/fighter-details/d05cb1e8d1b885d8,160.02,165.1,52.164
Artem Frolov,,1991-09-07,http://ufcstats.com/fighter-details/ee704df0afd74558,177.8,,83.916
Sarah Frota,Southpaw,1987-04-14,http://ufcstats.com/fighter-details/1641ef250e9de19b,167.64000000000001,175.26,56.7
Daniel Frunza,Orthodox,1994-04-13,http://ufcstats.com/fighter-details/7cec3c4a5e7b6d68,185.42000000000002,185.42000000000002,77.112
Don Frye,Orthodox,1965-11-23,http://ufcstats.com/fighter-details/271fe91f4ba9d2c5,185.42000000000002,,99.33840000000001
Allen Frye Jr.,,1998-04-15,http://ufcstats.com/fighter-details/73a78713bd899f4c,,,120.20400000000001
Tony Fryklund,Orthodox,1971-03-26,http://ufcstats.com/fighter-details/253de74457bd6374,182.88,,83.916
Adam Fugitt,Southpaw,1989-01-12,http://ufcstats.com/fighter-details/a01a62132460a98d,185.42000000000002,195.58,77.112
Jesse Fujarczyk,Southpaw,1983-01-28,http://ufcstats.com/fighter-details/c3c38c86f5ab9b5c,193.04,,102.06
Katsuhisa Fujii,Orthodox,1972-08-15,http://ufcstats.com/fighter-details/d71d968dc6ecfdaf,182.88,,92.988
Megumi Fujii,,1974-04-26,http://ufcstats.com/fighter-details/fb6c531726447ff3,160.02,,51.2568
Kazuyuki Fujita,Orthodox,1970-10-16,http://ufcstats.com/fighter-details/b1605ea39fba6af6,182.88,,106.596
Keisuke Fujiwara,Switch,,http://ufcstats.com/fighter-details/ccd58ff71e260ed5,167.64000000000001,,63.0504
Riki Fukuda,Southpaw,1981-01-06,http://ufcstats.com/fighter-details/7c35f869033901ae,182.88,185.42000000000002,83.916
Masio Fullen,Orthodox,1986-10-06,http://ufcstats.com/fighter-details/4638cc6479cc0afe,177.8,177.8,65.772
Travis Fulton,Orthodox,1977-05-29,http://ufcstats.com/fighter-details/911fb265462f0d94,182.88,,108.864
Sam Fulton,,,http://ufcstats.com/fighter-details/1f5f75658551f2d3,,,
Masakatsu Funaki,Southpaw,1969-03-13,http://ufcstats.com/fighter-details/aa3153a9941b4d44,182.88,,83.916
Ricardo Funch,Southpaw,1980-08-14,http://ufcstats.com/fighter-details/e9e1acc96536bb4f,177.8,187.96,77.112
Katsuaki Furuki,,1980-11-10,http://ufcstats.com/fighter-details/c3e2eca94b2320bc,182.88,,76.2048
James Gabert,,,http://ufcstats.com/fighter-details/fcd8b623892b9a10,,,80.74080000000001
Gustavo Gabriel,Orthodox,1994-04-01,http://ufcstats.com/fighter-details/fe98f86284a6eeb3,167.64000000000001,,56.7
Claudia Gadelha,Orthodox,1988-12-07,http://ufcstats.com/fighter-details/ec34349e7dffcde7,162.56,160.02,52.164
Alavutdin Gadjiev,Orthodox,1982-06-23,http://ufcstats.com/fighter-details/a7a79b8efbceaaac,187.96,,83.916
Magomed Gadzhiyasulov,Orthodox,1993-11-04,http://ufcstats.com/fighter-details/6e344b71421103da,187.96,190.5,92.988
Justin Gaethje,Orthodox,1988-11-14,http://ufcstats.com/fighter-details/9e8f6c728eb01124,180.34,177.8,70.308
Sheila Gaff,Orthodox,1989-12-29,http://ufcstats.com/fighter-details/837d30395faca41e,165.1,,61.236
Muin Gafurov,Orthodox,1996-05-17,http://ufcstats.com/fighter-details/a54660deb6a8489c,170.18,172.72,61.236
Mitch Gagnon,Southpaw,1984-10-10,http://ufcstats.com/fighter-details/b8592b4a383696cd,165.1,165.1,61.236
Brandon Gaines,,,http://ufcstats.com/fighter-details/8e6cfbd455f0f9c2,190.5,,83.916
Travis Galbraith,Orthodox,1981-05-18,http://ufcstats.com/fighter-details/06dc1a58663579d2,182.88,,77.112
Dave Galera,Orthodox,1978-01-12,http://ufcstats.com/fighter-details/0876d21328cf4a45,180.34,,61.236
Zelg Galesic,Orthodox,1979-02-16,http://ufcstats.com/fighter-details/8a1b4330c7957961,187.96,,83.916
Mickey Gall,Switch,1992-01-22,http://ufcstats.com/fighter-details/9e50097a89442158,187.96,187.96,77.112
Daniel Gallemore,,,http://ufcstats.com/fighter-details/96706c75a2b14164,195.58,,120.20400000000001
Tom Gallicchio,Southpaw,1986-09-23,http://ufcstats.com/fighter-details/cc81c92fe2254935,177.8,,77.112
Turrell Galloway,,,http://ufcstats.com/fighter-details/7e654edcddd71550,160.02,,65.772
Eric Galvan,,,http://ufcstats.com/fighter-details/ad3fdba28a7540cf,,,70.308
Andre Galvao,Orthodox,1982-09-29,http://ufcstats.com/fighter-details/45fe6765c56d8018,170.18,,76.2048
Marcos Galvao,Orthodox,1981-06-23,http://ufcstats.com/fighter-details/e15d0a2519d6a0b5,170.18,,61.236
Lucas Gamaza,,,http://ufcstats.com/fighter-details/289a3b69b85da7cd,,,77.112
Joey Gambino,Orthodox,1988-10-26,http://ufcstats.com/fighter-details/10559c53de0b950e,170.18,,65.772
Manvel Gamburyan,Orthodox,1981-05-08,http://ufcstats.com/fighter-details/cc6f9d1e89f3449a,165.1,170.18,61.236
Mateusz Gamrot,Southpaw,1990-12-11,http://ufcstats.com/fighter-details/72db2a14ffa73ece,177.8,177.8,70.308
Shamil Gamzatov,Orthodox,1990-08-09,http://ufcstats.com/fighter-details/0d980975001ae3d8,187.96,193.04,92.988
Ryan Gandra,Orthodox,1995-05-08,http://ufcstats.com/fighter-details/e463ce0a2ca474f4,185.42000000000002,187.96,83.916
Ariel Gandulla,Orthodox,1968-05-07,http://ufcstats.com/fighter-details/41904fc4d3f5bffc,180.34,,92.988
Ciryl Gane,Orthodox,1990-04-12,http://ufcstats.com/fighter-details/787bb1f087ccff8a,193.04,205.74,111.132
Sean Gannon,Southpaw,,http://ufcstats.com/fighter-details/6d7886b094b471ac,190.5,,120.20400000000001
Tommy Gantt,Orthodox,1993-01-09,http://ufcstats.com/fighter-details/de83f920fd302871,180.34,193.04,70.308
Junye Gao,,,http://ufcstats.com/fighter-details/8b27d25ce0221d60,,,56.7
Eduardo Garagorri,Orthodox,1989-05-28,http://ufcstats.com/fighter-details/7bde387d50829adf,175.26,177.8,65.772
Cody Garbrandt,Orthodox,1991-07-07,http://ufcstats.com/fighter-details/d8c7c61b176e3994,172.72,165.1,61.236
Leonard Garcia,Orthodox,1979-07-14,http://ufcstats.com/fighter-details/917e53fa0adea0d3,177.8,172.72,65.772
Edgar Garcia,Orthodox,1984-02-22,http://ufcstats.com/fighter-details/8d49545dadf9b919,177.8,180.34,77.112
Alejandro Garcia,,,http://ufcstats.com/fighter-details/e5dc36e0aba7e9da,170.18,,65.772
Alex Garcia,Orthodox,1987-07-14,http://ufcstats.com/fighter-details/a2b12c3f3d60ff69,175.26,182.88,77.112
Nick Garcia,,,http://ufcstats.com/fighter-details/8a04d94dfcfab159,162.56,,56.7
Steve Garcia,Southpaw,1992-05-22,http://ufcstats.com/fighter-details/97cf1a2c7c5e7889,182.88,190.5,65.772
Elias Garcia,Southpaw,1992-09-13,http://ufcstats.com/fighter-details/ac5a7400da3a9a41,165.1,170.18,56.7
Rafa Garcia,Orthodox,1994-08-05,http://ufcstats.com/fighter-details/e132d47bd9efbbe0,170.18,177.8,70.308
Fernie Garcia,Orthodox,1992-04-12,http://ufcstats.com/fighter-details/9e92e1ca498d7244,170.18,170.18,61.236
Rulon Gardner,Orthodox,1971-08-16,http://ufcstats.com/fighter-details/4f7e290e71d60f87,190.5,,120.20400000000001
David Gardner,Orthodox,1977-05-17,http://ufcstats.com/fighter-details/70167689d6a01793,180.34,,70.308
Pablo Garza,Orthodox,1983-09-16,http://ufcstats.com/fighter-details/8e5bfd4e82352340,185.42000000000002,185.42000000000002,65.772
Azamat Gashimov,Orthodox,1990-04-07,http://ufcstats.com/fighter-details/a1b0715c4fd2dbd3,167.64000000000001,,56.7
Brian Gassaway,Orthodox,1972-08-07,http://ufcstats.com/fighter-details/e4770d5ed44a3970,185.42000000000002,,77.112
Kelvin Gastelum,Southpaw,1991-10-24,http://ufcstats.com/fighter-details/8c0580d4fff106c1,175.26,180.34,83.916
Willie Gates,Orthodox,1987-01-21,http://ufcstats.com/fighter-details/6ded9184b2284645,172.72,182.88,56.7
Melissa Gatto,Orthodox,1996-05-02,http://ufcstats.com/fighter-details/a4a80dd7336ffd59,165.1,175.26,61.236
Sean Gauci,Switch,1996-10-07,http://ufcstats.com/fighter-details/d758f272d94f5866,165.1,162.56,56.7
Louis Gaudinot,Orthodox,1984-08-28,http://ufcstats.com/fighter-details/b72a60a0cadff408,160.02,160.02,56.7
Ateba Gautier,Switch,2002-04-10,http://ufcstats.com/fighter-details/2f815ed5f8278ba6,193.04,205.74,83.916
Manuel Gaxhja,Switch,1997-07-23,http://ufcstats.com/fighter-details/618643d0d5c0631d,172.72,,70.308
Shamil Gaziev,Orthodox,1990-02-10,http://ufcstats.com/fighter-details/6747ccd6d1acd266,193.04,198.12,120.20400000000001
Charlene Gellner,,,http://ufcstats.com/fighter-details/effd0b70e6749ab2,157.48,,56.7
Chad George,Southpaw,1982-04-30,http://ufcstats.com/fighter-details/14e797332ea32cdb,167.64000000000001,172.72,61.236
Paul Georgieff,Orthodox,1982-09-22,http://ufcstats.com/fighter-details/2f1700b3a4a09bc7,187.96,,77.112
Brian Geraghty,Orthodox,1980-11-04,http://ufcstats.com/fighter-details/15edcf67ccf5be84,170.18,,70.308
Derek Getzel,,,http://ufcstats.com/fighter-details/42883268854b78be,182.88,,70.308
Karine Gevorgyan,,1989-03-09,http://ufcstats.com/fighter-details/2db0c114414d4f06,162.56,160.02,56.7
Yanis Ghemmouri,Orthodox,1995-01-24,http://ufcstats.com/fighter-details/eb70e786bbdf1d16,175.26,175.26,61.236
Darrel Gholar,Orthodox,,http://ufcstats.com/fighter-details/a24e080000fa7a35,172.72,,87.9984
Tiki Ghosn,Orthodox,1977-02-09,http://ufcstats.com/fighter-details/cb6783c39c01d896,177.8,,77.112
Christos Giagos,Orthodox,1990-01-23,http://ufcstats.com/fighter-details/de45aaae23dfa392,177.8,180.34,70.308
Joe Giannetti,Southpaw,1995-07-05,http://ufcstats.com/fighter-details/946db8a378903cc3,182.88,187.96,70.308
Nick Gibbons,,,http://ufcstats.com/fighter-details/96a221341035b701,177.8,,70.308
James Giboo,Orthodox,1978-01-06,http://ufcstats.com/fighter-details/f74e037b97917027,180.34,,77.112
Lance Gibson,Orthodox,1970-11-20,http://ufcstats.com/fighter-details/63eedfcc73071d41,175.26,,83.916
Lee Gibson,,,http://ufcstats.com/fighter-details/69db199087a1a792,170.18,,70.308
Cody Gibson,Orthodox,1987-09-11,http://ufcstats.com/fighter-details/700a674c042b7a96,177.8,180.34,61.236
Chase Gibson,Orthodox,1990-02-07,http://ufcstats.com/fighter-details/09439946214993bc,177.8,182.88,70.308
Kenny Giddens,,,http://ufcstats.com/fighter-details/db8b800176d26f6e,180.34,,70.308
Thomas Gifford,Orthodox,1992-07-26,http://ufcstats.com/fighter-details/e7f51d9f9e9259e7,185.42000000000002,190.5,70.308
Joseph Gigliotti,Orthodox,1993-08-13,http://ufcstats.com/fighter-details/83825fad27ab3581,180.34,,83.916
Joey Gilbert,Orthodox,1976-06-05,http://ufcstats.com/fighter-details/6bb1d2b714d4b3bc,180.34,,70.308
Trevin Giles,Orthodox,1992-08-06,http://ufcstats.com/fighter-details/b27a1fcb56a3035a,182.88,187.96,77.112
Kultar Gill,Orthodox,1979-03-24,http://ufcstats.com/fighter-details/42c96a9c4802e2e1,182.88,,69.8544
Jesse Gillespie,,,http://ufcstats.com/fighter-details/160b931119c1bf91,,,83.916
Gregor Gillespie,Orthodox,1986-11-13,http://ufcstats.com/fighter-details/84ff027394f7e470,170.18,180.34,70.308
Jason Gilliam,Orthodox,,http://ufcstats.com/fighter-details/91720876db0ee468,182.88,,77.112
Micheal Gillmore,Orthodox,1987-03-28,http://ufcstats.com/fighter-details/ce175eaafe867d1f,180.34,182.88,77.112
Krishaun Gilmore,,,http://ufcstats.com/fighter-details/10ccdcd14c3dfcf1,,,
Alex Gilpin,Orthodox,1992-03-26,http://ufcstats.com/fighter-details/762c69860eef65d8,170.18,,65.772
Bob Gilstrap,Orthodox,,http://ufcstats.com/fighter-details/c96518b7f6881004,190.5,,90.72
Eperaim Ginting,Orthodox,1995-11-30,http://ufcstats.com/fighter-details/bad8ed7d714f1493,162.56,162.56,61.236
Demetrius Gioulacos,,,http://ufcstats.com/fighter-details/a58114c6dd0add64,180.34,,83.916
Billy Giovanella,,1985-08-20,http://ufcstats.com/fighter-details/c1ea31a904fe08a9,172.72,,56.7
He-Man Gipson,,,http://ufcstats.com/fighter-details/3e03cec9767d37e6,,,
Israel Giron,,1974-01-16,http://ufcstats.com/fighter-details/4b4f6abdce986be6,172.72,,70.308
Brandon Girtz,,1985-03-06,http://ufcstats.com/fighter-details/81f1810f72df8f25,170.18,,70.308
Jason Glaza,,,http://ufcstats.com/fighter-details/fda067e842b07466,182.88,,104.328
Mike Glenn,,1977-10-09,http://ufcstats.com/fighter-details/ed133185689088b3,,,92.988
Ricky Glenn,Southpaw,1989-04-12,http://ufcstats.com/fighter-details/814ff3018127e8fc,182.88,177.8,77.112
Ivan Gnizditskiy,,1996-05-10,http://ufcstats.com/fighter-details/057a241e4ba90c4d,,,92.988
Mark Godbeer,Orthodox,1983-11-22,http://ufcstats.com/fighter-details/ad56b3f00ca38dfd,193.04,195.58,108.864
Clint Godfrey,Southpaw,1982-10-21,http://ufcstats.com/fighter-details/bd85ca0bb4f26cfc,167.64000000000001,,61.236
Loopy Godinez,Orthodox,1993-09-06,http://ufcstats.com/fighter-details/8e5d953bdb9ae5e7,157.48,154.94,52.164
Jason Godsey,Orthodox,,http://ufcstats.com/fighter-details/5ca158b1cc9cb242,187.96,,104.328
Allan Goes,Orthodox,1971-04-20,http://ufcstats.com/fighter-details/e62b36885ecdac27,182.88,,92.988
Billy Ray Goff,Switch,1998-06-18,http://ufcstats.com/fighter-details/fa07345cc9db5cc9,177.8,182.88,77.112
Amiran Gogoladze,Switch,1997-12-09,http://ufcstats.com/fighter-details/5d1636b6c1688502,185.42000000000002,187.96,77.112
Jonny Goh,,,http://ufcstats.com/fighter-details/e86af30738a5452a,180.34,,70.308
Hannah Goldy,Orthodox,1992-05-18,http://ufcstats.com/fighter-details/26e3f3928b1891d9,162.56,154.94,52.164
Marcelo Golm,Orthodox,1992-09-15,http://ufcstats.com/fighter-details/ac29d508d78384c9,190.5,190.5,112.9464
Denise Gomes,Orthodox,1999-12-30,http://ufcstats.com/fighter-details/cffb87059e645bd1,157.48,160.02,52.164
Sergio Gomez,Orthodox,1982-04-29,http://ufcstats.com/fighter-details/af1e5c64b8663aa0,167.64000000000001,,70.308
Frank Gomez,Orthodox,1986-03-31,http://ufcstats.com/fighter-details/a0a680fe2f6cc8e6,177.8,170.18,61.236
Alan Gomez,,,http://ufcstats.com/fighter-details/0a66de3a797cf73a,,,70.308
David Gomez,,1983-08-08,http://ufcstats.com/fighter-details/489413d3be819647,,,70.308
Ulysses Gomez,Orthodox,1983-05-25,http://ufcstats.com/fighter-details/1e35aa8955794580,167.64000000000001,,56.7
Joey Gomez,Orthodox,1986-07-21,http://ufcstats.com/fighter-details/0778f94eb5d588a5,177.8,185.42000000000002,61.236
Luis Gomez,Orthodox,1995-01-28,http://ufcstats.com/fighter-details/513e84bfe65ff509,170.18,172.72,65.772
Joey Gomez,Orthodox,1989-08-29,http://ufcstats.com/fighter-details/3a28e1e641366308,177.8,180.34,70.308
Edson Gomez,Switch,1991-02-23,http://ufcstats.com/fighter-details/e90f4291f93708e6,172.72,175.26,77.112
Silvana Gomez Juarez,Orthodox,1984-12-06,http://ufcstats.com/fighter-details/b4880ef2f838d4e1,160.02,165.1,52.164
Takanori Gomi,Southpaw,1978-09-22,http://ufcstats.com/fighter-details/3be081c29bf734d9,170.18,177.8,70.308
William Gomis,Southpaw,1997-06-13,http://ufcstats.com/fighter-details/e1d40e8782d80bc2,182.88,185.42000000000002,65.772
Akihiro Gono,Switch,1974-10-07,http://ufcstats.com/fighter-details/b2acebbef8da14ea,170.18,172.72,77.112
Gabriel Gonzaga,Orthodox,1979-05-18,http://ufcstats.com/fighter-details/270b89c00ef0c55c,187.96,193.04,109.77120000000001
Justin Gonzales,Orthodox,1991-04-28,http://ufcstats.com/fighter-details/94535f76f43b466a,175.26,182.88,65.772
Fernando Gonzalez,Southpaw,1983-09-15,http://ufcstats.com/fighter-details/be5aab761c40ef35,175.26,172.72,77.112
Nick Gonzalez,Orthodox,1981-03-03,http://ufcstats.com/fighter-details/28d8638ea0a71908,167.64000000000001,,70.308
Fabian Gonzalez,,,http://ufcstats.com/fighter-details/69c071bc2621e8b0,177.8,,61.236
Lewis Gonzalez,Orthodox,1987-09-19,http://ufcstats.com/fighter-details/2ff2e6e5abea3e53,177.8,,77.112
Jason Gonzalez,Southpaw,1990-02-28,http://ufcstats.com/fighter-details/e45cfa47f504033a,187.96,187.96,70.308
Pearl Gonzalez,Orthodox,1986-08-12,http://ufcstats.com/fighter-details/1ebdcb7488d0ebee,162.56,,52.164
Jorge Gonzalez,Orthodox,1984-02-29,http://ufcstats.com/fighter-details/ff175a137b395e2b,187.96,193.04,92.988
Mikey Gonzalez,Orthodox,1985-08-13,http://ufcstats.com/fighter-details/de47c33e48b0ce38,180.34,187.96,70.308
Erick Gonzalez,Orthodox,1992-01-20,http://ufcstats.com/fighter-details/a2ccf35a88346a91,180.34,190.5,70.308
Jennifer Gonzalez,,1986-03-22,http://ufcstats.com/fighter-details/4f1a48f4e6ffb007,157.48,,56.7
Kier Gooch,,1986-04-21,http://ufcstats.com/fighter-details/1bda4867f1baceac,,,70.308
Lyman Good,Orthodox,1985-05-26,http://ufcstats.com/fighter-details/4e0692ad070976e4,182.88,187.96,77.112
Jared Gooden,Orthodox,1993-12-05,http://ufcstats.com/fighter-details/c730a0be691dc081,182.88,195.58,77.112
Gary Goodridge,Orthodox,1966-01-17,http://ufcstats.com/fighter-details/fbbde91f7bc2d3c5,190.5,,112.9464
Jordan Goodwin,,,http://ufcstats.com/fighter-details/7f98d9d5a10fa25c,,,70.308
Gerard Gordeau,Orthodox,1959-03-30,http://ufcstats.com/fighter-details/279093302a6f44b3,195.58,,97.9776
Eddie Gordon,Orthodox,1983-07-22,http://ufcstats.com/fighter-details/8cad40a75e5c97f5,182.88,193.04,83.916
Jared Gordon,Orthodox,1988-09-06,http://ufcstats.com/fighter-details/7026eca45f65377b,175.26,172.72,70.308
Tebaris Gordon,Orthodox,1988-07-19,http://ufcstats.com/fighter-details/68c4ca70067bf282,185.42000000000002,,120.20400000000001
Malcolm Gordon,Switch,1990-05-19,http://ufcstats.com/fighter-details/dee294e9717012c2,170.18,180.34,56.7
Tresean Gore,Switch,1994-06-21,http://ufcstats.com/fighter-details/147e70aa6cc48cfc,182.88,190.5,83.916
Alex Gorgees,Switch,1995-08-11,http://ufcstats.com/fighter-details/803bebcfb6d6f506,187.96,187.96,70.308
Themba Gorimbo,Orthodox,1991-01-23,http://ufcstats.com/fighter-details/40f3cb27fc7305a1,185.42000000000002,195.58,77.112
Tim Gorman,Southpaw,1983-04-29,http://ufcstats.com/fighter-details/c10eb2f12c489f6d,165.1,,61.236
Chase Gormley,Orthodox,,http://ufcstats.com/fighter-details/052ceb8976695342,190.5,,120.20400000000001
Jonathan Goulet,Orthodox,1979-07-13,http://ufcstats.com/fighter-details/fb1538b46877a695,182.88,185.42000000000002,77.112
Thibault Gouti,Orthodox,1987-02-27,http://ufcstats.com/fighter-details/51e86de150ee8be6,177.8,182.88,70.308
Wilson Gouveia,Orthodox,1978-10-03,http://ufcstats.com/fighter-details/af5b208e97f5d382,185.42000000000002,193.04,83.916
Todd Gouwenberg,Orthodox,1974-09-25,http://ufcstats.com/fighter-details/c44acf87e376c62b,185.42000000000002,,92.988
Hugo Govea,,,http://ufcstats.com/fighter-details/2391a73686200c5d,,,
Justin Governale,,,http://ufcstats.com/fighter-details/ae954fd497025462,,,65.772
Damian Grabowski,Orthodox,1980-05-12,http://ufcstats.com/fighter-details/3f11b5d4bd76a6d9,185.42000000000002,190.5,109.3176
Patryk Grabowski,,1995-11-12,http://ufcstats.com/fighter-details/4e163b53d1de1fbc,,,92.988
Royce Gracie,Southpaw,1966-12-12,http://ufcstats.com/fighter-details/429e7d3725852ce9,185.42000000000002,,79.38
Crosley Gracie,Orthodox,1979-07-18,http://ufcstats.com/fighter-details/52d92050a046bc17,175.26,,86.184
Daniel Gracie,Orthodox,,http://ufcstats.com/fighter-details/82d6a9ae41aac3f7,187.96,,102.06
Ralph Gracie,Orthodox,,http://ufcstats.com/fighter-details/a9c45a8b21eabadc,175.26,,83.0088
Renzo Gracie,Orthodox,1967-03-11,http://ufcstats.com/fighter-details/aae0897825336b1a,177.8,,83.916
Rickson Gracie,Switch,1958-11-20,http://ufcstats.com/fighter-details/194fc025f9355db6,177.8,,83.916
Rodrigo Gracie,Orthodox,1975-04-11,http://ufcstats.com/fighter-details/36877f0e62b25b96,182.88,,83.0088
Royler Gracie,Southpaw,1965-12-06,http://ufcstats.com/fighter-details/b807814d977682eb,172.72,,68.04
Ryan Gracie,Orthodox,1974-08-14,http://ufcstats.com/fighter-details/0c3838c8f7c620c2,175.26,,90.72
Ralek Gracie,Orthodox,1985-10-04,http://ufcstats.com/fighter-details/84283233ec42be5f,187.96,,95.256
Rolles Gracie,Orthodox,1978-07-14,http://ufcstats.com/fighter-details/e4a9dbade7c7e1a7,193.04,,109.77120000000001
Cesar Gracie,Orthodox,,http://ufcstats.com/fighter-details/079488710f012779,177.8,,82.1016
Roger Gracie,Orthodox,1981-09-26,http://ufcstats.com/fighter-details/a6bbd3df469c6bea,193.04,200.66,83.916
Igor Gracie,,1980-02-04,http://ufcstats.com/fighter-details/722b870449243083,180.34,,77.112
Neiman Gracie,,,http://ufcstats.com/fighter-details/12d855d12a624da2,182.88,,77.112
Kron Gracie,Southpaw,1988-07-11,http://ufcstats.com/fighter-details/242d36d241b43c12,175.26,177.8,65.772
Bogdan Grad,Orthodox,1995-09-28,http://ufcstats.com/fighter-details/fb37795db81f93f3,172.72,177.8,65.772
Steven Graham,Orthodox,,http://ufcstats.com/fighter-details/3e514f437c51ce0a,185.42000000000002,,131.544
Scott Graham,Orthodox,,http://ufcstats.com/fighter-details/6e4acc2c115215b5,193.04,,83.916
Miranda Granger,Orthodox,1992-04-13,http://ufcstats.com/fighter-details/7559395ad833c074,170.18,172.72,52.164
TJ Grant,Orthodox,1984-02-26,http://ufcstats.com/fighter-details/a26198ba5093147e,177.8,182.88,70.308
Davey Grant,Orthodox,1985-12-18,http://ufcstats.com/fighter-details/113df4fde64735c6,172.72,175.26,61.236
Dwight Grant,Switch,1984-09-14,http://ufcstats.com/fighter-details/8be158ca1e5ea6a0,185.42000000000002,193.04,83.916
Alexa Grasso,Orthodox,1993-08-09,http://ufcstats.com/fighter-details/e8b731feff72294b,165.1,167.64000000000001,56.7
Tony Gravely,Orthodox,1991-09-28,http://ufcstats.com/fighter-details/601964f9654f911a,165.1,175.26,61.236
Michael Graves,Orthodox,1991-01-08,http://ufcstats.com/fighter-details/3f1d23b01c552a13,177.8,180.34,77.112
Shelton Graves,Southpaw,1985-10-23,http://ufcstats.com/fighter-details/642862d6d63605cd,187.96,193.04,115.668
James Gray,Orthodox,1987-10-25,http://ufcstats.com/fighter-details/2db65fc038c0018e,175.26,,61.236
Kevin Gray,Orthodox,1985-05-03,http://ufcstats.com/fighter-details/bb0d290026d7681d,162.56,170.18,56.7
Sam Greco,Orthodox,1967-05-03,http://ufcstats.com/fighter-details/6d12031661db8ac8,187.96,,92.988
King Green,Orthodox,1986-09-09,http://ufcstats.com/fighter-details/887961364be5ceb3,177.8,180.34,70.308
Desmond Green,Southpaw,1989-10-11,http://ufcstats.com/fighter-details/f046d724d2a84ac5,177.8,185.42000000000002,70.308
Gabe Green,Switch,1993-05-02,http://ufcstats.com/fighter-details/5eb50529a8418b77,177.8,185.42000000000002,70.308
Maurice Greene,Orthodox,1986-07-05,http://ufcstats.com/fighter-details/068f8a189a47fea6,200.66,203.2,117.0288
Matt Grice,Orthodox,1981-07-29,http://ufcstats.com/fighter-details/bfc2fc38a0e20211,172.72,177.8,65.772
Forrest Griffin,Orthodox,1979-03-16,http://ufcstats.com/fighter-details/fcffee71cff5530e,190.5,195.58,92.988
Tyson Griffin,Orthodox,1984-04-20,http://ufcstats.com/fighter-details/20205040232ed0f3,167.64000000000001,172.72,65.772
Max Griffin,Orthodox,1985-11-29,http://ufcstats.com/fighter-details/b0d6a1d8ac3d563d,180.34,193.04,77.112
Jordan Griffin,Southpaw,1990-02-28,http://ufcstats.com/fighter-details/ebef46976554f975,177.8,185.42000000000002,65.772
Chad Griggs,Orthodox,1978-05-15,http://ufcstats.com/fighter-details/fdf18227faa596dd,185.42000000000002,185.42000000000002,92.988
Charalampos Grigoriou,Orthodox,1992-03-31,http://ufcstats.com/fighter-details/68b8ebdfce9dbb61,170.18,170.18,61.236
Chuck Grigsby,Orthodox,,http://ufcstats.com/fighter-details/7fb4234670271505,198.12,,92.988
Rodrigo Gripp de Sousa,Orthodox,,http://ufcstats.com/fighter-details/dde70a112e053a6c,180.34,,92.988
Maxim Grishin,Orthodox,1984-05-02,http://ufcstats.com/fighter-details/950d0ef5c17157c5,190.5,198.12,92.988
Josh Grispi,Orthodox,1988-10-14,http://ufcstats.com/fighter-details/60ba33c3f555a7a3,180.34,187.96,65.772
Garrett Gross,Orthodox,1988-08-08,http://ufcstats.com/fighter-details/6741218640534d8b,175.26,,70.308
Kendall Grove,Orthodox,1982-11-12,http://ufcstats.com/fighter-details/234f3767ff0e5701,198.12,200.66,83.916
Neil Grove,Orthodox,1971-01-18,http://ufcstats.com/fighter-details/36a432f22144843e,198.12,,120.20400000000001
Chris Gruetzemacher,Orthodox,1986-06-16,http://ufcstats.com/fighter-details/feaf00f3373435d6,172.72,172.72,70.308
Vik Grujic,Orthodox,1977-02-06,http://ufcstats.com/fighter-details/1e7483dbff40b84b,180.34,185.42000000000002,77.112
Mike Grundy,Orthodox,1987-01-03,http://ufcstats.com/fighter-details/56fcb2c4d99f9d1b,170.18,182.88,65.772
Wang Guan,Orthodox,1986-03-14,http://ufcstats.com/fighter-details/dd12382f28296f7b,175.26,180.34,65.772
Anthony Guarascio,Orthodox,1994-02-26,http://ufcstats.com/fighter-details/dc052ab64be66e1d,187.96,182.88,105.6888
Nandor Guelmino,,1975-12-20,http://ufcstats.com/fighter-details/1abfb658cd4f8533,190.5,,104.328
Fabricio Guerreiro,,1990-07-24,http://ufcstats.com/fighter-details/2963369e327e1979,177.8,,65.772
Rainn Guerrero,Orthodox,1992-05-13,http://ufcstats.com/fighter-details/8300a47f6fd6fe4f,167.64000000000001,165.1,56.7
Shannon Gugerty,Orthodox,1981-12-30,http://ufcstats.com/fighter-details/9f1641c08cf8fbe2,177.8,180.34,70.308
Clay Guida,Orthodox,1981-12-08,http://ufcstats.com/fighter-details/c47df9303d318c67,170.18,177.8,70.308
Jason Guida,,1977-08-04,http://ufcstats.com/fighter-details/ce25b4ed82b1811b,177.8,,97.0704
Melvin Guillard,Orthodox,1983-03-30,http://ufcstats.com/fighter-details/ccd1299e0345e0ce,175.26,180.34,70.308
Chris Guillen,Orthodox,1972-12-09,http://ufcstats.com/fighter-details/da0f33e4255f99eb,182.88,,108.864
Marcelo Guimaraes,Orthodox,1983-06-25,http://ufcstats.com/fighter-details/0c9c0a43d3f3f49d,182.88,185.42000000000002,83.916
Leonardo Guimaraes,Orthodox,1982-04-15,http://ufcstats.com/fighter-details/cc98d857b148e33a,182.88,,83.916
Brad Gumm,Orthodox,,http://ufcstats.com/fighter-details/4d74641fac830182,180.34,,77.112
John Gunderson,Orthodox,1979-01-05,http://ufcstats.com/fighter-details/a0c139b34f11421a,175.26,175.26,70.308
John Gunther,Orthodox,1985-11-24,http://ufcstats.com/fighter-details/3956bdc8ab2e54b3,175.26,182.88,70.308
Jorge Gurgel,Orthodox,1977-01-25,http://ufcstats.com/fighter-details/04d5718ed2661e8c,170.18,175.26,70.308
Fabio Gurgel,Orthodox,,http://ufcstats.com/fighter-details/8377c5572cb356f3,182.88,,92.988
Luis Gurule,Orthodox,1993-11-16,http://ufcstats.com/fighter-details/29162be25ebef5f0,165.1,162.56,56.7
Bogdan Guskov,Orthodox,1992-09-12,http://ufcstats.com/fighter-details/ef5dcb10d2bd4b0f,190.5,193.04,92.988
Gugun Gusman,Orthodox,1990-03-03,http://ufcstats.com/fighter-details/e34e3b1fffa13a6a,170.18,172.72,61.236
Andre Gusmao,Orthodox,1977-05-19,http://ufcstats.com/fighter-details/cc300e9aa3063431,182.88,,92.988
Alexander Gustafsson,Orthodox,1987-01-15,http://ufcstats.com/fighter-details/3c6976f8182d9527,195.58,200.66,92.988
Andreas Gustafsson,Orthodox,1991-02-20,http://ufcstats.com/fighter-details/2caf993f53541fa1,185.42000000000002,185.42000000000002,77.112
Justin Guthrie,,1981-01-19,http://ufcstats.com/fighter-details/a789defa9086da46,185.42000000000002,,77.112
Horacio Gutierrez,,1990-09-15,http://ufcstats.com/fighter-details/cd85b48dc880fabd,177.8,,65.772
Chris Gutierrez,Orthodox,1991-04-22,http://ufcstats.com/fighter-details/45f0cc9d18f35137,175.26,170.18,61.236
Mando Gutierrez,Southpaw,1997-02-24,http://ufcstats.com/fighter-details/5f33ae0620e050c5,167.64000000000001,177.8,61.236
Mike Guymon,Orthodox,1974-09-17,http://ufcstats.com/fighter-details/eaea0fc7b76525a8,182.88,187.96,77.112
Chelsea Hackett,Switch,1998-08-16,http://ufcstats.com/fighter-details/184b7a36d50dcc5e,162.56,167.64000000000001,56.7
Keith Hackney,Sideways,,http://ufcstats.com/fighter-details/bf12aca029bfcc47,180.34,,90.72
Cody Haddon,Orthodox,1998-09-08,http://ufcstats.com/fighter-details/8e6654e9f0461b8f,170.18,175.26,61.236
Jake Hadley,Southpaw,1996-08-03,http://ufcstats.com/fighter-details/60a42bf82447c919,170.18,177.8,61.236
Steve Hadsel,,,http://ufcstats.com/fighter-details/99793cf88c5adeee,172.72,,77.112
Damir Hadzovic,Orthodox,1986-08-08,http://ufcstats.com/fighter-details/38c626ca912c7bac,175.26,177.8,70.308
Bassil Hafez,Orthodox,1992-01-31,http://ufcstats.com/fighter-details/f4d92416da98804b,180.34,182.88,77.112
Tim Hague,Orthodox,1983-05-09,http://ufcstats.com/fighter-details/219a254e15d60135,193.04,193.04,117.936
Theo Haig,Orthodox,1996-08-23,http://ufcstats.com/fighter-details/8a213af406eb2dd4,187.96,195.58,83.916
Yazan Hajeh,Orthodox,1992-09-04,http://ufcstats.com/fighter-details/4955c524c2a71469,175.26,,65.772
Stoney Hale,,1979-10-18,http://ufcstats.com/fighter-details/206a7d47eb62170e,182.88,,
Kevin Haley,,,http://ufcstats.com/fighter-details/439d4bbefd4e6940,187.96,,92.988
Mark Hall,Orthodox,,http://ufcstats.com/fighter-details/18524b46c570730b,182.88,,86.184
Uriah Hall,Orthodox,1984-07-31,http://ufcstats.com/fighter-details/65578a75fa7900e3,182.88,200.66,83.916
Ryan Hall,Southpaw,1985-02-22,http://ufcstats.com/fighter-details/8866c6f509c19089,177.8,177.8,65.772
Dennis Hallman,Orthodox,1975-12-02,http://ufcstats.com/fighter-details/8a8a84b743ae7699,175.26,182.88,70.308
Piotr Hallmann,Orthodox,1987-08-25,http://ufcstats.com/fighter-details/a3be148af5c7b088,175.26,180.34,70.308
Tony Halme,Orthodox,1963-01-06,http://ufcstats.com/fighter-details/bad28b7b34f334de,190.5,,136.08
Brandon Halsey,,1986-09-16,http://ufcstats.com/fighter-details/e763679f15326ae1,182.88,,83.916
John Halverson,Southpaw,1972-09-08,http://ufcstats.com/fighter-details/88c8f47241d90040,175.26,,70.308
Seo Hee Ham,Southpaw,1987-03-08,http://ufcstats.com/fighter-details/165c244bcca3ed26,157.48,157.48,52.164
Frank Hamaker,,,http://ufcstats.com/fighter-details/c3c23c99477c041b,,,
Kazuhiro Hamanaka,Southpaw,1978-10-24,http://ufcstats.com/fighter-details/1b4d6971bb18b82c,182.88,,83.916
Rami Hamed,Orthodox,1991-04-25,http://ufcstats.com/fighter-details/a59017211b775b5d,185.42000000000002,180.34,77.112
Matt Hamill,Orthodox,1976-10-05,http://ufcstats.com/fighter-details/98b80a717b9bda17,185.42000000000002,193.04,92.988
Jeremy Hamilton,,1984-11-14,http://ufcstats.com/fighter-details/7ada6ea792a34424,,,83.916
Anthony Hamilton,Orthodox,1980-04-14,http://ufcstats.com/fighter-details/c727c7d31c50c4cf,195.58,193.04,117.936
CJ Hamilton,Switch,1986-10-07,http://ufcstats.com/fighter-details/7da5839b223f3728,170.18,172.72,56.7
Jared Hamman,Orthodox,1982-03-07,http://ufcstats.com/fighter-details/23459ee7e373b98f,190.5,190.5,83.916
James Hammortree,Orthodox,1983-11-29,http://ufcstats.com/fighter-details/1f77fce698e80488,190.5,,83.916
Dean Hancock,,,http://ufcstats.com/fighter-details/24e9d6b0a24cff9d,,,70.308
Chad Hanekom,Orthodox,1990-04-20,http://ufcstats.com/fighter-details/98533a2738124a0d,193.04,187.96,83.916
Joachim Hansen,Southpaw,1979-05-26,http://ufcstats.com/fighter-details/86e388ed20761ad9,170.18,,68.04
Kay Hansen,Orthodox,1999-08-14,http://ufcstats.com/fighter-details/4100c7a09497ad41,157.48,160.02,52.164
Nasrat Haqparast,Southpaw,1995-08-22,http://ufcstats.com/fighter-details/b7b84ccd221be298,177.8,182.88,70.308
Shin Haraguchi,Switch,1998-11-27,http://ufcstats.com/fighter-details/05b17ae24e6bba81,165.1,172.72,65.772
Janay Harding,,,http://ufcstats.com/fighter-details/b9c3ee342eb72100,,,61.236
Antoni Hardonk,Orthodox,1976-02-05,http://ufcstats.com/fighter-details/69b69c0178c4004d,193.04,198.12,111.132
George Hardwick,Orthodox,1996-12-06,http://ufcstats.com/fighter-details/f55a6807b6bb853d,177.8,182.88,70.308
Harry Hardwick,Switch,1994-09-29,http://ufcstats.com/fighter-details/2dbc60c52de126d8,172.72,180.34,70.308
Dan Hardy,Orthodox,1982-05-17,http://ufcstats.com/fighter-details/473ce3aa581251a2,182.88,187.96,77.112
Veronica Hardy,Southpaw,1995-10-30,http://ufcstats.com/fighter-details/4798e823ada58fe9,162.56,162.56,56.7
Greg Hardy,Orthodox,1988-07-28,http://ufcstats.com/fighter-details/85073dbd1be65ed9,195.58,203.2,120.20400000000001
Tobias Harila,,1994-01-13,http://ufcstats.com/fighter-details/4d1e92b61bcef308,,,
Baru Harn,,,http://ufcstats.com/fighter-details/848809f3986b4977,,,120.20400000000001
Scott Harper,Orthodox,1972-04-14,http://ufcstats.com/fighter-details/14a433bccba87016,182.88,,83.916
Josiah Harrell,Southpaw,1998-11-13,http://ufcstats.com/fighter-details/e5864a42c80294f6,170.18,172.72,77.112
Gerry Harris,Orthodox,,http://ufcstats.com/fighter-details/30cd319d39ee689b,203.2,,122.472
Gerald Harris,Southpaw,1979-11-19,http://ufcstats.com/fighter-details/c4b81cdecd5d6abe,180.34,195.58,83.916
Phil Harris,Orthodox,1983-09-04,http://ufcstats.com/fighter-details/ba043b03eb799063,162.56,165.1,56.7
Walt Harris,Southpaw,1983-06-10,http://ufcstats.com/fighter-details/03f982ca3735070c,195.58,195.58,113.4
Dhafir Harris,,1977-08-04,http://ufcstats.com/fighter-details/0e96af5220d27ed4,,,116.5752
Trevor Harris,,,http://ufcstats.com/fighter-details/0e98b05d3cf6d271,167.64000000000001,,65.772
Carlston Harris,Orthodox,1987-07-09,http://ufcstats.com/fighter-details/a53d30163304aa6e,182.88,193.04,77.112
Kayla Harrison,Southpaw,1990-07-02,http://ufcstats.com/fighter-details/1af1170ed937cba7,172.72,167.64000000000001,61.236
Collin Hart,Orthodox,1989-10-12,http://ufcstats.com/fighter-details/16bf6a73bdd302cd,185.42000000000002,,83.916
Joey Hart,Orthodox,1997-06-24,http://ufcstats.com/fighter-details/6412da484125716b,190.5,200.66,77.112
Dale Hartt,Orthodox,1979-04-04,http://ufcstats.com/fighter-details/058e4e08a1ad8aba,177.8,175.26,70.308
Luke Hartwig,,,http://ufcstats.com/fighter-details/34f3869747bf8fa9,,,
Clay Harvison,Orthodox,1980-09-25,http://ufcstats.com/fighter-details/83a477a7dba1ca58,185.42000000000002,187.96,77.112
Hidehiko Hasegawa,,1978-07-13,http://ufcstats.com/fighter-details/2a2eeee20ef049cf,175.26,,77.112
Chris Haseman,Orthodox,1969-06-02,http://ufcstats.com/fighter-details/5bd533d50c8e7b8a,180.34,,92.988
Takayo Hashi,Orthodox,1977-10-02,http://ufcstats.com/fighter-details/ae4343d29c68e9d0,162.56,,61.236
Tomohiko Hashimoto,Orthodox,,http://ufcstats.com/fighter-details/a890f9a791ed615d,182.88,,113.4
Justin Haskins,Orthodox,1979-08-30,http://ufcstats.com/fighter-details/77940e45bc86208e,177.8,,77.112
Hayder Hassan,,1982-10-20,http://ufcstats.com/fighter-details/cf615eb4b7862c76,177.8,,77.112
Ahmad Hassanzada,Orthodox,1996-11-20,http://ufcstats.com/fighter-details/bf7a64d9ae343e86,185.42000000000002,190.5,70.308
Daiki Hata,Orthodox,1982-08-24,http://ufcstats.com/fighter-details/c76ceda100ac0fad,167.64000000000001,,63.0504
John Hathaway,Orthodox,1987-07-23,http://ufcstats.com/fighter-details/28f3c2258a1d8874,185.42000000000002,190.5,77.112
Phil Hawes,Orthodox,1989-01-08,http://ufcstats.com/fighter-details/547afe1017e72dbe,182.88,195.58,83.916
Justin Hawes,,1979-01-13,http://ufcstats.com/fighter-details/5c7fc58e782b6842,180.34,,92.988
Chris Hawk,,,http://ufcstats.com/fighter-details/9460c867aae1987e,185.42000000000002,,92.988
Del Hawkins,Orthodox,,http://ufcstats.com/fighter-details/885e7f70dcac0007,165.1,,61.236
Tommy Hayden,Southpaw,1986-03-11,http://ufcstats.com/fighter-details/0871254cd790c250,175.26,,65.772
Mike Hayes,Orthodox,,http://ufcstats.com/fighter-details/0cfbbfa0ba6d9855,193.04,,104.328
Ryan Hayes,,,http://ufcstats.com/fighter-details/a620638435de0628,,,
Gerric Hayes,,,http://ufcstats.com/fighter-details/7d6a3546c988cdc0,177.8,,
Josh Haynes,Orthodox,1977-07-30,http://ufcstats.com/fighter-details/6ef58dabef8beb15,175.26,,77.112
Dustin Hazelett,Orthodox,1986-04-29,http://ufcstats.com/fighter-details/a149d6bc670cdb60,185.42000000000002,193.04,77.112
James Head,Orthodox,1984-02-09,http://ufcstats.com/fighter-details/19a8cce18a1cef9e,185.42000000000002,185.42000000000002,77.112
Pat Healy,Orthodox,1983-07-20,http://ufcstats.com/fighter-details/50d2f0018bcf9eef,182.88,182.88,70.308
Ryan Healy,Orthodox,1983-07-20,http://ufcstats.com/fighter-details/f3eb664db7fb1df3,185.42000000000002,,70.308
Spencer Hearns,,,http://ufcstats.com/fighter-details/d85cf12439945941,180.34,,83.916
David Heath,Orthodox,1976-02-10,http://ufcstats.com/fighter-details/4f95f74620a6b7a4,180.34,182.88,92.988
Chris Heatherly,Orthodox,1987-11-24,http://ufcstats.com/fighter-details/bad8be5827ea1bf1,175.26,,70.308
Jake Hecht,Orthodox,1984-02-09,http://ufcstats.com/fighter-details/e57fdbea1b828202,182.88,185.42000000000002,77.112
Donavon Hedrick,Orthodox,1997-03-21,http://ufcstats.com/fighter-details/1004099ab87faa8d,,,83.916
Nick Hein,Southpaw,1984-04-24,http://ufcstats.com/fighter-details/2816ced060a21be3,167.64000000000001,167.64000000000001,70.308
Ian Heinisch,Orthodox,1988-08-05,http://ufcstats.com/fighter-details/2e585c701f72fe55,180.34,182.88,83.916
Marcin Held,Orthodox,1992-01-18,http://ufcstats.com/fighter-details/bf43fed8f29e1671,175.26,180.34,70.308
Delson Heleno,Orthodox,1977-11-16,http://ufcstats.com/fighter-details/970beed85bc46b63,180.34,,83.916
Matt Helm,,,http://ufcstats.com/fighter-details/cacfd51b8e97ace0,,,70.308
Elisha Helsper,Orthodox,1983-02-06,http://ufcstats.com/fighter-details/0971be7d94e109e1,167.64000000000001,,61.236
Dan Henderson,Orthodox,1970-08-24,http://ufcstats.com/fighter-details/1ccf4e7caff270df,180.34,187.96,83.916
Benson Henderson,Southpaw,1983-11-16,http://ufcstats.com/fighter-details/2676b28836a5a836,175.26,177.8,77.112
Ron Henderson,,,http://ufcstats.com/fighter-details/498f0d066396ec59,177.8,,56.7
Josh Hendricks,Southpaw,1976-08-28,http://ufcstats.com/fighter-details/7649c4c95b824488,187.96,,106.596
Johny Hendricks,Southpaw,1983-09-12,http://ufcstats.com/fighter-details/0941df56f6ac954b,175.26,175.26,83.916
Cory Hendricks,Switch,1988-05-10,http://ufcstats.com/fighter-details/9ab9912e0f8fa6d6,190.5,,92.988
Luis Henrique,Orthodox,1993-08-21,http://ufcstats.com/fighter-details/e5bda12faabfc850,187.96,187.96,110.2248
Jose Henrique,Orthodox,2002-05-23,http://ufcstats.com/fighter-details/20a0e4cc5227c117,190.5,200.66,77.112
Paulo Henrique,,2002-07-03,http://ufcstats.com/fighter-details/3fe8ad7e1594537a,170.18,175.26,56.7
Diego Henrique da Silva,Orthodox,1986-08-22,http://ufcstats.com/fighter-details/1649770c649db6a5,187.96,,83.916
Danny Henry,Orthodox,1988-07-17,http://ufcstats.com/fighter-details/f7d73e452b064bf2,182.88,185.42000000000002,65.772
Victor Henry,Switch,1987-05-04,http://ufcstats.com/fighter-details/eb8d8c2a95cfccb8,170.18,172.72,61.236
TJ Hepburn,,,http://ufcstats.com/fighter-details/e1acbb6352ca3551,170.18,,70.308
Jai Herbert,Orthodox,1988-05-13,http://ufcstats.com/fighter-details/4c88a1db5a46c6a4,185.42000000000002,195.58,70.308
Ed Herman,Orthodox,1980-10-02,http://ufcstats.com/fighter-details/06f36cf4bd97ec77,185.42000000000002,195.58,92.988
Dave Herman,Orthodox,1984-10-03,http://ufcstats.com/fighter-details/cbd6f1abf955e628,193.04,195.58,109.77120000000001
Jack Hermansson,Orthodox,1988-06-10,http://ufcstats.com/fighter-details/0a1942069c9ad6b6,185.42000000000002,195.58,83.916
Noe Hernandez,Orthodox,,http://ufcstats.com/fighter-details/df2cf66d8c0123db,,,
Joe Hernandez,,,http://ufcstats.com/fighter-details/4a76daef28549957,,,
Ramiro Hernandez,Orthodox,1986-07-22,http://ufcstats.com/fighter-details/915c8d39d4a0e7d1,175.26,,61.236
Alexander Hernandez,Orthodox,1992-10-01,http://ufcstats.com/fighter-details/262a7d06203657e6,175.26,182.88,70.308
Anthony Hernandez,Orthodox,1993-10-18,http://ufcstats.com/fighter-details/093e1f5bb73850be,182.88,190.5,83.916
Nohelin Hernandez,Orthodox,1994-03-01,http://ufcstats.com/fighter-details/f97c5433c77522d3,177.8,180.34,61.236
Carlos Hernandez,Orthodox,1993-10-25,http://ufcstats.com/fighter-details/798e48f9e7f6ba22,172.72,170.18,56.7
Leslie Hernandez,Orthodox,1997-12-29,http://ufcstats.com/fighter-details/fc8610cc15674ae2,160.02,162.56,52.164
Paul Herrera,Orthodox,,http://ufcstats.com/fighter-details/440c9dbab63528fb,177.8,,83.916
Chris Herrera,,,http://ufcstats.com/fighter-details/f71028a6e5128856,177.8,,83.916
Geane Herrera,Orthodox,1990-05-27,http://ufcstats.com/fighter-details/c169545ab0825f44,165.1,167.64000000000001,56.7
Alvaro Herrera Mendoza,Orthodox,1990-05-14,http://ufcstats.com/fighter-details/74d35fbc9c6a61bd,182.88,187.96,70.308
Felice Herrig,Orthodox,1984-09-18,http://ufcstats.com/fighter-details/b6850671a008bf9a,162.56,165.1,52.164
Heath Herring,Orthodox,1978-03-02,http://ufcstats.com/fighter-details/7450525c7ba032a0,193.04,198.12,113.4
Jon Hess,,,http://ufcstats.com/fighter-details/32a3025d5db456ae,200.66,,133.812
Clint Hester,Orthodox,1986-11-21,http://ufcstats.com/fighter-details/92b62174c175ce19,187.96,195.58,92.988
Brandon Hester,,,http://ufcstats.com/fighter-details/13150cf89a5b81e0,185.42000000000002,,92.988
Jimy Hettes,Southpaw,1987-06-09,http://ufcstats.com/fighter-details/893d51aaf024eddd,175.26,180.34,65.772
Conor Heun,Orthodox,1979-02-11,http://ufcstats.com/fighter-details/fdb02029556ff4ed,177.8,,70.308
Marcus Hicks,Southpaw,1975-11-25,http://ufcstats.com/fighter-details/e69c5ce12f4e762b,167.64000000000001,162.56,70.308
Jay Hieron,Orthodox,1976-07-29,http://ufcstats.com/fighter-details/5bb0a618ad03ac64,182.88,190.5,77.112
Brady Hiestand,Orthodox,1999-04-30,http://ufcstats.com/fighter-details/7af33fc4435017f1,172.72,180.34,61.236
Lee Higgins,,1980-07-14,http://ufcstats.com/fighter-details/88432fe79d5091d9,,,70.308
Jason High,Southpaw,1981-10-12,http://ufcstats.com/fighter-details/e5d03e4d966126bd,172.72,185.42000000000002,70.308
Richie Hightower,Orthodox,1974-11-26,http://ufcstats.com/fighter-details/318e629d1eb7aa49,172.72,,77.112
Alex Higley,,,http://ufcstats.com/fighter-details/2af2d675f7d847e3,177.8,,65.772
Corey Hill,Orthodox,1978-10-03,http://ufcstats.com/fighter-details/abbc737317f66b81,193.04,203.2,70.308
Isaiah Hill,,,http://ufcstats.com/fighter-details/86b30a86664cb6e4,177.8,,70.308
Angela Hill,Orthodox,1985-01-12,http://ufcstats.com/fighter-details/f0feeb2192937424,160.02,162.56,52.164
Tyler Hill,Switch,1991-08-10,http://ufcstats.com/fighter-details/006efbb0c1621fd7,190.5,,77.112
Jamahal Hill,Southpaw,1991-05-19,http://ufcstats.com/fighter-details/5444c5a201d3ee5a,193.04,200.66,92.988
Kailan Hill,Southpaw,1994-12-01,http://ufcstats.com/fighter-details/bc7efc037c5f6550,185.42000000000002,195.58,83.916
Alvin Hines,Orthodox,1991-10-20,http://ufcstats.com/fighter-details/ab2a4b5e04dc5fe9,187.96,187.96,120.20400000000001
Branden Lee Hinkle,Orthodox,1973-07-29,http://ufcstats.com/fighter-details/06f0ffa6446c5b6d,190.5,,106.596
Hatsu Hioki,Orthodox,1983-07-18,http://ufcstats.com/fighter-details/ef7fa30364cbe7f2,180.34,185.42000000000002,65.772
Alan Hiro,Orthodox,1986-04-04,http://ufcstats.com/fighter-details/483b3170b3c05cf0,165.1,,61.236
Kuniyoshi Hironaka,Orthodox,1976-06-17,http://ufcstats.com/fighter-details/9d4522df6fc49a47,177.8,177.8,76.2048
Mizuto Hirota,Orthodox,1981-05-05,http://ufcstats.com/fighter-details/35faad160d346839,170.18,170.18,70.308
Yuji Hisamatsu,,1971-09-18,http://ufcstats.com/fighter-details/8332a607df696345,177.8,,83.916
An Tuan Ho,Switch,2000-09-27,http://ufcstats.com/fighter-details/6c9384138c82962f,167.64000000000001,167.64000000000001,56.7
Kwan Ho Kwak,Switch,1989-06-18,http://ufcstats.com/fighter-details/c13042265355a290,165.1,,61.236
Matt Hobar,Southpaw,1987-01-07,http://ufcstats.com/fighter-details/b57edace7b647f07,177.8,177.8,61.236
Bobby Hoffman,Orthodox,1968-10-28,http://ufcstats.com/fighter-details/afaad7d6a581e307,187.96,,111.132
Chris Hofmann,Orthodox,1989-11-18,http://ufcstats.com/fighter-details/33fb306278dbb3e5,182.88,182.88,77.112
Sam Hoger,Orthodox,1980-06-28,http://ufcstats.com/fighter-details/84a067c46306a737,187.96,,92.988
Josh Hokit,Orthodox,1997-11-12,http://ufcstats.com/fighter-details/955da1675ad58a50,185.42000000000002,185.42000000000002,107.9568
Andrew Holbrook,Southpaw,1986-02-06,http://ufcstats.com/fighter-details/66ab58d0b3783607,180.34,177.8,70.308
Sean Holden,,1984-09-17,http://ufcstats.com/fighter-details/acbb9c76f5894e36,177.8,,77.112
Chris Holdsworth,,1987-10-24,http://ufcstats.com/fighter-details/fc60ecf0671b9489,180.34,,61.236
Kevin Holland,Orthodox,1992-11-05,http://ufcstats.com/fighter-details/3a46b268013afede,190.5,205.74,77.112
Roger Hollett,Orthodox,1978-10-08,http://ufcstats.com/fighter-details/27d65e9d0fba61ea,180.34,,92.988
Max Holloway,Orthodox,1991-12-04,http://ufcstats.com/fighter-details/150ff4cc642270b9,180.34,175.26,65.772
Gabrielle Holloway,,1990-04-15,http://ufcstats.com/fighter-details/e30715382f42b772,160.02,,65.772
Jeremie Holloway,,1984-09-29,http://ufcstats.com/fighter-details/ee28aa7f1043756c,182.88,,77.112
Holly Holm,Southpaw,1981-10-17,http://ufcstats.com/fighter-details/634e2fb70bde3fd5,172.72,175.26,61.236
Rex Holman,Southpaw,,http://ufcstats.com/fighter-details/b5ea750025697880,190.5,,92.988
Joseph Holmes,Orthodox,1995-07-04,http://ufcstats.com/fighter-details/8d20d76af3f213ce,193.04,203.2,83.916
Brandon Holmes,Orthodox,1997-02-05,http://ufcstats.com/fighter-details/f295d50c56339ab6,187.96,187.96,83.916
Kurt Holobaugh,Orthodox,1986-09-08,http://ufcstats.com/fighter-details/a7151778b3381036,180.34,177.8,70.308
Paddy Holohan,Orthodox,1988-05-03,http://ufcstats.com/fighter-details/6e7c758f5cdec01a,177.8,175.26,56.7
Ben Holscher,,,http://ufcstats.com/fighter-details/6070f16bcfd89fcf,180.34,,70.308
Mark Holst,Orthodox,1985-08-14,http://ufcstats.com/fighter-details/c11f50e9c1513ce9,182.88,,70.308
Scott Holtzman,Orthodox,1983-09-30,http://ufcstats.com/fighter-details/df1eb4354d18a906,175.26,175.26,70.308
Sabah Homasi,Orthodox,1988-10-19,http://ufcstats.com/fighter-details/71f048adbfed5b49,182.88,182.88,77.112
Mark Hominick,Orthodox,1982-07-22,http://ufcstats.com/fighter-details/0a97691039c4bbfb,172.72,172.72,65.772
Barb Honchak,Orthodox,1979-08-30,http://ufcstats.com/fighter-details/472f6f6e6d962f40,162.56,165.1,56.7
Chris Honeycutt,,1988-07-25,http://ufcstats.com/fighter-details/4d2e3320d815f687,177.8,185.42000000000002,77.112
JunYoung Hong,Orthodox,1990-12-18,http://ufcstats.com/fighter-details/b24666e26bd750a3,175.26,175.26,65.772
SeongChan Hong,Orthodox,1989-11-28,http://ufcstats.com/fighter-details/10d4575f497face4,170.18,175.26,70.308
Satoshi Honma,Orthodox,1968-05-19,http://ufcstats.com/fighter-details/d2b1c1317a39f6c6,185.42000000000002,,92.988
David Hood,,,http://ufcstats.com/fighter-details/5af480a3b2e1726b,182.88,,90.72
Lorenzo Hood,Southpaw,1989-03-02,http://ufcstats.com/fighter-details/7f9abc4db2d05764,190.5,203.2,120.20400000000001
Dan Hooker,Switch,1990-02-13,http://ufcstats.com/fighter-details/193b9d1858bc4df3,182.88,190.5,70.308
Chase Hooper,Southpaw,1999-09-13,http://ufcstats.com/fighter-details/971246648e162f0d,185.42000000000002,187.96,70.308
Darrell Horcher,Southpaw,1987-07-28,http://ufcstats.com/fighter-details/18e8b7070228e728,177.8,177.8,70.308
Moti Horenstein,Orthodox,,http://ufcstats.com/fighter-details/baf942f4bcb09894,193.04,,104.328
Yoshinori Horie,Orthodox,1995-05-10,http://ufcstats.com/fighter-details/3fa7688bfe48a493,172.72,177.8,65.772
Kyoji Horiguchi,Orthodox,1990-10-12,http://ufcstats.com/fighter-details/98aa60cf58071fd6,165.1,167.64000000000001,56.7
Yuma Horiuchi,Switch,1997-09-22,http://ufcstats.com/fighter-details/f6c1ce7cfd600662,167.64000000000001,170.18,56.7
Jeremy Horn,Orthodox,1975-08-25,http://ufcstats.com/fighter-details/8d26912cd2aeb366,185.42000000000002,187.96,83.916
Matt Horning,,,http://ufcstats.com/fighter-details/21632ba272c0785a,162.56,,56.7
Chris Horodecki,Orthodox,1987-09-24,http://ufcstats.com/fighter-details/e29cf523ebd155c5,175.26,175.26,70.308
Jamey-Lyn Horth,Orthodox,1990-03-30,http://ufcstats.com/fighter-details/5c637af9472ae7cc,170.18,167.64000000000001,56.7
Matt Horwich,Orthodox,1978-10-02,http://ufcstats.com/fighter-details/049d698d773eb3e1,185.42000000000002,,83.916
John Hosman,Southpaw,1980-11-13,http://ufcstats.com/fighter-details/57591bbf1623574e,177.8,,61.236
Saeed Hosseini,,,http://ufcstats.com/fighter-details/21f2974fd08085e3,,,
Jeff Hougland,Orthodox,1978-08-02,http://ufcstats.com/fighter-details/97a8f39186f489db,170.18,172.72,61.236
Trey Houston,,,http://ufcstats.com/fighter-details/c6668eeb261588d3,180.34,,83.916
Jamie Houston,,,http://ufcstats.com/fighter-details/4b1896310a907656,,,83.916
Brian Houston,Orthodox,1981-04-26,http://ufcstats.com/fighter-details/36fbaa49a09ff997,187.96,,83.916
Harold Howard,Orthodox,,http://ufcstats.com/fighter-details/a2b06ca02bca14c0,187.96,,108.864
John Howard,Orthodox,1983-03-01,http://ufcstats.com/fighter-details/fc31f896cde2bc2e,170.18,182.88,77.112
Shane Howell,Orthodox,1983-11-28,http://ufcstats.com/fighter-details/a7de976620f2ed13,172.72,,56.7
Hu Yaozong,Orthodox,1995-04-07,http://ufcstats.com/fighter-details/f1175ea3aafbf351,190.5,182.88,83.916
Carlos Huachin,Southpaw,1996-06-04,http://ufcstats.com/fighter-details/225def29ecfe0fc1,162.56,170.18,61.236
Brady Huang,Orthodox,1992-12-16,http://ufcstats.com/fighter-details/1ec1b6a7a29ffc71,175.26,175.26,61.236
Yuele Huang,,2000-07-04,http://ufcstats.com/fighter-details/1c8b9f4d89b92e1b,,,65.772
Huang Feier,Orthodox,1994-03-12,http://ufcstats.com/fighter-details/e71c75f533a30daa,165.1,165.1,52.164
Austin Hubbard,Orthodox,1991-12-22,http://ufcstats.com/fighter-details/d2cd7a69cc55e7ed,177.8,180.34,70.308
Collin Huckbody,Orthodox,1994-09-29,http://ufcstats.com/fighter-details/f372a848d250e006,190.5,193.04,83.916
Alex Huddleston,,1986-08-11,http://ufcstats.com/fighter-details/8b9197746bd3e005,200.66,,115.2144
Roger Huerta,Orthodox,1983-05-20,http://ufcstats.com/fighter-details/daf1b84aebd6602b,175.26,177.8,70.308
Casey Huffman,,,http://ufcstats.com/fighter-details/737d93a42b8c2e94,190.5,,83.916
Matt Hughes,Switch,1973-10-13,http://ufcstats.com/fighter-details/621a6c59f88a44fe,175.26,185.42000000000002,77.112
Mark Hughes,Southpaw,1973-10-13,http://ufcstats.com/fighter-details/d62bb4d84a7267ba,175.26,,92.988
Jeff Hughes,Orthodox,1988-05-17,http://ufcstats.com/fighter-details/6a11e325aa60ad02,187.96,195.58,113.4
Sam Hughes,Orthodox,1992-06-28,http://ufcstats.com/fighter-details/e94085e821bd81de,165.1,162.56,52.164
Victor Hugo,Orthodox,1992-11-22,http://ufcstats.com/fighter-details/f264ba50b007f39e,170.18,180.34,61.236
David Hulett,,1980-09-07,http://ufcstats.com/fighter-details/b0718335e9868cfd,177.8,,77.112
Dominik Humburger,,1996-01-03,http://ufcstats.com/fighter-details/e4cbc82c36e47299,,,83.916
Bryan Humes,,,http://ufcstats.com/fighter-details/b9c75e7fc910f587,,,120.20400000000001
Abongo Humphrey,Orthodox,,http://ufcstats.com/fighter-details/cb1b4d237b0079e6,180.34,,92.988
Harry Hunsucker,Orthodox,1989-01-03,http://ufcstats.com/fighter-details/f703250471acaf96,187.96,190.5,92.988
Mark Hunt,Orthodox,1974-03-23,http://ufcstats.com/fighter-details/eef9b891edbd4604,177.8,182.88,120.20400000000001
Alex Hunter,Orthodox,,http://ufcstats.com/fighter-details/baa5358456803df8,175.26,,102.5136
Adam Hunter,Orthodox,1983-10-16,http://ufcstats.com/fighter-details/edc9eb3051f444fa,185.42000000000002,,83.916
Joe Hurley,,1978-06-24,http://ufcstats.com/fighter-details/21b54430c8eeb9cc,172.72,,70.308
Solomon Hutcherson,Southpaw,1972-08-31,http://ufcstats.com/fighter-details/155bfc7ed36622df,180.34,,83.916
Young Hwang,,1988-09-02,http://ufcstats.com/fighter-details/8588d14c4952b9fa,175.26,,61.236
In Su Hwang,Orthodox,1994-01-18,http://ufcstats.com/fighter-details/1c01d986283e6acb,180.34,187.96,83.916
Al Iaquinta,Orthodox,1987-04-30,http://ufcstats.com/fighter-details/59279a7c978f7da0,177.8,177.8,70.308
Khadis Ibragimov,Orthodox,1995-05-21,http://ufcstats.com/fighter-details/c3218c810959d279,190.5,198.12,92.988
Minoki Ichihara,Orthodox,,http://ufcstats.com/fighter-details/4565d435005319c0,170.18,,80.74080000000001
Alibi Idiris,Orthodox,1994-10-22,http://ufcstats.com/fighter-details/30cad5a751adcb48,167.64000000000001,172.72,56.7
Dan Ige,Orthodox,1991-08-06,http://ufcstats.com/fighter-details/82a5152216251682,170.18,180.34,65.772
Valeri Ignatov,Orthodox,,http://ufcstats.com/fighter-details/7b6ce3a9460565b5,175.26,,77.112
Sergey Ignatov,Orthodox,,http://ufcstats.com/fighter-details/df9e9c1f65805d29,175.26,,95.256
Fabiano Iha,Orthodox,1970-07-28,http://ufcstats.com/fighter-details/263ebd4a669e1e98,172.72,,70.308
Seichi Ikemoto,Orthodox,1975-08-24,http://ufcstats.com/fighter-details/81f38d1640c4e70d,180.34,,76.2048
Mikhail Iloukhine,Orthodox,1966-11-21,http://ufcstats.com/fighter-details/b71667c778b6d9e5,175.26,,92.988
Zelim Imadaev,Orthodox,1995-01-25,http://ufcstats.com/fighter-details/7f0f171414d0a287,182.88,193.04,77.112
Yusuke Imamura,Orthodox,,http://ufcstats.com/fighter-details/2ce6541127b0e232,172.72,,99.792
Masakazu Imanari,Southpaw,1976-02-10,http://ufcstats.com/fighter-details/a4dd5c9a75763295,162.56,,63.0504
Nassourdine Imavov,Orthodox,1996-03-01,http://ufcstats.com/fighter-details/881bf86d4cba8578,190.5,190.5,83.916
Brad Imes,Orthodox,1977-03-13,http://ufcstats.com/fighter-details/4908c5ee68a50ee5,200.66,,120.20400000000001
Michael Imperato,Switch,1989-09-01,http://ufcstats.com/fighter-details/59e52d56bab2b1ee,170.18,167.64000000000001,61.236
Rui Imura,Southpaw,1999-03-24,http://ufcstats.com/fighter-details/bb56173e2275e622,177.8,175.26,61.236
Chris Indich,,1987-04-22,http://ufcstats.com/fighter-details/d5b7fac960e58920,177.8,,77.112
Chris Inman,,,http://ufcstats.com/fighter-details/f0a381ba65d2a933,,,
Guto Inocente,Orthodox,1986-05-29,http://ufcstats.com/fighter-details/e7fe5315b1efeb92,190.5,,92.988
Enson Inoue,Orthodox,1967-04-15,http://ufcstats.com/fighter-details/0cf935519d439ba6,177.8,,95.256
Egan Inoue,Southpaw,1965-07-04,http://ufcstats.com/fighter-details/37a6c95201592fea,175.26,,86.184
Katsuya Inoue,Southpaw,1979-08-10,http://ufcstats.com/fighter-details/b5882371e2a3900d,175.26,,76.2048
Takeshi Inoue,,1980-03-18,http://ufcstats.com/fighter-details/a61a0cd2829e5d4e,172.72,,65.772
Naoki Inoue,Orthodox,1997-06-14,http://ufcstats.com/fighter-details/199eb7cf6ae90294,175.26,180.34,56.7
Jorge Interiano,,,http://ufcstats.com/fighter-details/1e75e6c9de99fa76,185.42000000000002,,92.988
Jason Ireland,Southpaw,1979-12-30,http://ufcstats.com/fighter-details/05a0556072931f01,175.26,,73.0296
James Irvin,Orthodox,1978-09-12,http://ufcstats.com/fighter-details/a7f4d0902bb64092,187.96,190.5,92.988
Eric Irvin,,1986-01-10,http://ufcstats.com/fighter-details/a47c2a6e24757932,172.72,,70.308
Issa Isakov,Orthodox,1989-10-22,http://ufcstats.com/fighter-details/e9095aeb36f2aeb8,175.26,177.8,70.308
Mitsuhiro Ishida,Southpaw,1978-12-29,http://ufcstats.com/fighter-details/82f5c81f4e3c3eb5,167.64000000000001,,69.8544
Teruto Ishihara,Southpaw,1991-07-23,http://ufcstats.com/fighter-details/88cd34d836b4ebcd,170.18,175.26,61.236
Satoshi Ishii,Orthodox,1986-12-19,http://ufcstats.com/fighter-details/c8a49ff2acb6f3c5,180.34,,108.864
Yuki Ishikawa,Orthodox,,http://ufcstats.com/fighter-details/119ebea97e914dcf,180.34,,92.988
Eiji Ishikawa,,1979-10-12,http://ufcstats.com/fighter-details/eb89dc31949a1427,177.8,,77.112
Tokimitsu Ishizawa,Orthodox,1968-08-05,http://ufcstats.com/fighter-details/f3155a94ca420126,182.88,,83.916
Damir Ismagulov,Orthodox,1991-02-03,http://ufcstats.com/fighter-details/135d124172a0bea3,177.8,187.96,70.308
Wallid Ismail,Orthodox,1968-02-23,http://ufcstats.com/fighter-details/da6dfd09cca1d705,170.18,,92.988
Leandro Issa,Orthodox,1983-09-19,http://ufcstats.com/fighter-details/d1e1fdcea7c8a90a,170.18,175.26,61.236
Kuya Ito,Orthodox,1996-10-07,http://ufcstats.com/fighter-details/f647247f0d9f3b50,165.1,167.64000000000001,61.236
Blagoy Ivanov,Southpaw,1986-10-09,http://ufcstats.com/fighter-details/1788eee370f077b7,180.34,185.42000000000002,113.4
Anthony Ivy,Orthodox,1990-01-23,http://ufcstats.com/fighter-details/3c5005b66696d790,187.96,187.96,83.916
Tomomi Iwama,Orthodox,,http://ufcstats.com/fighter-details/ac5f67109accb482,160.02,,70.308
Tatsuya Iwasaki,Orthodox,,http://ufcstats.com/fighter-details/243b07fc65ccbb16,175.26,,92.988
Taiga Iwasaki,Orthodox,1997-07-07,http://ufcstats.com/fighter-details/5b08af4fbc987f9c,185.42000000000002,185.42000000000002,83.916
Saygid Izagakhmaev,,1994-09-03,http://ufcstats.com/fighter-details/de26d906f2874dd4,,,77.112
Yoislandy Izquierdo,Southpaw,1984-01-09,http://ufcstats.com/fighter-details/afc2a7ce0c763bd5,180.34,,70.308
Hiroshi Izumi,Orthodox,1982-06-22,http://ufcstats.com/fighter-details/53e4e21f4c688801,,,92.988
Yves Jabouin,Orthodox,1979-05-30,http://ufcstats.com/fighter-details/b4eeac608fc82f88,170.18,172.72,61.236
Kevin Jackson,Switch,,http://ufcstats.com/fighter-details/13b2f59210dda9cc,177.8,,90.2664
Eugene Jackson,Orthodox,1966-09-23,http://ufcstats.com/fighter-details/ce783bf73b5131f9,172.72,,83.916
Quinton Jackson,Orthodox,1978-06-20,http://ufcstats.com/fighter-details/ffc088e64fab57e9,185.42000000000002,185.42000000000002,92.988
Jeremy Jackson,Orthodox,1982-09-19,http://ufcstats.com/fighter-details/ad32471f01e7b1a5,177.8,,77.112
Damon Jackson,Switch,1988-08-08,http://ufcstats.com/fighter-details/29af297d9f1de0f8,180.34,180.34,70.308
Kenyon Jackson,,,http://ufcstats.com/fighter-details/56c5132870a526d5,182.88,,83.916
Mike Jackson,Orthodox,1985-03-22,http://ufcstats.com/fighter-details/0641c21bec209472,187.96,187.96,77.112
Jason Jackson,Orthodox,1990-10-30,http://ufcstats.com/fighter-details/ca8da445dfa82d56,185.42000000000002,198.12,77.112
Montel Jackson,Southpaw,1992-04-24,http://ufcstats.com/fighter-details/cc1a8b4b38b92c6d,177.8,190.5,61.236
Eric Jacob,,,http://ufcstats.com/fighter-details/ba17afef01ed78b6,,,70.308
Richard Jacobi,Orthodox,1993-09-28,http://ufcstats.com/fighter-details/46f557bd44da630e,193.04,190.5,117.936
Dustin Jacoby,Orthodox,1988-04-04,http://ufcstats.com/fighter-details/e4277e87a789d687,190.5,193.04,92.988
Justin James,Orthodox,1976-11-08,http://ufcstats.com/fighter-details/1ea8df62b3f8fea6,177.8,,70.308
Nate James,,1978-05-29,http://ufcstats.com/fighter-details/a34fecf2f4e5a317,182.88,,83.916
Virna Jandiroba,Orthodox,1988-05-30,http://ufcstats.com/fighter-details/7dda2cf308f24a02,160.02,162.56,52.164
Ryan Janes,Orthodox,1981-08-22,http://ufcstats.com/fighter-details/b59037262c8fe060,190.5,193.04,83.916
YunSeong Jang,Orthodox,2002-11-04,http://ufcstats.com/fighter-details/c7b0081edfef4bc7,182.88,182.88,77.112
Josh Janousek,Orthodox,1980-09-25,http://ufcstats.com/fighter-details/8f7380fb0916dc77,180.34,,83.916
Dave Jansen,Orthodox,1979-08-21,http://ufcstats.com/fighter-details/335ad945324c3a2e,175.26,185.42000000000002,70.308
Jaime Jara,Southpaw,1969-08-02,http://ufcstats.com/fighter-details/805ad1801eb26abb,185.42000000000002,,92.988
Gigo Jara,,,http://ufcstats.com/fighter-details/99d5cf1eda8b25c1,175.26,,65.772
Keith Jardine,Orthodox,1975-10-31,http://ufcstats.com/fighter-details/b9d0fd83bb8a147a,187.96,193.04,83.916
Brock Jardine,Orthodox,1985-07-10,http://ufcstats.com/fighter-details/64959f90b6dd9759,180.34,,77.112
Josh Jarvis,,,http://ufcstats.com/fighter-details/32e8e0e8498f03c2,,,
Rony Jason,Orthodox,1984-03-21,http://ufcstats.com/fighter-details/b71ce838b01f2cad,170.18,185.42000000000002,65.772
Jasmine Jasudavicius,Orthodox,1989-03-01,http://ufcstats.com/fighter-details/a9e260472d321361,170.18,172.72,56.7
Louis Jauregui,,,http://ufcstats.com/fighter-details/0e8744ded08ee5fb,170.18,,77.112
Yazmin Jauregui,Orthodox,1999-02-28,http://ufcstats.com/fighter-details/40cb680ae1cd331f,160.02,162.56,52.164
Justin Jaynes,Orthodox,1989-08-10,http://ufcstats.com/fighter-details/304a21d0595e1a08,170.18,172.72,65.772
Joanna Jedrzejczyk,Orthodox,1987-08-18,http://ufcstats.com/fighter-details/3d6749c4267da18f,167.64000000000001,165.1,52.164
Aaron Jeffery,Orthodox,1992-11-14,http://ufcstats.com/fighter-details/ccdcb20370be62a3,187.96,185.42000000000002,83.916
Trent Jenkins,,,http://ufcstats.com/fighter-details/02fc8f50f56eb307,187.96,,83.916
Bubba Jenkins,,1988-02-05,http://ufcstats.com/fighter-details/5e841bb3752b6e86,170.18,,65.772
Adrienna Jenkins,,1981-07-22,http://ufcstats.com/fighter-details/dae85a6a83f53215,172.72,,65.772
Brandon Jenkins,Switch,1991-09-30,http://ufcstats.com/fighter-details/6a8928652fc01bee,182.88,180.34,70.308
Jack Jenkins,Switch,1993-11-03,http://ufcstats.com/fighter-details/a9da3158dd2c2b5a,170.18,172.72,65.772
Steve Jennum,Orthodox,,http://ufcstats.com/fighter-details/ad047e3073a775f3,177.8,,97.524
Ryan Jensen,Orthodox,1977-09-20,http://ufcstats.com/fighter-details/aae99701b21554e4,185.42000000000002,193.04,83.916
Kyle Jensen,Orthodox,1979-07-20,http://ufcstats.com/fighter-details/aec273fcb765330d,175.26,,77.112
Chan-Mi Jeon,Orthodox,1997-08-28,http://ufcstats.com/fighter-details/24174a3f44ce8e03,165.1,,52.164
Maciej Jewtuszko,Southpaw,1981-01-31,http://ufcstats.com/fighter-details/6b5b9be990774f0e,182.88,,70.308
Ronald Jhun,Orthodox,1970-09-21,http://ufcstats.com/fighter-details/b9e871af730f826c,180.34,,77.112
Baergeng Jieleyisi,Orthodox,1995-11-24,http://ufcstats.com/fighter-details/8677e67a75d65b8e,175.26,180.34,65.772
Gilbert Jimenez,,,http://ufcstats.com/fighter-details/59d36ddfcb27b7dc,,,70.308
Ramiro Jimenez,Southpaw,1999-01-16,http://ufcstats.com/fighter-details/1c02b964466c10e4,175.26,185.42000000000002,65.772
Art Jimmerson,Orthodox,1963-08-04,http://ufcstats.com/fighter-details/a5c53b3ddb31cc7d,185.42000000000002,,88.9056
Ryan Jimmo,Orthodox,1981-11-27,http://ufcstats.com/fighter-details/bc3ec52ef70fc155,185.42000000000002,185.42000000000002,92.988
Jinensibieke Asikeerbai,Orthodox,1988-07-10,http://ufcstats.com/fighter-details/4eccb78d628b2238,167.64000000000001,175.26,70.308
Jiniushiyue,Southpaw,2000-12-09,http://ufcstats.com/fighter-details/c14a683dac2ebc4c,167.64000000000001,172.72,56.7
Sung Bin Jo,Orthodox,1992-07-17,http://ufcstats.com/fighter-details/6e0e977beb909837,182.88,182.88,65.772
Carls John De Tomas,Southpaw,1996-08-28,http://ufcstats.com/fighter-details/2a4200ead401a9ce,165.1,180.34,56.7
Phil Johns,Southpaw,1968-10-22,http://ufcstats.com/fighter-details/a8fa0c4e95512806,157.48,,77.112
Brett Johns,Orthodox,1992-02-21,http://ufcstats.com/fighter-details/ec52462a1b41f714,170.18,180.34,61.236
Miles Johns,Orthodox,1994-03-30,http://ufcstats.com/fighter-details/46e0d677f91bacc0,170.18,172.72,61.236
Anthony Johnson,Orthodox,1984-03-06,http://ufcstats.com/fighter-details/365fee2da473b177,187.96,198.12,92.988
DaMarques Johnson,Orthodox,1982-06-28,http://ufcstats.com/fighter-details/322a56923b396b4d,185.42000000000002,190.5,77.112
Devin Johnson,,,http://ufcstats.com/fighter-details/22f4b6cb6b1bd7fd,,,
Travis Johnson,,,http://ufcstats.com/fighter-details/443835675e8fc6ca,,,92.988
Ricky Johnson,Orthodox,,http://ufcstats.com/fighter-details/fa2fca260beeb9c0,172.72,,65.772
Tony Johnson,Orthodox,1983-05-02,http://ufcstats.com/fighter-details/3641a0d117e9bc6c,187.96,193.04,92.988
Lavar Johnson,Orthodox,1977-06-11,http://ufcstats.com/fighter-details/e6c5908910cc26e4,193.04,208.28,108.864
Demetrious Johnson,Orthodox,1986-08-13,http://ufcstats.com/fighter-details/8a304bfd6bf04a57,160.02,167.64000000000001,56.7
Michael Johnson,Southpaw,1986-06-04,http://ufcstats.com/fighter-details/511e82663651438d,177.8,185.42000000000002,70.308
Deshaun Johnson,,,http://ufcstats.com/fighter-details/bf97ad31eae89429,,,75.7512
Kajan Johnson,Orthodox,1984-04-21,http://ufcstats.com/fighter-details/633a45d131192ffe,180.34,190.5,70.308
Dashon Johnson,Orthodox,1988-01-25,http://ufcstats.com/fighter-details/36207c58e854cae5,170.18,,65.772
Timothy Johnson,Southpaw,1985-03-13,http://ufcstats.com/fighter-details/cc900af167fbedfd,190.5,195.58,120.20400000000001
Tony Johnson,,,http://ufcstats.com/fighter-details/a45bab49951a45cd,185.42000000000002,,120.20400000000001
Jordan Johnson,Orthodox,1988-11-18,http://ufcstats.com/fighter-details/99bcdf5eac39898f,187.96,200.66,92.988
Taylor Johnson,Switch,1990-11-09,http://ufcstats.com/fighter-details/552b09cbf13b6328,182.88,187.96,83.916
Chad Johnson,Orthodox,1986-07-22,http://ufcstats.com/fighter-details/6ce9a012e4c6020c,187.96,203.2,104.328
Jose Johnson,Orthodox,1995-05-20,http://ufcstats.com/fighter-details/84f727cf0166d6f2,182.88,180.34,56.7
Charles Johnson,Switch,1991-01-10,http://ufcstats.com/fighter-details/814e5233e2acf2ee,175.26,177.8,56.7
Donte Johnson,Southpaw,1999-01-25,http://ufcstats.com/fighter-details/ad5cb64af10fc946,172.72,187.96,83.916
Brian Johnston,Orthodox,,http://ufcstats.com/fighter-details/1c3f5e85b59ec710,190.5,,104.328
Liana Jojua,Orthodox,1995-03-22,http://ufcstats.com/fighter-details/eebc23626e38f5dc,162.56,157.48,56.7
Nikola Joksovic,,1994-09-11,http://ufcstats.com/fighter-details/a6aa3157e1a1d104,,,77.112
Daniel Jolly,Orthodox,1984-09-03,http://ufcstats.com/fighter-details/eeabcd4dc6619129,185.42000000000002,190.5,92.988
Paul Jones,Orthodox,1963-06-16,http://ufcstats.com/fighter-details/f341f9551ba744e2,175.26,,90.2664
Jon Jones,Orthodox,1987-07-19,http://ufcstats.com/fighter-details/07f72a2a7591b409,193.04,213.36,112.4928
Nathan Jones,Orthodox,1970-08-21,http://ufcstats.com/fighter-details/f54fb3b9c4228142,210.82,,156.492
Marcus Jones,Orthodox,1973-08-15,http://ufcstats.com/fighter-details/8fa2b06572365321,198.12,,120.20400000000001
Carlton Jones,Orthodox,,http://ufcstats.com/fighter-details/f117c3e8c1aa7b9e,185.42000000000002,,102.06
Jesse Jones,,,http://ufcstats.com/fighter-details/bc0f994de0521926,175.26,,77.112
Tito Jones,Southpaw,1981-07-31,http://ufcstats.com/fighter-details/7b223a22a6c26868,172.72,,65.772
Roy Jones,,1983-10-26,http://ufcstats.com/fighter-details/be8dfcf0442812b1,,,92.988
Justin Jones,Orthodox,1987-09-06,http://ufcstats.com/fighter-details/9b75954db8db2a08,180.34,,83.916
Ben Jones,,,http://ufcstats.com/fighter-details/329aff8e958a2997,,,83.916
Victor Jones,,,http://ufcstats.com/fighter-details/04f0471f221db717,,,65.772
Chris Jones,,1981-11-16,http://ufcstats.com/fighter-details/509319d35664369e,175.26,,67.5864
Roshaun Jones,,,http://ufcstats.com/fighter-details/8a9f54b9056b07f5,172.72,,61.236
Jamelle Jones,Orthodox,1988-01-31,http://ufcstats.com/fighter-details/1dda22d0ac3d1271,182.88,190.5,92.988
Antonio Jones,Orthodox,1985-04-12,http://ufcstats.com/fighter-details/f1fd494586ab8d5f,180.34,,83.916
Trevin Jones,Southpaw,1990-08-04,http://ufcstats.com/fighter-details/ec23c1be628d8057,170.18,177.8,61.236
Mason Jones,Orthodox,1995-04-26,http://ufcstats.com/fighter-details/f6ad6a1e4d600e0d,177.8,187.96,70.308
Craig Jones,,1991-07-17,http://ufcstats.com/fighter-details/e947b563eb744a21,,,92.988
Jacobi Jones,Orthodox,1996-05-24,http://ufcstats.com/fighter-details/08b01ed84044c6bc,175.26,182.88,70.308
Jocelyn Jones-Lybarger,Orthodox,1985-10-04,http://ufcstats.com/fighter-details/1a98c9dbb7fc3959,170.18,162.56,52.164
Kevin Jordan,Orthodox,1970-12-31,http://ufcstats.com/fighter-details/02e52b3a595f0786,190.5,,111.132
Joe Jordan,Orthodox,1978-07-27,http://ufcstats.com/fighter-details/712c4db78b9373d1,167.64000000000001,,70.308
Shawn Jordan,Southpaw,1984-10-21,http://ufcstats.com/fighter-details/ca2efc9d7d523c43,182.88,190.5,117.936
Ivan Jorge,Orthodox,1980-11-07,http://ufcstats.com/fighter-details/19db7ac26308178f,175.26,185.42000000000002,70.308
Scott Jorgensen,Orthodox,1982-09-17,http://ufcstats.com/fighter-details/0b64d0fed453ef7f,165.1,167.64000000000001,61.236
Gareth Joseph,,,http://ufcstats.com/fighter-details/8ecb9f42da5ef5ac,,,92.988
Dwight Joseph,Switch,1989-08-16,http://ufcstats.com/fighter-details/34ca93f1791a5c50,167.64000000000001,,61.236
Jeff Joslin,Orthodox,1975-04-30,http://ufcstats.com/fighter-details/388abbf8832b5adf,182.88,,77.112
Krzysztof Jotko,Southpaw,1989-08-19,http://ufcstats.com/fighter-details/4e06913c91da5200,185.42000000000002,195.58,83.916
Alan Jouban,Southpaw,1981-11-25,http://ufcstats.com/fighter-details/cf65d56b0755ed3b,182.88,185.42000000000002,77.112
Charles Jourdain,Switch,1995-11-27,http://ufcstats.com/fighter-details/f1d64ae34e088832,175.26,175.26,61.236
Louis Jourdain,Orthodox,1997-03-13,http://ufcstats.com/fighter-details/91cd52cb92dfdd52,175.26,175.26,61.236
Kevin Jousset,Orthodox,1993-05-02,http://ufcstats.com/fighter-details/dda15dbfafb792df,187.96,190.5,77.112
Mike Joy,Southpaw,1985-07-18,http://ufcstats.com/fighter-details/35080a7f406f9ab3,167.64000000000001,,70.308
Dustin Joynson,Orthodox,1985-10-14,http://ufcstats.com/fighter-details/791367e8c35cfb6a,198.12,198.12,110.6784
Tony Juarez,,,http://ufcstats.com/fighter-details/97f3692d5444a80a,,,70.308
Jesse Juarez,Orthodox,1981-05-08,http://ufcstats.com/fighter-details/cd039ff136d89ded,185.42000000000002,,77.112
Ernie Juarez,,1998-01-12,http://ufcstats.com/fighter-details/410898e8dd6ca9b6,172.72,177.8,65.772
Anshul Jubli,Switch,1995-01-13,http://ufcstats.com/fighter-details/a72a2a769fa5a2be,182.88,175.26,70.308
Carli Judice,Southpaw,1999-03-02,http://ufcstats.com/fighter-details/f1ab6f37492c630a,170.18,172.72,56.7
Steve Judson,Orthodox,,http://ufcstats.com/fighter-details/6ece1d2ab1bed31d,180.34,,104.328
Luke Jumeau,Orthodox,1988-02-12,http://ufcstats.com/fighter-details/4c288a2b250bb576,180.34,182.88,77.112
Bu-Kyung Jung,Orthodox,1978-05-26,http://ufcstats.com/fighter-details/b35d1650c78c2948,170.18,,69.8544
Chan Sung Jung,Orthodox,1987-03-17,http://ufcstats.com/fighter-details/c451d67c09c55418,170.18,182.88,65.772
Young Sam Jung,Orthodox,1985-10-27,http://ufcstats.com/fighter-details/13104eaed3ae96c3,172.72,,63.0504
Da Woon Jung,Orthodox,1993-12-07,http://ufcstats.com/fighter-details/74f9448b97bf8bec,193.04,198.12,92.988
Scott Junk,Orthodox,1978-12-17,http://ufcstats.com/fighter-details/ac70a4f1db1b8c40,185.42000000000002,,120.20400000000001
Myles Jury,Orthodox,1988-10-31,http://ufcstats.com/fighter-details/08e908ed6d18d6a0,177.8,185.42000000000002,65.772
Cristiane Justino,Orthodox,1985-07-09,http://ufcstats.com/fighter-details/634bb0de2eb043b4,172.72,172.72,65.772
Patrick Kaase,,,http://ufcstats.com/fighter-details/b180f05acb24d430,175.26,,83.916
Emily Kagan,,1981-07-14,http://ufcstats.com/fighter-details/c1ea9d56cd953586,160.02,,52.164
Oron Kahlon,Orthodox,1984-11-04,http://ufcstats.com/fighter-details/00a35c92b03992b0,172.72,177.8,61.236
Kaiwen,Switch,1995-10-16,http://ufcstats.com/fighter-details/0565706b1e7f7e7c,172.72,180.34,65.772
Sirwan Kakai,Orthodox,1989-10-03,http://ufcstats.com/fighter-details/2525a853486ee670,165.1,,61.236
Saidyokub Kakhramonov,Orthodox,1995-11-14,http://ufcstats.com/fighter-details/50a28b9f8314e008,172.72,175.26,61.236
Geza Kalman,,,http://ufcstats.com/fighter-details/304fcd812f12c589,185.42000000000002,,90.72
Bryson Kamaka,Orthodox,,http://ufcstats.com/fighter-details/9336e86cfd4ceaa1,180.34,,77.112
Kai Kamaka,Orthodox,1995-01-05,http://ufcstats.com/fighter-details/eee0ef3e2b14816b,170.18,175.26,65.772
Shah Kamali,,1998-10-25,http://ufcstats.com/fighter-details/a46ab6c64d321c2d,,,120.20400000000001
Shuya Kamikubo,Switch,1993-04-12,http://ufcstats.com/fighter-details/a46fa1c7972548d0,165.1,172.72,61.236
Daichi Kamiya,Southpaw,1999-04-19,http://ufcstats.com/fighter-details/a497e228cce8a64f,172.72,172.72,70.308
Martin Kampmann,Orthodox,1982-04-17,http://ufcstats.com/fighter-details/8b69839f3555a67b,182.88,182.88,77.112
Koya Kanda,Southpaw,1995-12-20,http://ufcstats.com/fighter-details/b42d3a1469dab722,175.26,190.5,65.772
Bharat Kandare,Orthodox,1987-06-20,http://ufcstats.com/fighter-details/efd2b3e9bb7965a4,170.18,182.88,61.236
Hiromitsu Kanehara,Orthodox,1970-10-05,http://ufcstats.com/fighter-details/eda579d906cf0ca2,177.8,,90.72
Masanori Kanehara,Orthodox,1982-11-19,http://ufcstats.com/fighter-details/f3a078277b3b8ff4,170.18,170.18,61.236
Ken Kaneko,Orthodox,,http://ufcstats.com/fighter-details/5345f86680378fc1,182.88,,73.0296
Denis Kang,Orthodox,1977-09-17,http://ufcstats.com/fighter-details/3c241737a6069b9f,180.34,195.58,83.916
Kyung Ho Kang,Orthodox,1987-09-09,http://ufcstats.com/fighter-details/a7897d200692ab64,175.26,185.42000000000002,61.236
Manel Kape,Southpaw,1993-11-14,http://ufcstats.com/fighter-details/5d1b7e3dd9e11074,165.1,172.72,56.7
David Kaplan,Orthodox,1979-11-16,http://ufcstats.com/fighter-details/5669b828e7e11329,170.18,,70.308
Kai Kara-France,Orthodox,1993-03-26,http://ufcstats.com/fighter-details/853eb0dd5c0e2149,162.56,175.26,56.7
Georgi Karakhanyan,,1985-05-29,http://ufcstats.com/fighter-details/43292ecf0e72c143,172.72,,65.772
Alex Karalexis,Orthodox,1977-09-20,http://ufcstats.com/fighter-details/e361e5c858af6ff1,172.72,167.64000000000001,70.308
Ernesta Kareckaite,Orthodox,1998-07-05,http://ufcstats.com/fighter-details/e4faa79383c9f214,175.26,180.34,56.7
Impa Kasanganay,Orthodox,1994-01-17,http://ufcstats.com/fighter-details/257b0c8d6f199895,180.34,190.5,77.112
Jinnosuke Kashimura,Southpaw,2001-08-12,http://ufcstats.com/fighter-details/4a9120fa47bafef0,170.18,180.34,70.308
Nadia Kassem,Southpaw,1995-11-15,http://ufcstats.com/fighter-details/6e7506127408aa9e,165.1,167.64000000000001,56.7
Yusuke Kasuya,Southpaw,1989-11-16,http://ufcstats.com/fighter-details/3058888c33149a53,170.18,,70.308
Tetsuji Kato,Orthodox,,http://ufcstats.com/fighter-details/542db012217ecb83,,,70.308
Hisaki Kato,,1982-09-17,http://ufcstats.com/fighter-details/ebf1c247b2cba375,182.88,,83.916
Brad Katona,Orthodox,1991-12-19,http://ufcstats.com/fighter-details/7b433309b0fd12aa,167.64000000000001,162.56,61.236
Calvin Kattar,Orthodox,1988-03-26,http://ufcstats.com/fighter-details/751de04455cfaac0,180.34,182.88,65.772
Sarah Kaufman,Orthodox,1985-09-20,http://ufcstats.com/fighter-details/36df8e119aec6175,165.1,167.64000000000001,61.236
Lone'er Kavanagh,Orthodox,1999-06-09,http://ufcstats.com/fighter-details/bb2c3c3a466224af,167.64000000000001,170.18,56.7
Yusuke Kawaguchi,,1980-08-14,http://ufcstats.com/fighter-details/fa2320781bfe4f49,182.88,,115.668
Canaan Kawaihae,Southpaw,1997-08-26,http://ufcstats.com/fighter-details/58d42b9e920b25fc,182.88,180.34,65.772
Tatsuya Kawajiri,Orthodox,1978-05-08,http://ufcstats.com/fighter-details/80d918336163b80c,170.18,175.26,65.772
Ryo Kawamura,Orthodox,1981-06-29,http://ufcstats.com/fighter-details/9e91d7fd2720e241,180.34,,92.988
Masuto Kawana,Orthodox,1995-01-30,http://ufcstats.com/fighter-details/49f4171f14f54220,167.64000000000001,175.26,65.772
Doug Kay,,,http://ufcstats.com/fighter-details/547c5611bd366988,,,
Toshiomi Kazama,Orthodox,1997-05-15,http://ufcstats.com/fighter-details/148bb103cfbf123e,170.18,175.26,61.236
Julie Kedzie,Orthodox,1981-03-18,http://ufcstats.com/fighter-details/981ab7a0576f76a0,165.1,,61.236
Ryan Keenan,,1985-06-15,http://ufcstats.com/fighter-details/a72b20136239ba39,177.8,,77.112
Losene Keita,Orthodox,1997-12-30,http://ufcstats.com/fighter-details/5b43d68174b6e2ab,172.72,182.88,65.772
CJ Keith,Orthodox,1986-08-09,http://ufcstats.com/fighter-details/c0eecd851dbf3146,182.88,,70.308
Chris Kelades,Orthodox,1981-02-21,http://ufcstats.com/fighter-details/56c9acc4e86046a2,170.18,172.72,56.7
Brian Kelleher,Switch,1986-08-19,http://ufcstats.com/fighter-details/7be14eaed4c74856,167.64000000000001,167.64000000000001,61.236
Mayana Kellem,Orthodox,1981-07-07,http://ufcstats.com/fighter-details/c788481ae19e798d,165.1,,61.236
Tony Kelley,Switch,1987-01-21,http://ufcstats.com/fighter-details/1a08b01fdabb6ae2,175.26,177.8,61.236
Paul Kelly,Orthodox,1984-09-12,http://ufcstats.com/fighter-details/aac5ac38148f0528,175.26,177.8,70.308
John Kelly,,1978-08-02,http://ufcstats.com/fighter-details/ace83095105dd205,175.26,,77.112
Daniel Kelly,Southpaw,1977-10-31,http://ufcstats.com/fighter-details/bdcbb976816fd256,182.88,177.8,83.916
Tim Kennedy,Orthodox,1979-09-01,http://ufcstats.com/fighter-details/3c660c90d48fc80d,180.34,187.96,83.916
Steve Kennedy,Orthodox,1983-03-07,http://ufcstats.com/fighter-details/185fb0200a4605e6,180.34,,77.112
Jeremy Kennedy,Orthodox,1992-09-16,http://ufcstats.com/fighter-details/68f6e96c5fa6e044,180.34,180.34,65.772
Waylon Kennell,,,http://ufcstats.com/fighter-details/9b8a73b59be8d786,182.88,,83.916
Casey Kenney,Southpaw,1991-03-20,http://ufcstats.com/fighter-details/e7bba7ce4d6c7b07,170.18,172.72,61.236
Maimaitituoheti Keremuaili,Orthodox,1991-03-18,http://ufcstats.com/fighter-details/772022b989534f0d,167.64000000000001,167.64000000000001,61.236
Aurelijus Kerpe,Orthodox,,http://ufcstats.com/fighter-details/c1e4ae143cce7398,,,
Mark Kerr,Switch,1968-12-21,http://ufcstats.com/fighter-details/a7b48e18ca27795d,190.5,,120.6576
Will Kerr,Orthodox,1982-10-21,http://ufcstats.com/fighter-details/ef61d9f5176b3200,177.8,175.26,70.308
Ron Keslar,,,http://ufcstats.com/fighter-details/b84f34b425dfd24b,,,83.916
Rustam Khabilov,Orthodox,1986-11-04,http://ufcstats.com/fighter-details/9b7694d064a8a0ad,172.72,185.42000000000002,70.308
Adam Khaliev,Orthodox,1984-04-16,http://ufcstats.com/fighter-details/1aba18b5f15d4956,182.88,,77.112
Sergey Khandozhko,Orthodox,1992-05-19,http://ufcstats.com/fighter-details/90da09db03e41748,185.42000000000002,187.96,77.112
Sergei Kharitonov,Orthodox,1980-08-18,http://ufcstats.com/fighter-details/0693b2eab79198ea,182.88,,111.132
Alfred Khashakyan,Orthodox,1988-07-17,http://ufcstats.com/fighter-details/3929efe0c0a83d07,172.72,177.8,61.236
Aziz Khaydarov,Orthodox,1993-09-25,http://ufcstats.com/fighter-details/a072b512b6f4fc42,180.34,182.88,70.308
Mansher Khera,Orthodox,1992-04-15,http://ufcstats.com/fighter-details/4bbd1e5c77ef3c2f,177.8,172.72,70.308
Aliaskhab Khizriev,Southpaw,1990-08-24,http://ufcstats.com/fighter-details/7ab478c397cd68ef,175.26,187.96,83.916
WonBin Ki,Orthodox,1991-02-11,http://ufcstats.com/fighter-details/aaeb55084b198a39,180.34,185.42000000000002,70.308
Pannie Kianzad,Orthodox,1991-12-08,http://ufcstats.com/fighter-details/91dac5e69e28d5b5,170.18,167.64000000000001,61.236
Akira Kikuchi,Orthodox,1978-07-23,http://ufcstats.com/fighter-details/9c37681096c6f3a9,172.72,,70.308
Katsunori Kikuno,Orthodox,1981-10-31,http://ufcstats.com/fighter-details/44470bfd9483c7ad,172.72,167.64000000000001,65.772
Sanae Kikuta,Orthodox,1971-09-10,http://ufcstats.com/fighter-details/e4bde462b043d3e1,175.26,,90.72
Jacob Kilburn,Orthodox,1995-06-28,http://ufcstats.com/fighter-details/637bd06c32219f0b,175.26,182.88,65.772
Dong Hyun Kim,Southpaw,1981-11-17,http://ufcstats.com/fighter-details/9bcf8603ceb25680,187.96,193.04,77.112
Jin Oh Kim,Orthodox,,http://ufcstats.com/fighter-details/8d04923f2db59b7f,175.26,,92.988
Dae Won Kim,Orthodox,,http://ufcstats.com/fighter-details/354808cf38d9d73c,180.34,,81.648
Jong Wang Kim,,,http://ufcstats.com/fighter-details/380e8b023290d091,185.42000000000002,,108.864
Jong Won Kim,Orthodox,,http://ufcstats.com/fighter-details/9e0f28d1f639ad73,170.18,,63.0504
Min Soo Kim,Southpaw,1975-01-22,http://ufcstats.com/fighter-details/831b937811804dad,185.42000000000002,,115.668
Jong Man Kim,Orthodox,1978-03-03,http://ufcstats.com/fighter-details/dba230fe33011201,170.18,,63.0504
Ji Yeon Kim,Orthodox,1989-10-18,http://ufcstats.com/fighter-details/a20f234df70f2182,170.18,182.88,56.7
MinWoo Kim,Orthodox,1993-07-21,http://ufcstats.com/fighter-details/6343a95f1d9e6a33,172.72,182.88,61.236
HanSeul Kim,Southpaw,1990-06-19,http://ufcstats.com/fighter-details/2bc47c7cc6c05bd7,185.42000000000002,185.42000000000002,77.112
KyeungPyo Kim,Orthodox,1992-01-29,http://ufcstats.com/fighter-details/5a9f7b5ffebdd6e7,175.26,180.34,70.308
Sangwook Kim,Orthodox,1993-10-17,http://ufcstats.com/fighter-details/a264d4e9a4d6bfe4,182.88,180.34,70.308
SangWon Kim,Orthodox,1993-09-01,http://ufcstats.com/fighter-details/e9712cad24948ce1,175.26,175.26,65.772
KyuSung Kim,Orthodox,1992-11-05,http://ufcstats.com/fighter-details/e7ecfab8fd86d3e1,180.34,175.26,56.7
So Yul Kim,,1997-05-25,http://ufcstats.com/fighter-details/864c07a7ff90caae,,,52.164
Jeremy Kimball,Switch,1991-01-03,http://ufcstats.com/fighter-details/917a5cb9821df261,182.88,182.88,92.988
Rob Kimmons,Orthodox,1981-01-30,http://ufcstats.com/fighter-details/054defd5420a551f,177.8,185.42000000000002,83.916
Dustin Kimura,Orthodox,1989-05-21,http://ufcstats.com/fighter-details/fe91d254db77a7fc,170.18,180.34,61.236
Taiei Kin,Orthodox,1970-07-08,http://ufcstats.com/fighter-details/c7ac79839e86ce33,180.34,,83.916
Mike King,,1983-08-04,http://ufcstats.com/fighter-details/564c2f5f9eb45d67,190.5,,83.916
Kyle Kingsbury,Orthodox,1982-03-22,http://ufcstats.com/fighter-details/b959e8c7fd8390d2,193.04,200.66,92.988
Yusaku Kinoshita,Southpaw,2000-08-21,http://ufcstats.com/fighter-details/21b5c82c1b89dab1,182.88,180.34,77.112
Kamuela Kirk,Switch,1994-04-13,http://ufcstats.com/fighter-details/c7d7fda69ec410d3,177.8,190.5,70.308
Yurij Kiseliov,Orthodox,,http://ufcstats.com/fighter-details/51d2aaaca56e5b40,172.72,,83.916
Justine Kish,Orthodox,1988-04-13,http://ufcstats.com/fighter-details/928ae2e5b5f7a9ec,165.1,162.56,56.7
Koji Kitao,Southpaw,1963-10-12,http://ufcstats.com/fighter-details/2a6f8136da1e52c0,200.66,,158.76
Satoru Kitaoka,,1980-02-04,http://ufcstats.com/fighter-details/e2ac5bb645f33088,167.64000000000001,,69.8544
Top Noi Kiwram,Southpaw,1992-08-15,http://ufcstats.com/fighter-details/e065b4a42a6c2c79,165.1,170.18,56.7
Ludovit Klein,Southpaw,1995-02-22,http://ufcstats.com/fighter-details/5b86d491d63890c5,170.18,182.88,70.308
Nick Klein,Orthodox,1995-09-08,http://ufcstats.com/fighter-details/7eaa5e31c2dd86aa,185.42000000000002,195.58,83.916
Seth Kleinbeck,,1973-07-25,http://ufcstats.com/fighter-details/8ad022dd81224f61,187.96,,83.916
Stefan Klever,Orthodox,,http://ufcstats.com/fighter-details/bc3876891e155bb5,,,83.916
Fatima Kline,Orthodox,2000-07-12,http://ufcstats.com/fighter-details/745fa7b605f8e2da,167.64000000000001,170.18,52.164
Felix Klinkhammer,,,http://ufcstats.com/fighter-details/8276f28f1ad087de,182.88,,77.112
Drakkar Klose,Orthodox,1988-03-09,http://ufcstats.com/fighter-details/7cbf7c78d3b34218,175.26,177.8,70.308
Michael Knaap,Orthodox,1984-02-27,http://ufcstats.com/fighter-details/02f0e04acf102ea9,187.96,,99.792
Kevin Knabjian,Orthodox,1984-07-05,http://ufcstats.com/fighter-details/1fac46d466abd5b8,177.8,,77.112
Jason Knight,Orthodox,1992-07-14,http://ufcstats.com/fighter-details/bb1a2cdad6ff34db,177.8,180.34,65.772
William Knight,Orthodox,1988-04-03,http://ufcstats.com/fighter-details/5da33b8fbfa5ee95,177.8,185.42000000000002,92.988
Josefine Knutsson,Orthodox,1996-01-16,http://ufcstats.com/fighter-details/971dba22c622af12,160.02,152.4,52.164
Seokhyeon Ko,Southpaw,1993-09-24,http://ufcstats.com/fighter-details/4a07b1988477502c,177.8,180.34,77.112
Isao Kobayashi,,1988-10-28,http://ufcstats.com/fighter-details/a02652d063ef5baa,172.72,,65.772
Kelly Kobold,Orthodox,1983-02-25,http://ufcstats.com/fighter-details/c398235fcaf8d71d,167.64000000000001,,61.236
Erik Koch,Southpaw,1988-10-04,http://ufcstats.com/fighter-details/99bd87a300079ed9,177.8,180.34,77.112
Sokun Koh,,,http://ufcstats.com/fighter-details/6d8ef8706781c49e,185.42000000000002,,92.988
Shingo Kohara,,,http://ufcstats.com/fighter-details/44c233770075cea1,167.64000000000001,,61.236
Brad Kohler,Orthodox,1964-05-26,http://ufcstats.com/fighter-details/13c4313ed0f744f3,175.26,,99.792
Charlie Kohler,Orthodox,1976-07-16,http://ufcstats.com/fighter-details/5717efc6f271cd52,175.26,,70.308
Tsuyoshi Kohsaka,Orthodox,1970-03-06,http://ufcstats.com/fighter-details/b76ed59283d3559c,180.34,,102.06
Kaloyan Kolev,Orthodox,1992-10-17,http://ufcstats.com/fighter-details/33de378ce1734638,187.96,185.42000000000002,92.988
John Kolosci,Orthodox,1974-11-26,http://ufcstats.com/fighter-details/5f6038bcdb95e3e4,180.34,,83.916
Yuki Kondo,Southpaw,1975-07-17,http://ufcstats.com/fighter-details/1fe7adb23b3eedfb,180.34,,83.0088
Syuri Kondo,Orthodox,1989-02-08,http://ufcstats.com/fighter-details/a851c35f58199231,162.56,167.64000000000001,52.164
Mantas Kondratavicius,Orthodox,1999-07-17,http://ufcstats.com/fighter-details/3cc506f115cbb9d5,187.96,190.5,83.916
Cheick Kongo,Orthodox,1975-05-17,http://ufcstats.com/fighter-details/1eacf73d6a0055dc,193.04,208.28,108.864
Andrei Kopylov,Orthodox,1965-07-16,http://ufcstats.com/fighter-details/dd39f1ca787a3d9d,187.96,,120.20400000000001
Roman Kopylov,Southpaw,1991-05-04,http://ufcstats.com/fighter-details/9d83f6da776ff7d6,182.88,190.5,83.916
Bruno Korea,,1991-06-28,http://ufcstats.com/fighter-details/6c011be66326ad97,167.64000000000001,165.1,61.236
Chungreng Koren,,1998-02-01,http://ufcstats.com/fighter-details/000774e57404d8c7,,,61.236
Andrey Koreshkov,,1990-08-23,http://ufcstats.com/fighter-details/aee885b8ca29ab4f,182.88,,77.112
Josh Koscheck,Orthodox,1977-11-30,http://ufcstats.com/fighter-details/dd37fd509af89f15,177.8,185.42000000000002,77.112
Steven Koslow,Switch,1997-01-22,http://ufcstats.com/fighter-details/84512339473dd300,170.18,175.26,56.7
Naoyuki Kotani,Southpaw,1981-12-08,http://ufcstats.com/fighter-details/bc8f6b42767e28df,172.72,167.64000000000001,70.308
Ilya Kotau,,,http://ufcstats.com/fighter-details/a68d57ae177a5815,,,77.112
Iouri Kotchkine,Orthodox,,http://ufcstats.com/fighter-details/c6becb722706c7d8,187.96,,106.596
Matt Kovacs,Orthodox,,http://ufcstats.com/fighter-details/8fbcd82bf7f352bf,182.88,,110.6784
Marcus Kowal,,,http://ufcstats.com/fighter-details/ad0e42800a0d8977,,,61.236
Karolina Kowalkiewicz,Orthodox,1985-10-15,http://ufcstats.com/fighter-details/d7c3816669784109,160.02,162.56,52.164
Steve Kozola,,,http://ufcstats.com/fighter-details/fc36e2352dccf2a4,,,70.308
Derrick Krantz,Orthodox,1988-01-13,http://ufcstats.com/fighter-details/714e1e0681ddb703,177.8,182.88,77.112
James Krause,Orthodox,1986-06-04,http://ufcstats.com/fighter-details/8f6a18831a120817,187.96,185.42000000000002,77.112
Pascal Krauss,Orthodox,1987-04-19,http://ufcstats.com/fighter-details/a01e84abefd85ec0,185.42000000000002,,77.112
Rene Kronvold,Orthodox,,http://ufcstats.com/fighter-details/db05271715bb4874,172.72,,77.112
Kaynan Kruschewsky,Orthodox,1991-04-04,http://ufcstats.com/fighter-details/ca36633b80be4a78,182.88,185.42000000000002,70.308
Jorgen Kruth,,1974-05-08,http://ufcstats.com/fighter-details/6071d786f6187810,187.96,,92.988
Nikita Krylov,Orthodox,1992-03-07,http://ufcstats.com/fighter-details/1091d4d957141094,190.5,195.58,92.988
Mariusz Ksiazkiewicz,Southpaw,1989-10-04,http://ufcstats.com/fighter-details/ab16537dd1e5e81d,190.5,190.5,83.916
Eliezer Kubanza,Orthodox,1997-12-23,http://ufcstats.com/fighter-details/66579081831db7b0,175.26,187.96,77.112
Junya Kudo,Orthodox,,http://ufcstats.com/fighter-details/487c170da059857d,,,61.236
John Kuhner,,1982-10-12,http://ufcstats.com/fighter-details/a272656ad662ac53,,,77.112
Michael Kuiper,Orthodox,1989-06-07,http://ufcstats.com/fighter-details/b7f38813485745da,182.88,185.42000000000002,83.916
Anton Kuivanen,Orthodox,1984-05-01,http://ufcstats.com/fighter-details/706f8e2b34e8e18b,172.72,182.88,70.308
Maiju Kujala,,,http://ufcstats.com/fighter-details/4e77d070239699e2,,,61.236
Sumit Kumar,Orthodox,2000-09-09,http://ufcstats.com/fighter-details/a0a625221e0dd339,165.1,167.64000000000001,56.7
Aleksei Kunchenko,Orthodox,1984-05-02,http://ufcstats.com/fighter-details/e2ccd9a9ace60de7,172.72,177.8,77.112
Rizvan Kuniev,Orthodox,1992-03-10,http://ufcstats.com/fighter-details/739fd4fbb5d862f4,193.04,193.04,108.864
Keigo Kunihara,Orthodox,,http://ufcstats.com/fighter-details/782a2a17d3e38fdf,182.88,,106.596
Kiichi Kunimoto,Orthodox,1981-05-01,http://ufcstats.com/fighter-details/71df36d6d8cf0d74,177.8,180.34,77.112
Jon Kunneman,,1999-07-14,http://ufcstats.com/fighter-details/2694c4997a51ed01,,,83.916
Leo Kuntz,Orthodox,1983-10-03,http://ufcstats.com/fighter-details/6905d45bd71b50a9,177.8,,70.308
Korey Kuppe,Switch,1989-01-23,http://ufcstats.com/fighter-details/780a2897055e3ee3,195.58,195.58,77.112
Ramazan Kuramagomedov,Orthodox,1996-08-23,http://ufcstats.com/fighter-details/b6a73e6f11a8835c,185.42000000000002,185.42000000000002,77.112
Tsuyoshi Kurihara,Orthodox,1973-07-13,http://ufcstats.com/fighter-details/032b65d5fff611b2,177.8,,83.916
Eldari Kurtanidze,Orthodox,1972-04-16,http://ufcstats.com/fighter-details/4c78fc005a53831d,167.64000000000001,,106.596
Kyle Kurtz,,,http://ufcstats.com/fighter-details/b490def93478ae29,,,77.112
Guram Kutateladze,Orthodox,1992-01-08,http://ufcstats.com/fighter-details/7772b283d288dbe2,180.34,182.88,70.308
Vadym Kutsyi,Orthodox,1991-07-18,http://ufcstats.com/fighter-details/aeb2bcd4371f40d5,182.88,180.34,77.112
Lina Kvokov,Orthodox,,http://ufcstats.com/fighter-details/843dd76c50cae0f6,175.26,,61.236
Kaleo Kwan,,1970-08-01,http://ufcstats.com/fighter-details/2545c7f47a65bca3,170.18,,70.308
Jarrod Kwitty,,,http://ufcstats.com/fighter-details/849d15ed7e3a0e97,172.72,,83.916
Mike Kyle,Orthodox,1980-03-31,http://ufcstats.com/fighter-details/56b8b24f65f9f057,193.04,195.58,92.988
Lisa Kyriacou,Orthodox,1993-11-17,http://ufcstats.com/fighter-details/edbc609a3b0d2aba,165.1,162.56,56.7
Achmed Labasanov,Orthodox,1978-04-24,http://ufcstats.com/fighter-details/b3fb8d2293e17a59,190.5,,97.524
Josh LaBerge,,,http://ufcstats.com/fighter-details/5108b169b5fe1f86,177.8,,65.772
Jeremiah Labiano,,,http://ufcstats.com/fighter-details/4fe1d105af549845,177.8,,61.236
Daniel Lacerda,Switch,1996-06-05,http://ufcstats.com/fighter-details/31bb0772f21cabd8,167.64000000000001,177.8,56.7
Luan Lacerda,Orthodox,1993-01-07,http://ufcstats.com/fighter-details/6fc506e1099afe20,170.18,180.34,61.236
Kemran Lachinov,,,http://ufcstats.com/fighter-details/eb84192d1a97f69e,,,77.112
Aspen Ladd,Orthodox,1995-03-01,http://ufcstats.com/fighter-details/d4691518d012b9e7,167.64000000000001,167.64000000000001,61.236
Ryan LaFlare,Southpaw,1983-10-01,http://ufcstats.com/fighter-details/4c7781da8c6cae93,185.42000000000002,187.96,77.112
Corinne Laframboise,Orthodox,1989-05-25,http://ufcstats.com/fighter-details/fbe9f4efc2153be2,162.56,165.1,56.7
Ben Lagman,,1986-09-04,http://ufcstats.com/fighter-details/b40e65d71a8d4ce5,187.96,,83.916
Noad Lahat,Orthodox,1984-06-08,http://ufcstats.com/fighter-details/9f755fb04cc21499,175.26,175.26,65.772
Tina Lahdemaki,Orthodox,1988-05-28,http://ufcstats.com/fighter-details/e5ca2bc2451a5956,157.48,,52.164
Yohan Lainesse,Orthodox,1992-08-14,http://ufcstats.com/fighter-details/f998f5c102250d6e,185.42000000000002,193.04,77.112
Tim Lajcik,Orthodox,1965-06-21,http://ufcstats.com/fighter-details/c7e9d15cfce52f1d,185.42000000000002,,102.06
Todd Lally,Orthodox,,http://ufcstats.com/fighter-details/7d06092326c52528,170.18,,65.772
Sean Lally,Orthodox,1990-11-04,http://ufcstats.com/fighter-details/e62ce041bb7aeb1f,182.88,,77.112
Ricardo Lamas,Orthodox,1982-05-21,http://ufcstats.com/fighter-details/3974fa35c917af1d,172.72,180.34,65.772
Jason Lambert,Orthodox,1975-06-03,http://ufcstats.com/fighter-details/5be86bb2f78fef2f,190.5,190.5,83.916
Jose Landi-Jons,Orthodox,1973-09-09,http://ufcstats.com/fighter-details/7e062824c175f975,180.34,,77.112
Nate Landwehr,Orthodox,1988-06-06,http://ufcstats.com/fighter-details/583ee11abddfc581,175.26,182.88,65.772
Austen Lane,Orthodox,1987-11-09,http://ufcstats.com/fighter-details/be9bdec19b7e9ffe,198.12,203.2,111.132
Aaron Lanfranco,,1986-08-26,http://ufcstats.com/fighter-details/d73e856f150744b2,,,70.308
Jeremy Lang,Southpaw,1975-05-11,http://ufcstats.com/fighter-details/09422812370fbdfe,180.34,,92.988
Lionel Lanham,,1980-08-31,http://ufcstats.com/fighter-details/b8980dd7e8fc5976,,,92.988
Lina Lansberg,Orthodox,1982-03-13,http://ufcstats.com/fighter-details/2eeaefbfc7f9fcff,170.18,165.1,61.236
Taylor Lapilus,Southpaw,1992-04-08,http://ufcstats.com/fighter-details/8b1ed83b02303075,167.64000000000001,185.42000000000002,61.236
Chad Laprise,Orthodox,1986-07-23,http://ufcstats.com/fighter-details/c03a5022f8439f2a,177.8,180.34,77.112
Anthony Lapsley,Southpaw,1980-02-13,http://ufcstats.com/fighter-details/f3a853544e4413c4,175.26,,77.112
TJ Laramie,Orthodox,1997-10-15,http://ufcstats.com/fighter-details/cd2e5a390821fb48,167.64000000000001,167.64000000000001,65.772
Icho Larenas,Orthodox,1980-03-12,http://ufcstats.com/fighter-details/49efbdc6c9f650c4,190.5,,106.596
Lorenz Larkin,Orthodox,1986-09-03,http://ufcstats.com/fighter-details/9450848a71d53776,180.34,182.88,77.112
Jeremy Larsen,Orthodox,1984-05-18,http://ufcstats.com/fighter-details/c3bd649a9194e50c,177.8,177.8,65.772
Brock Larson,Southpaw,1977-08-23,http://ufcstats.com/fighter-details/5eedbf1e9601be35,180.34,180.34,77.112
Ryan Larson,,1980-12-30,http://ufcstats.com/fighter-details/7107e53ebd7435fb,,,77.112
Bobby Lashley,Orthodox,1976-07-16,http://ufcstats.com/fighter-details/b0826525fa17231d,190.5,198.12,115.668
Ilir Latifi,Orthodox,1982-07-28,http://ufcstats.com/fighter-details/e9a3aeb207578eea,177.8,185.42000000000002,104.328
Sione Latu,,,http://ufcstats.com/fighter-details/5898357a45a73674,182.88,,97.524
Phillip Latu,Orthodox,1991-02-17,http://ufcstats.com/fighter-details/09224b76d27007ee,190.5,193.04,92.988
Jenel Lausa,Orthodox,1988-08-01,http://ufcstats.com/fighter-details/ec664422b22d9787,165.1,172.72,56.7
Joe Lauzon,Orthodox,1984-05-22,http://ufcstats.com/fighter-details/3bad7ef643840f67,177.8,180.34,70.308
Dan Lauzon,Orthodox,1988-03-30,http://ufcstats.com/fighter-details/4c8d6fde2dde07c4,177.8,,70.308
Sandra Lavado,Orthodox,1994-05-03,http://ufcstats.com/fighter-details/aa6da8cb3a26da04,170.18,167.64000000000001,52.164
Chatt Lavender,,1976-05-24,http://ufcstats.com/fighter-details/5449dcccd972ff83,172.72,,77.112
Cody Law,,1995-03-24,http://ufcstats.com/fighter-details/e3162dbdbfd78287,,,65.772
Muhammed Lawal,Southpaw,1981-01-11,http://ufcstats.com/fighter-details/a571770c4016736f,182.88,198.12,92.988
Robbie Lawler,Southpaw,1982-03-20,http://ufcstats.com/fighter-details/f2925e6db404bf1d,180.34,187.96,77.112
Tom Lawlor,Southpaw,1983-05-15,http://ufcstats.com/fighter-details/4d44f37107f01b9b,182.88,187.96,92.988
Justin Lawrence,Orthodox,1990-05-15,http://ufcstats.com/fighter-details/879f6cae48d25baa,172.72,170.18,65.772
Lance Lawrence,Orthodox,1993-06-26,http://ufcstats.com/fighter-details/ce039df1994b18f0,185.42000000000002,187.96,65.772
Ronnie Lawrence,Switch,1992-06-13,http://ufcstats.com/fighter-details/e7e01e266a9d4342,172.72,172.72,61.236
Eric Lawson,Orthodox,,http://ufcstats.com/fighter-details/38e5d9dcb0fddc42,182.88,,83.916
Jimmy Lawson,Orthodox,1991-11-13,http://ufcstats.com/fighter-details/e43eefb10d440cb0,182.88,195.58,120.20400000000001
Valmir Lazaro,Orthodox,1985-08-15,http://ufcstats.com/fighter-details/777dea713da2441d,182.88,185.42000000000002,70.308
Zviad Lazishvili,Orthodox,1991-10-25,http://ufcstats.com/fighter-details/41498c2d1a87b154,167.64000000000001,175.26,61.236
Mounir Lazzez,Orthodox,1987-11-16,http://ufcstats.com/fighter-details/49ee5024966efc0d,185.42000000000002,193.04,77.112
Cung Le,Southpaw,1972-05-25,http://ufcstats.com/fighter-details/d4f364dd076bb0e2,175.26,177.8,83.916
Thanh Le,Orthodox,1985-08-28,http://ufcstats.com/fighter-details/882b3f5a0774d575,175.26,187.96,65.772
Quang Le,Orthodox,1991-10-18,http://ufcstats.com/fighter-details/32feae6d9a1e5047,170.18,177.8,61.236
Carlos Leal,Orthodox,1994-05-04,http://ufcstats.com/fighter-details/28d421729451c8ca,180.34,187.96,77.112
Jordan Leavitt,Southpaw,1995-06-02,http://ufcstats.com/fighter-details/ac026518a9b4dc0f,175.26,180.34,70.308
Jerome LeBanner,Southpaw,1972-12-26,http://ufcstats.com/fighter-details/2d0b10789feafddb,190.5,,120.20400000000001
Chris Leben,Southpaw,1980-07-21,http://ufcstats.com/fighter-details/d43a048a880efdff,180.34,185.42000000000002,83.916
Jean-Paul Lebosnoyani,Switch,1999-01-27,http://ufcstats.com/fighter-details/a3dda21be645be93,180.34,182.88,77.112
Mickael Lebout,Orthodox,1987-08-16,http://ufcstats.com/fighter-details/c575ab451e3c5b1d,180.34,185.42000000000002,70.308
Stephen Ledbetter,Orthodox,1982-06-30,http://ufcstats.com/fighter-details/56ec58954158966a,175.26,,65.772
Justin Ledet,Orthodox,1988-09-28,http://ufcstats.com/fighter-details/ba1e6cb3d43f7430,193.04,203.2,92.988
James Lee,Southpaw,1973-09-22,http://ufcstats.com/fighter-details/863d06a7ef8bc98c,180.34,,92.988
David Lee,Orthodox,,http://ufcstats.com/fighter-details/8caca5857ce0e30b,177.8,,70.308
Jackie Lee,,,http://ufcstats.com/fighter-details/4985113c0928aa62,,,
Eun Soo Lee,Orthodox,1982-03-07,http://ufcstats.com/fighter-details/39c568f8c579913e,185.42000000000002,,97.524
Tae Hyun Lee,Orthodox,1975-01-17,http://ufcstats.com/fighter-details/de99da2c0d18d34a,198.12,,133.812
Tommy Lee,Orthodox,1977-01-20,http://ufcstats.com/fighter-details/806975e1b4f47b27,170.18,,65.772
Matt Lee,Orthodox,,http://ufcstats.com/fighter-details/d9e3743bae8d703d,180.34,,70.308
Imani Lee,Orthodox,,http://ufcstats.com/fighter-details/0802be3516ef8f66,,,
Vaughan Lee,Orthodox,1982-10-15,http://ufcstats.com/fighter-details/8bb6f4479685bbcc,167.64000000000001,167.64000000000001,56.7
Kevin Lee,Orthodox,1992-09-04,http://ufcstats.com/fighter-details/ee9ebceabfd16fa7,175.26,195.58,77.112
Rocky Lee,Orthodox,1987-04-08,http://ufcstats.com/fighter-details/0d1c163b206e8c5f,175.26,,65.772
Andrea Lee,Orthodox,1989-02-11,http://ufcstats.com/fighter-details/05fa626cb33d15b8,167.64000000000001,175.26,56.7
JeongYeong Lee,Orthodox,1995-11-13,http://ufcstats.com/fighter-details/d008d785f6347dc2,177.8,185.42000000000002,65.772
JungHyun Lee,Orthodox,2002-09-10,http://ufcstats.com/fighter-details/b6033505c245e28b,165.1,165.1,56.7
ChangHo Lee,Orthodox,1994-05-09,http://ufcstats.com/fighter-details/117a06469813e4ef,172.72,175.26,61.236
Macksom Lee,Orthodox,1999-01-06,http://ufcstats.com/fighter-details/9fd299c8356cbf0f,185.42000000000002,190.5,61.236
Ricky Legere Jr.,,,http://ufcstats.com/fighter-details/5817df778cc27274,172.72,,77.112
Sherron Leggett,Southpaw,1978-10-27,http://ufcstats.com/fighter-details/4f670b7972fa0a2e,172.72,,70.308
Cheyden Leialoha,Orthodox,1994-03-15,http://ufcstats.com/fighter-details/98cbbc06074c68a4,172.72,185.42000000000002,61.236
Claudia Leite,Orthodox,1996-11-04,http://ufcstats.com/fighter-details/90550a08f0b02b6f,160.02,162.56,61.236
Thales Leites,Orthodox,1981-09-06,http://ufcstats.com/fighter-details/cfb65863d5099327,185.42000000000002,198.12,83.916
Jovan Leka,,2002-03-15,http://ufcstats.com/fighter-details/182a73d5b4e57871,,,120.20400000000001
Stefan Leko,Orthodox,1974-06-03,http://ufcstats.com/fighter-details/d56bb6dff2ae77eb,187.96,,97.524
Gabe Lemley,Orthodox,,http://ufcstats.com/fighter-details/fd4578cac86d75ca,172.72,,70.308
Amanda Lemos,Southpaw,1987-05-22,http://ufcstats.com/fighter-details/3df5493bb279226f,162.56,165.1,52.164
Giacomo Lemos,Orthodox,1989-06-23,http://ufcstats.com/fighter-details/f37822d5b3e47517,190.5,190.5,112.0392
Christophe Leninger,Southpaw,,http://ufcstats.com/fighter-details/7269329bd87eb479,182.88,,90.72
Jesse Lennox,Orthodox,1982-03-10,http://ufcstats.com/fighter-details/3ae10ac4df3df05c,175.26,182.88,77.112
Jean Francois Lenogue,Orthodox,1972-11-29,http://ufcstats.com/fighter-details/e60201cfab7d656d,182.88,,83.916
Nik Lentz,Orthodox,1984-08-13,http://ufcstats.com/fighter-details/6fb1ba67bef41b37,172.72,172.72,65.772
Alberta Cerra Leon,,,http://ufcstats.com/fighter-details/6e02c318762f52f1,172.72,,107.9568
Victoria Leonardo,Orthodox,1990-02-16,http://ufcstats.com/fighter-details/9dedfdd91070ddd8,165.1,162.56,56.7
Anthony Leone,Orthodox,1987-05-27,http://ufcstats.com/fighter-details/86b9b51a81e9c339,167.64000000000001,,61.236
Chad Leonhardt,,1980-02-19,http://ufcstats.com/fighter-details/657d0ed181f04215,182.88,,77.112
Kimo Leopoldo,Orthodox,1968-01-05,http://ufcstats.com/fighter-details/08ae5cd9aef7ddd3,190.5,,106.596
Michael Lerma,,,http://ufcstats.com/fighter-details/f1fd8ec1023c89b3,,,
Lukasz Les,,1981-11-05,http://ufcstats.com/fighter-details/5a8e30ed38a5bc6f,,,77.112
Brock Lesnar,Orthodox,1977-07-12,http://ufcstats.com/fighter-details/513c6f1715e547a8,190.5,205.74,120.20400000000001
Frank Lester,Orthodox,1984-06-10,http://ufcstats.com/fighter-details/edd8d5d8089a35f8,180.34,,77.112
Valerie Letourneau,Orthodox,1983-04-29,http://ufcstats.com/fighter-details/46a2f24feb258ae0,170.18,172.72,52.164
Leah Letson,Southpaw,1992-08-21,http://ufcstats.com/fighter-details/8cb78f3a6c2a08f7,170.18,180.34,65.772
Justin Levens,Orthodox,1980-04-18,http://ufcstats.com/fighter-details/8c3f3c43c8ceb778,180.34,,83.916
Marcus LeVesseur,Southpaw,1982-07-17,http://ufcstats.com/fighter-details/182f2b78582de3d8,175.26,177.8,70.308
David Levicki,,,http://ufcstats.com/fighter-details/49590e0508b2c19f,195.58,,124.74
Kyle Levinton,,,http://ufcstats.com/fighter-details/81ddc98fceb30086,,,
Natan Levy,Southpaw,1991-09-30,http://ufcstats.com/fighter-details/a29db9cd4f9ccea5,175.26,180.34,70.308
John Lewis,Southpaw,,http://ufcstats.com/fighter-details/4a01dc8376736ef5,182.88,,70.308
Derrick Lewis,Orthodox,1985-02-07,http://ufcstats.com/fighter-details/d3df1add9d9a7efb,190.5,200.66,117.936
Bevon Lewis,Orthodox,1991-05-05,http://ufcstats.com/fighter-details/899923ff6ab13917,190.5,200.66,83.916
Brandon Lewis,Orthodox,1997-08-02,http://ufcstats.com/fighter-details/6623cb1c27025634,162.56,177.8,61.236
Malik Lewis,Orthodox,1996-03-04,http://ufcstats.com/fighter-details/f60dbe6e05489c4f,182.88,190.5,70.308
Chi Lewis-Parry,,1983-08-10,http://ufcstats.com/fighter-details/a307a10414d0ad00,205.74,,110.2248
Li Jingliang,Orthodox,1988-03-20,http://ufcstats.com/fighter-details/e64b96c07d7ce999,182.88,180.34,77.112
Li Yunfeng,Orthodox,1999-03-08,http://ufcstats.com/fighter-details/4c7afd56ef1947ac,172.72,172.72,61.236
Liang Na,Orthodox,1996-07-27,http://ufcstats.com/fighter-details/ec0dcceace7d25a3,165.1,170.18,56.7
Jess Liaudin,Orthodox,,http://ufcstats.com/fighter-details/a8aba6fd8a463043,175.26,182.88,77.112
Chuck Liddell,Orthodox,1969-12-17,http://ufcstats.com/fighter-details/a390eb8a9b2df298,187.96,193.04,92.988
Rodrigo Lidio,Orthodox,1989-07-07,http://ufcstats.com/fighter-details/11b5a809c3120e27,180.34,185.42000000000002,70.308
Sam Liera,,,http://ufcstats.com/fighter-details/421ccfc6ddb17958,,,
Zach Light,Orthodox,1974-02-06,http://ufcstats.com/fighter-details/5d7c18191b8aa432,172.72,,77.112
Scott Lighty,,1978-10-15,http://ufcstats.com/fighter-details/998c8890a8dde1eb,187.96,,92.988
Chris Liguori,Orthodox,,http://ufcstats.com/fighter-details/0e31bfd26cc8c503,175.26,,83.916
Donnie Liles,Orthodox,,http://ufcstats.com/fighter-details/a1bf037613180253,175.26,,77.112
Jae Suk Lim,Orthodox,1979-11-09,http://ufcstats.com/fighter-details/bbb15f301e4a490a,175.26,,77.112
Hyun Gyu Lim,Orthodox,1985-01-16,http://ufcstats.com/fighter-details/203c957eac95dd87,190.5,195.58,77.112
Juliana Lima,Orthodox,1982-03-15,http://ufcstats.com/fighter-details/75a6a390fd5dca46,165.1,165.1,52.164
Dhiego Lima,Orthodox,1989-01-31,http://ufcstats.com/fighter-details/e9213f53ddeca978,187.96,190.5,77.112
Douglas Lima,,1988-01-05,http://ufcstats.com/fighter-details/264111bf62662fbf,185.42000000000002,,77.112
Mabelly Lima,Orthodox,1994-01-25,http://ufcstats.com/fighter-details/6135fd9665fbb74e,157.48,,61.236
Andre Lima,Orthodox,1999-02-04,http://ufcstats.com/fighter-details/b1f21ce050035d58,170.18,170.18,56.7
Felipe Lima,Orthodox,1998-05-07,http://ufcstats.com/fighter-details/9256f591b30c073e,167.64000000000001,172.72,61.236
Miguel Linares,,,http://ufcstats.com/fighter-details/18c49685296c60e6,,,
Emiliano Linares,Orthodox,1997-04-21,http://ufcstats.com/fighter-details/a4ef92274a45143d,172.72,182.88,65.772
Matt Lindland,Southpaw,1970-05-17,http://ufcstats.com/fighter-details/0e041d43a47d2e4b,182.88,187.96,83.916
Jake Lindsey,Switch,1986-06-21,http://ufcstats.com/fighter-details/33e00249ef08d3a4,180.34,,70.308
John Lineker,Orthodox,1990-06-12,http://ufcstats.com/fighter-details/c268b2cfebccf652,160.02,170.18,61.236
Austin Lingo,Orthodox,1994-07-10,http://ufcstats.com/fighter-details/305d73ede05e31ad,177.8,177.8,65.772
Lucio Linhares,Orthodox,1973-12-08,http://ufcstats.com/fighter-details/a780d16cf7eed44d,187.96,,83.916
Philipe Lins,Orthodox,1985-08-17,http://ufcstats.com/fighter-details/53c943c873cffe90,187.96,198.12,92.988
Tainara Lisboa,Orthodox,1991-03-02,http://ufcstats.com/fighter-details/2c5f5749569eef66,170.18,170.18,61.236
Dean Lister,Orthodox,1976-02-13,http://ufcstats.com/fighter-details/68c6cd5287b473a7,185.42000000000002,190.5,83.916
Wesley Little,,,http://ufcstats.com/fighter-details/008c6e1a25751575,193.04,,92.988
Adam Livingston,Orthodox,2001-08-15,http://ufcstats.com/fighter-details/515890922fe9ce96,187.96,180.34,70.308
James Llontop,Orthodox,1999-08-02,http://ufcstats.com/fighter-details/93b2b7caa457cbea,182.88,185.42000000000002,70.308
Abner Lloveras,,1982-09-04,http://ufcstats.com/fighter-details/6448e57a9533b7e4,180.34,,70.308
Brian Lo-A-Njoe,Orthodox,,http://ufcstats.com/fighter-details/7abce81b72fbbd9b,170.18,,70.308
John Lober,Orthodox,1968-02-26,http://ufcstats.com/fighter-details/31652c9267606d54,180.34,,90.2664
Artem Lobov,Southpaw,1986-08-11,http://ufcstats.com/fighter-details/02f2a9702ba3d167,175.26,165.1,65.772
Dylan Lockard,Orthodox,1992-05-19,http://ufcstats.com/fighter-details/9caa254991a5a698,175.26,182.88,65.772
Ryan Loder,Southpaw,1991-06-05,http://ufcstats.com/fighter-details/d5bab53a1a603aac,187.96,193.04,83.916
Sean Loeffler,Orthodox,1982-05-23,http://ufcstats.com/fighter-details/d3d1ff3f3dfa0931,190.5,,83.916
Christian Lohsen,Southpaw,1995-01-24,http://ufcstats.com/fighter-details/4ab36d70d1b28b58,187.96,195.58,70.308
David Loiseau,Orthodox,1979-12-17,http://ufcstats.com/fighter-details/22e47b53e4ceb27c,182.88,193.04,83.916
Hector Lombard,Southpaw,1978-02-02,http://ufcstats.com/fighter-details/db1f2ed63b54b9a7,175.26,180.34,83.916
Michael Lombardo,Orthodox,1990-04-03,http://ufcstats.com/fighter-details/6d6b9a6cb063b60d,182.88,182.88,77.112
Rocky Long,,1978-02-18,http://ufcstats.com/fighter-details/10e04e5e81f391a0,,,65.772
Thomas Longacre,Orthodox,,http://ufcstats.com/fighter-details/989be26791d0aad4,175.26,,65.772
Loma Lookboonmee,Orthodox,1996-01-18,http://ufcstats.com/fighter-details/4e30e4250cb08b61,154.94,154.94,52.164
Ange Loosa,Orthodox,1993-03-18,http://ufcstats.com/fighter-details/1497e735d9f2560a,177.8,187.96,77.112
Lucas Lopes,,1979-10-05,http://ufcstats.com/fighter-details/1f70dd67ad507990,187.96,,83.916
Dileno Lopes,,1984-09-26,http://ufcstats.com/fighter-details/8270c00fae24c922,165.1,,61.236
Diego Lopes,Orthodox,1994-12-30,http://ufcstats.com/fighter-details/f166e93d04a8c274,180.34,182.88,65.772
Bruno Lopes,Orthodox,1993-04-24,http://ufcstats.com/fighter-details/0abcf6bc47191219,187.96,187.96,92.988
Arthur Lopes,Southpaw,1993-02-17,http://ufcstats.com/fighter-details/2aa481e98185e261,187.96,195.58,106.1424
Ivan Lopez,Southpaw,,http://ufcstats.com/fighter-details/0db9d2486d564a3c,167.64000000000001,,61.236
Steve Lopez,Orthodox,1984-07-30,http://ufcstats.com/fighter-details/6085ceb59087514b,180.34,,70.308
Federico Lopez,Orthodox,,http://ufcstats.com/fighter-details/9681e0ce67dc978b,162.56,,63.0504
Jorge Lopez,Orthodox,1988-11-21,http://ufcstats.com/fighter-details/ee624ee2a18f2a43,177.8,,77.112
Christopher Lopez,,1986-01-30,http://ufcstats.com/fighter-details/5148a665aa527865,177.8,,77.112
Matthew Lopez,Southpaw,1987-01-21,http://ufcstats.com/fighter-details/2fc7e9701642ca38,170.18,175.26,61.236
Benito Lopez,Switch,1994-04-06,http://ufcstats.com/fighter-details/773f7feacf96153e,177.8,185.42000000000002,61.236
Gustavo Lopez,Orthodox,1989-06-27,http://ufcstats.com/fighter-details/93b62c5f2ba18e51,165.1,170.18,61.236
Alik Lorenz,Orthodox,1997-01-25,http://ufcstats.com/fighter-details/92b5f4ee9ff40321,187.96,195.58,92.988
Brendan Loughnane,Switch,1989-12-05,http://ufcstats.com/fighter-details/b788862dd1c11eac,177.8,177.8,65.772
Nate Loughran,Orthodox,1980-07-28,http://ufcstats.com/fighter-details/cbf94e4c4af4ff6d,187.96,,83.916
Caolan Loughran,Orthodox,1996-05-18,http://ufcstats.com/fighter-details/42ac4020cba261ad,167.64000000000001,172.72,61.236
Rashard Lovelace,,,http://ufcstats.com/fighter-details/e601d71cf8e5be22,,,70.308
Ian Loveland,Orthodox,1983-09-07,http://ufcstats.com/fighter-details/eea0274e153256a0,172.72,,65.772
Jakob Lovstad,Orthodox,,http://ufcstats.com/fighter-details/ad044be25c94dcfd,190.5,,92.988
Waylon Lowe,Southpaw,1980-10-31,http://ufcstats.com/fighter-details/28f62d866c59c709,170.18,,65.772
Brandon Lowe,,,http://ufcstats.com/fighter-details/78ac94d54aa7f378,,,70.308
Joe Lowry,Orthodox,1989-12-12,http://ufcstats.com/fighter-details/86248c84834238e7,180.34,185.42000000000002,70.308
Lu Kai,Orthodox,1994-03-01,http://ufcstats.com/fighter-details/a2d23e684b3db732,175.26,175.26,65.772
Lu Zhengyong,,,http://ufcstats.com/fighter-details/dc1bfd47c3b21ad3,,,56.7
Robert Lucarelli,,,http://ufcstats.com/fighter-details/96087e90d900f0ef,187.96,,111.132
Matt Lucas,,,http://ufcstats.com/fighter-details/668222c99c5c311d,185.42000000000002,,92.988
Cleber Luciano,,,http://ufcstats.com/fighter-details/9bdebbf2735d14c2,167.64000000000001,,70.308
Stephanie Luciano,Orthodox,1999-12-16,http://ufcstats.com/fighter-details/1b35af4d1529adf6,167.64000000000001,165.1,52.164
Iasmin Lucindo,Orthodox,2002-01-08,http://ufcstats.com/fighter-details/abcf2cc6efc42031,160.02,167.64000000000001,52.164
Duane Ludwig,Orthodox,1978-08-04,http://ufcstats.com/fighter-details/84ac950d4c1722dd,177.8,177.8,77.112
Lawrence Lui,Orthodox,1996-08-04,http://ufcstats.com/fighter-details/a1ad35b98a9136e5,170.18,182.88,61.236
Mike Lullo,Orthodox,1979-07-24,http://ufcstats.com/fighter-details/e26882820f9e8df5,172.72,,65.772
Juan Andres Luna,Orthodox,1995-08-20,http://ufcstats.com/fighter-details/1fd9f744105024a8,170.18,182.88,56.7
Paula Luna,Orthodox,1999-07-05,http://ufcstats.com/fighter-details/5b1effb0db45273a,157.48,157.48,56.7
Juan Adrian Luna,,1995-08-20,http://ufcstats.com/fighter-details/e3b30b573e7f0d19,,,61.236
Santiago Luna,Orthodox,2004-08-06,http://ufcstats.com/fighter-details/faf317c665546a36,175.26,187.96,61.236
Dalcha Lungiambula,Orthodox,1987-07-31,http://ufcstats.com/fighter-details/ce632027bf2a871b,172.72,193.04,83.916
Alexandru Lungu,Orthodox,1974-09-03,http://ufcstats.com/fighter-details/4887e5bc4dbb73ff,182.88,,174.636
Vicente Luque,Orthodox,1991-11-27,http://ufcstats.com/fighter-details/6d4b63c767106d3a,180.34,190.5,77.112
Thaddeus Luster,,,http://ufcstats.com/fighter-details/505934897b8b4824,190.5,,95.256
Travis Lutter,Orthodox,1973-05-12,http://ufcstats.com/fighter-details/622f015c81a9b13a,180.34,190.5,83.916
Joilton Lutterbach,Orthodox,1992-11-05,http://ufcstats.com/fighter-details/12630a4aa0894da8,185.42000000000002,190.5,83.916
Tucker Lutz,Orthodox,1994-07-12,http://ufcstats.com/fighter-details/7832f2f62f04178f,172.72,182.88,65.772
Lv Zhenhong,Switch,1993-06-25,http://ufcstats.com/fighter-details/5a4913108a3b9190,172.72,170.18,65.772
Stevie Lynch,Orthodox,,http://ufcstats.com/fighter-details/710d93f1508f7104,177.8,,77.112
Adam Lynn,Orthodox,,http://ufcstats.com/fighter-details/edfe95e3c33a4bf8,177.8,,70.308
Chris Lytle,Orthodox,1974-08-18,http://ufcstats.com/fighter-details/91acd6910b802a9e,180.34,172.72,77.112
Dong Hyun Ma,Orthodox,1988-09-09,http://ufcstats.com/fighter-details/98a6b2361045898f,180.34,177.8,70.308
Pawan Maan,Orthodox,1986-04-06,http://ufcstats.com/fighter-details/450bacdacd706bcd,170.18,177.8,70.308
William Macario,Orthodox,1991-07-01,http://ufcstats.com/fighter-details/ed74afc8b5b47a61,180.34,190.5,77.112
Jason MacDonald,Orthodox,1975-06-03,http://ufcstats.com/fighter-details/2be6596a9db33bf5,190.5,203.2,83.916
Rob MacDonald,Orthodox,1978-09-05,http://ufcstats.com/fighter-details/f3388d2cf7ab3f64,190.5,198.12,92.988
Rory MacDonald,Orthodox,1989-07-22,http://ufcstats.com/fighter-details/cbd5d3cdd862e90e,182.88,193.04,77.112
Ryan MacDonald,Switch,1993-03-18,http://ufcstats.com/fighter-details/35e1f9984ed64206,180.34,180.34,61.236
Clayton MacFarlane,,,http://ufcstats.com/fighter-details/39831e62d12e7ad1,,,77.112
Ilima Macfarlane,,,http://ufcstats.com/fighter-details/8cf90e41646491fd,162.56,,56.7
Valesca Machado,Orthodox,1996-05-06,http://ufcstats.com/fighter-details/a1a91dbf41a029c4,162.56,160.02,52.164
Caio Machado,Southpaw,1994-07-20,http://ufcstats.com/fighter-details/89839250eb25c9c1,193.04,198.12,113.4
Ian Machado Garry,Orthodox,1997-11-17,http://ufcstats.com/fighter-details/442c9011034ae1fd,190.5,187.96,77.112
Lyoto Machida,Southpaw,1978-05-30,http://ufcstats.com/fighter-details/f7a7f7118d4b01b6,185.42000000000002,187.96,83.916
War Machine,Orthodox,1981-11-30,http://ufcstats.com/fighter-details/cd7bafbeee1f29a0,180.34,,77.112
Anthony Macias,Switch,,http://ufcstats.com/fighter-details/dedc3bb440d09554,175.26,,83.916
Pauline Macias,Southpaw,1988-06-27,http://ufcstats.com/fighter-details/e88b83dea18f5d31,162.56,162.56,52.164
Reza Madadi,Orthodox,1978-06-20,http://ufcstats.com/fighter-details/e25bcbcdaf6537a1,180.34,185.42000000000002,70.308
Don Madge,Southpaw,1990-11-12,http://ufcstats.com/fighter-details/68c7ad953455c73f,182.88,182.88,70.308
Ryan Madigan,Orthodox,,http://ufcstats.com/fighter-details/a8d521d913df4e31,182.88,,77.112
Victor Madrigal,Orthodox,1990-08-16,http://ufcstats.com/fighter-details/cc63a5f0089d8ba9,170.18,180.34,61.236
Jon Madsen,Orthodox,1980-02-12,http://ufcstats.com/fighter-details/7691a80e6ca3e55b,182.88,182.88,108.864
Mark Madsen,Orthodox,1984-09-23,http://ufcstats.com/fighter-details/da0995f19b749cfa,172.72,182.88,70.308
Yoshiro Maeda,Southpaw,1981-10-31,http://ufcstats.com/fighter-details/a4bf17bd3ba3423b,170.18,172.72,63.0504
Leonardo Mafra,Orthodox,1989-04-25,http://ufcstats.com/fighter-details/8bbc0cfc01bc1ba1,177.8,177.8,70.308
Vinny Magalhaes,Orthodox,1984-07-02,http://ufcstats.com/fighter-details/88a9bc81271ccd89,190.5,190.5,92.988
Vinicius Magalhaes,,1971-07-30,http://ufcstats.com/fighter-details/1b583c64c23f0c7f,,,65.772
Caio Magalhaes,Orthodox,1987-12-14,http://ufcstats.com/fighter-details/0c5c66ddd1886b83,185.42000000000002,185.42000000000002,83.916
Bernardo Magalhaes,Orthodox,1981-04-08,http://ufcstats.com/fighter-details/7a613f78dd7ee8f8,175.26,,70.308
Eric Magana,,,http://ufcstats.com/fighter-details/8db1b36dde268ef6,,,
Brandon Magana,Orthodox,,http://ufcstats.com/fighter-details/2015c944226ad2df,,,77.112
Angela Magana,Orthodox,1983-08-02,http://ufcstats.com/fighter-details/bd878a638e0e3be3,154.94,165.1,52.164
Neil Magny,Orthodox,1987-08-03,http://ufcstats.com/fighter-details/84b3e7d38f2d2ec5,190.5,203.2,77.112
Raimond Magomedaliev,Orthodox,1990-06-10,http://ufcstats.com/fighter-details/d16373b3568678d4,185.42000000000002,190.5,77.112
Ibragim Magomedov,Orthodox,,http://ufcstats.com/fighter-details/e7e970d508529bf3,182.88,,113.4
Rashid Magomedov,Orthodox,1984-11-29,http://ufcstats.com/fighter-details/7ea1f74cef32f906,175.26,177.8,70.308
Ruslan Magomedov,Orthodox,1986-11-26,http://ufcstats.com/fighter-details/369e1ce458ef50a6,190.5,198.12,109.77120000000001
Abus Magomedov,Orthodox,1990-09-02,http://ufcstats.com/fighter-details/36b8f265bcd1b7a4,187.96,198.12,83.916
Shara Magomedov,Orthodox,1994-05-16,http://ufcstats.com/fighter-details/06734ca9d88dec3a,187.96,185.42000000000002,83.916
Murtazali Magomedov,Orthodox,1999-08-26,http://ufcstats.com/fighter-details/d436f5d55156a521,175.26,177.8,65.772
Zabit Magomedsharipov,Orthodox,1991-03-01,http://ufcstats.com/fighter-details/87aa9fb63d6b51a1,185.42000000000002,185.42000000000002,65.772
John Maguire,Southpaw,1983-05-19,http://ufcstats.com/fighter-details/1a7745388839e52b,175.26,175.26,70.308
Lolohea Mahe,,,http://ufcstats.com/fighter-details/fb0b6593cec84356,,,
Michelle Maher,,,http://ufcstats.com/fighter-details/118463dd8db16e7f,,,65.772
Maheshate,Orthodox,1999-12-01,http://ufcstats.com/fighter-details/8c1ca54b5089d199,182.88,180.34,70.308
Bill Mahood,Orthodox,1967-02-01,http://ufcstats.com/fighter-details/ae58685caf8e4a0d,190.5,,90.72
Klayton Mai,,1986-11-30,http://ufcstats.com/fighter-details/7a9c1bb08a743d7f,175.26,,56.7
Demian Maia,Southpaw,1977-11-06,http://ufcstats.com/fighter-details/427b5953ac8e3a27,185.42000000000002,182.88,77.112
Jennifer Maia,Orthodox,1988-10-06,http://ufcstats.com/fighter-details/8e1f36476ef02a6a,162.56,162.56,56.7
Nayara Maia,Orthodox,1990-07-25,http://ufcstats.com/fighter-details/03b1b79b34eaf217,165.1,167.64000000000001,56.7
Roshan Mainam,,,http://ufcstats.com/fighter-details/b301292b1bc92bdb,,,61.236
Levan Makashvili,Orthodox,1989-01-07,http://ufcstats.com/fighter-details/938ad489fb7a1f31,172.72,172.72,65.772
John Makdessi,Orthodox,1985-05-03,http://ufcstats.com/fighter-details/c21a036b4e012f1c,172.72,172.72,70.308
Islam Makhachev,Southpaw,1991-10-27,http://ufcstats.com/fighter-details/275aca31f61ba28c,177.8,177.8,77.112
Aliev Makhmud,Southpaw,1970-02-13,http://ufcstats.com/fighter-details/3d481aa374c954a1,167.64000000000001,,88.452
Zach Makovsky,Southpaw,1983-04-19,http://ufcstats.com/fighter-details/57ab4d7c0bc09a30,162.56,162.56,56.7
Azat Maksum,Southpaw,1995-02-02,http://ufcstats.com/fighter-details/7f1bf0c255ec8756,170.18,177.8,56.7
Jeremy Malaterre,,,http://ufcstats.com/fighter-details/110404b505fb562c,180.34,,70.308
Fabio Maldonado,Orthodox,1980-03-17,http://ufcstats.com/fighter-details/1fb80f46d3c105d9,185.42000000000002,190.5,92.988
Marvin Maldonado,,,http://ufcstats.com/fighter-details/e5ce754b01f922be,167.64000000000001,,61.236
Bea Malecki,Orthodox,1991-08-23,http://ufcstats.com/fighter-details/b60c980f79b87ce8,175.26,187.96,61.236
Nazareno Malegarie,,1986-05-16,http://ufcstats.com/fighter-details/d38e8c6ae2dfc051,172.72,,70.308
Carl Malenko,Orthodox,,http://ufcstats.com/fighter-details/a314687f372b2cec,180.34,,90.72
Jacob Malkoun,Orthodox,1995-08-26,http://ufcstats.com/fighter-details/d4270315cbcf2569,175.26,185.42000000000002,83.916
Mike Malott,Orthodox,1991-11-07,http://ufcstats.com/fighter-details/dd6103dd7127db1d,185.42000000000002,185.42000000000002,77.112
Regina Malpica Rivera,,2004-10-19,http://ufcstats.com/fighter-details/9f5609dba6584ab2,,,61.236
Dan Manasoiu,,,http://ufcstats.com/fighter-details/eefc73b53d4a05d7,,,
Troy Mandaloniz,Orthodox,1980-02-01,http://ufcstats.com/fighter-details/725a834930c2b5bf,175.26,,77.112
Nate Maness,Orthodox,1991-06-27,http://ufcstats.com/fighter-details/6e9f40c706f91f32,177.8,182.88,56.7
Michael Mangan,,,http://ufcstats.com/fighter-details/9297ce6eee046f7a,,,70.308
Gary Mangat,,,http://ufcstats.com/fighter-details/1c0ffc63d8ec8f45,170.18,,61.236
George Mangos,Switch,2003-08-19,http://ufcstats.com/fighter-details/122ae3b34275fbb2,177.8,177.8,65.772
Melvin Manhoef,Orthodox,1976-05-11,http://ufcstats.com/fighter-details/e5767ed355a937c2,175.26,,83.916
Melchor Manibusan,Southpaw,1976-12-27,http://ufcstats.com/fighter-details/b6c6d1731ff00eeb,165.1,,69.8544
Jon Manley,Orthodox,1986-07-07,http://ufcstats.com/fighter-details/a0602dd050bebefc,185.42000000000002,,77.112
Steve Mann,,,http://ufcstats.com/fighter-details/0eef1bf99afd4ff2,185.42000000000002,,77.112
Marnic Mann,Southpaw,1993-03-05,http://ufcstats.com/fighter-details/b6203e0492a9336c,152.4,162.56,52.164
Dylan Mantello,Orthodox,1992-11-19,http://ufcstats.com/fighter-details/e192ebb85b68fa9e,185.42000000000002,185.42000000000002,70.308
Chris Manuel,Orthodox,1987-07-21,http://ufcstats.com/fighter-details/a23e63184c65f5b8,175.26,,61.236
Jimi Manuwa,Orthodox,1980-02-18,http://ufcstats.com/fighter-details/1e1dbd1cc5a7469e,185.42000000000002,200.66,92.988
Dom Mar Fan,Orthodox,2000-03-19,http://ufcstats.com/fighter-details/530af2900b5a1693,180.34,190.5,70.308
Cristiano Marcello,Orthodox,1977-12-03,http://ufcstats.com/fighter-details/ff4c3ab594c7fac3,175.26,182.88,70.308
Daniel Marcos,Orthodox,1993-03-07,http://ufcstats.com/fighter-details/850266b3dc4e506e,170.18,175.26,61.236
Jose Maria,Orthodox,1982-01-04,http://ufcstats.com/fighter-details/b35ba64b6a2bbcb3,165.1,,56.7
Marcos Mariano,Switch,1986-10-12,http://ufcstats.com/fighter-details/72e5e5a6edfa8223,185.42000000000002,193.04,70.308
Enrique Marin,,1986-09-02,http://ufcstats.com/fighter-details/23a6e307077c6ccc,177.8,,77.112
Chepe Mariscal,Orthodox,1992-10-27,http://ufcstats.com/fighter-details/e0c6edcb5b5d0b90,170.18,175.26,65.772
Ronny Markes,Orthodox,1988-04-21,http://ufcstats.com/fighter-details/bd21a1e3d41c97ee,185.42000000000002,190.5,83.916
Rory Markham,Orthodox,1982-03-25,http://ufcstats.com/fighter-details/23a16ebe733e3041,182.88,180.34,77.112
Randa Markos,Orthodox,1985-08-10,http://ufcstats.com/fighter-details/4a57ebb14315b251,162.56,160.02,52.164
Christina Marks,Orthodox,1985-11-08,http://ufcstats.com/fighter-details/c7be22a47a58365a,170.18,175.26,56.7
Brendon Marotte,Orthodox,1996-01-12,http://ufcstats.com/fighter-details/d7fe8c6b7d2872e5,175.26,177.8,65.772
Nate Marquardt,Orthodox,1979-04-20,http://ufcstats.com/fighter-details/a8e6a69796280f17,182.88,187.96,83.916
Danilo Marques,Orthodox,1985-12-26,http://ufcstats.com/fighter-details/687c15b2eddfaa63,198.12,195.58,92.988
Julian Marquez,Orthodox,1990-05-08,http://ufcstats.com/fighter-details/d0e1b42d41dab603,187.96,182.88,83.916
Carmelo Marrero,Orthodox,1981-01-26,http://ufcstats.com/fighter-details/aa03a3ca00ac6827,182.88,185.42000000000002,92.988
Cesar Marscucci,,,http://ufcstats.com/fighter-details/e8efeb9cf33b1941,,,
John Marsh,Orthodox,1970-09-15,http://ufcstats.com/fighter-details/b6b12014698cc345,182.88,,120.20400000000001
CJ Marsh,,,http://ufcstats.com/fighter-details/4c91eb190d5e0dd9,,,
Eliot Marshall,Orthodox,1980-07-07,http://ufcstats.com/fighter-details/a08d909a5be6f410,187.96,195.58,92.988
Doug Marshall,Orthodox,1975-09-09,http://ufcstats.com/fighter-details/0c1773639c795466,177.8,,92.988
David Marshall,,1984-08-24,http://ufcstats.com/fighter-details/0a2813f89a758ff7,187.96,,77.112
Francis Marshall,Orthodox,1999-03-03,http://ufcstats.com/fighter-details/5d495dec23d7c68e,175.26,182.88,65.772
Jack Marshman,Orthodox,1989-12-19,http://ufcstats.com/fighter-details/045f25b3a4c08e81,182.88,185.42000000000002,83.916
Terry Martin,Orthodox,1980-10-10,http://ufcstats.com/fighter-details/6a92caba39b64752,172.72,180.34,83.916
Eric Martin,,,http://ufcstats.com/fighter-details/abbc4fc02e0d84b3,,,
Justin Martin,,,http://ufcstats.com/fighter-details/3da19339ee7051d5,182.88,,83.916
Dave Martin,,,http://ufcstats.com/fighter-details/92c96df8bdab5fea,182.88,,92.988
Joe Martin,,,http://ufcstats.com/fighter-details/325550dab63fb25a,175.26,,77.112
Anthony Rocco Martin,Orthodox,1989-12-11,http://ufcstats.com/fighter-details/5331b25a60417ffb,182.88,185.42000000000002,77.112
Mallory Martin,Orthodox,1994-01-29,http://ufcstats.com/fighter-details/19b7738321cfae42,162.56,160.02,52.164
Michal Martinek,Southpaw,1990-04-19,http://ufcstats.com/fighter-details/9acf42aebe9bb895,187.96,,104.328
Rainy Martinez,Orthodox,,http://ufcstats.com/fighter-details/577ec7e108b94be3,182.88,,90.2664
Danny Martinez,Orthodox,1985-06-14,http://ufcstats.com/fighter-details/8a9c6c4301f6d088,167.64000000000001,170.18,56.7
Alonzo Martinez,,1984-04-22,http://ufcstats.com/fighter-details/feffee4fc6da3aa3,177.8,,70.308
Henry Martinez,Southpaw,1983-08-07,http://ufcstats.com/fighter-details/76729a829623e266,170.18,175.26,70.308
Jonathan Martinez,Southpaw,1994-04-20,http://ufcstats.com/fighter-details/f2477cf43c4975cc,172.72,177.8,61.236
Poppies Martinez,,1983-08-19,http://ufcstats.com/fighter-details/8851bb0418d27d28,175.26,,65.772
Andrew Martinez,,,http://ufcstats.com/fighter-details/f8c2aba4815876b5,175.26,,97.524
Mana Martinez,Orthodox,1996-03-25,http://ufcstats.com/fighter-details/c0386644627a7ee5,177.8,177.8,61.236
Victor Martinez,Orthodox,1991-07-17,http://ufcstats.com/fighter-details/3e708ce33b6b18e6,172.72,177.8,70.308
Roque Martinez,Orthodox,1986-03-04,http://ufcstats.com/fighter-details/2c5a0b8317f8f27a,177.8,182.88,113.4
Melissa Martinez,Southpaw,1997-08-18,http://ufcstats.com/fighter-details/3f4c3bc822bea45d,157.48,167.64000000000001,52.164
Julieta Martinez,Orthodox,2004-09-14,http://ufcstats.com/fighter-details/f77afa72da84c9a8,154.94,157.48,52.164
David Martinez,Orthodox,1998-08-03,http://ufcstats.com/fighter-details/9a97acbfd5a08bfa,165.1,170.18,61.236
Wagner da Conceicao Martins,Orthodox,1978-05-19,http://ufcstats.com/fighter-details/563d051c9e769b24,200.66,,176.904
Adriano Martins,Southpaw,1982-12-16,http://ufcstats.com/fighter-details/7dcf06c1967801c1,177.8,182.88,70.308
Lucas Martins,Southpaw,1988-11-11,http://ufcstats.com/fighter-details/7413b80dbb0f8f9f,182.88,182.88,65.772
Max Martyniouk,,,http://ufcstats.com/fighter-details/69d3fa376ff2595e,,,70.308
Bristol Marunde,Orthodox,1982-04-20,http://ufcstats.com/fighter-details/a17322f99ddfd8e9,185.42000000000002,190.5,77.112
Shoji Maruyama,Orthodox,1983-04-24,http://ufcstats.com/fighter-details/c046100aea0dba9a,170.18,,63.0504
Kazuma Maruyama,Orthodox,1992-07-19,http://ufcstats.com/fighter-details/aa1a873d05acc7eb,180.34,182.88,70.308
Islem Masraf,Southpaw,1996-06-07,http://ufcstats.com/fighter-details/6dedfe07640a9acc,182.88,187.96,92.988
Mike Massenzio,Southpaw,1982-11-01,http://ufcstats.com/fighter-details/5b2d7906aa894274,187.96,185.42000000000002,83.916
Jameel Massouh,Orthodox,1984-09-12,http://ufcstats.com/fighter-details/883922e5cd6d8473,177.8,182.88,65.772
Tiffany Masters,Orthodox,1994-07-31,http://ufcstats.com/fighter-details/ca743f96dd2063d5,160.02,165.1,52.164
Jorge Masvidal,Orthodox,1984-11-12,http://ufcstats.com/fighter-details/47b9e0e7703a4868,180.34,187.96,77.112
Al Matavao,Orthodox,1994-02-23,http://ufcstats.com/fighter-details/eec3fe66a8b11a26,172.72,170.18,92.988
Tateki Matsuda,Orthodox,1986-02-27,http://ufcstats.com/fighter-details/3a524c6700addc24,170.18,,56.7
Arisa Matsuda,Orthodox,1994-12-15,http://ufcstats.com/fighter-details/4c33b3d37955aa85,160.02,162.56,52.164
Daijiro Matsui,Orthodox,1972-12-05,http://ufcstats.com/fighter-details/cd42bbe8887bba90,175.26,,90.72
Toki Matsui,Orthodox,1999-09-08,http://ufcstats.com/fighter-details/56cc76c55cee8410,167.64000000000001,165.1,56.7
Koichiro Matsumoto,,1986-03-07,http://ufcstats.com/fighter-details/2fb6f197d1fbc779,170.18,,65.772
Jean Matsumoto,Orthodox,1999-09-09,http://ufcstats.com/fighter-details/ffd3224638c01b57,167.64000000000001,172.72,61.236
Koyomi Matsushima,Orthodox,1992-10-08,http://ufcstats.com/fighter-details/5ad226da6c74a48e,170.18,167.64000000000001,65.772
Naoki Matsushita,Orthodox,,http://ufcstats.com/fighter-details/990060b2a68a7b82,167.64000000000001,,70.308
AJ Matthews,,,http://ufcstats.com/fighter-details/18e4f61f16f458c6,180.34,,83.916
Jake Matthews,Orthodox,1994-08-19,http://ufcstats.com/fighter-details/a845f0735bc67405,180.34,185.42000000000002,77.112
Connor Matthews,Switch,1992-05-31,http://ufcstats.com/fighter-details/36e78278a77006d4,172.72,180.34,65.772
Claudio Mattos,Orthodox,,http://ufcstats.com/fighter-details/6e2b1d631832921d,,,83.916
John Matua,Orthodox,,http://ufcstats.com/fighter-details/c933d423ebdbbbdb,187.96,,181.44
Francesco Maturi,,,http://ufcstats.com/fighter-details/d3b5ad3b15a64a18,,,
Vladimir Matyushenko,Orthodox,1971-01-04,http://ufcstats.com/fighter-details/ccdd90bd1fc7dab6,182.88,187.96,92.988
Miranda Maverick,Southpaw,1997-07-01,http://ufcstats.com/fighter-details/f29a6350c69f4a33,160.02,165.1,56.7
Nick Maximov,Southpaw,1997-12-23,http://ufcstats.com/fighter-details/12585614e0ed2626,182.88,193.04,83.916
Elaina Maxwell,Orthodox,1978-12-16,http://ufcstats.com/fighter-details/a16ce18149021139,172.72,,65.772
Jeremy May,,1986-10-23,http://ufcstats.com/fighter-details/c32fdfe75cda5b22,185.42000000000002,,83.916
Jack May,Switch,1981-04-14,http://ufcstats.com/fighter-details/2c6e81426dd7573c,203.2,,115.668
Don'Tale Mayes,Orthodox,1992-01-16,http://ufcstats.com/fighter-details/1a9480fc288e55d7,198.12,205.74,117.936
Gray Maynard,Orthodox,1979-05-09,http://ufcstats.com/fighter-details/7d96bc577e5178b2,175.26,177.8,70.308
Brooke Mayo,,,http://ufcstats.com/fighter-details/1b41c21d947d6f2f,170.18,,56.7
Gina Mazany,Southpaw,1988-08-19,http://ufcstats.com/fighter-details/016a8d958883167c,167.64000000000001,172.72,56.7
Sabina Mazo,Orthodox,1997-03-25,http://ufcstats.com/fighter-details/70d2329a92864fdb,170.18,177.8,56.7
Francesco Mazzeo,Orthodox,1997-09-23,http://ufcstats.com/fighter-details/7b3c13fe33556a21,190.5,190.5,92.988
Scott McAfee,Orthodox,1983-08-23,http://ufcstats.com/fighter-details/7e7d81bf162a5ec1,172.72,,70.308
Bobby McAndrews,Orthodox,,http://ufcstats.com/fighter-details/ef6f45095119d416,,,
Michael McBride,Orthodox,1986-03-09,http://ufcstats.com/fighter-details/443f60bec7c3c3d5,185.42000000000002,,70.308
Ian McCall,Orthodox,1984-05-07,http://ufcstats.com/fighter-details/701e057d63c124d9,165.1,162.56,56.7
Molly McCann,Orthodox,1990-05-04,http://ufcstats.com/fighter-details/51018a31ddf31eb2,162.56,157.48,52.164
Charles McCarthy,Orthodox,1980-08-06,http://ufcstats.com/fighter-details/da97d6c97d09c030,177.8,180.34,83.916
Eric McConico,Southpaw,1990-05-09,http://ufcstats.com/fighter-details/9508cc6184cb2450,182.88,195.58,83.916
Sean McCorkle,Orthodox,1976-07-17,http://ufcstats.com/fighter-details/008dc37cca279def,200.66,205.74,120.20400000000001
Danni McCormack,Southpaw,1990-03-15,http://ufcstats.com/fighter-details/2a9f9db24cd032ba,162.56,157.48,56.7
Paddy McCorry,Switch,1997-12-09,http://ufcstats.com/fighter-details/b43620395f655046,190.5,185.42000000000002,83.916
Kris McCray,Orthodox,1981-09-24,http://ufcstats.com/fighter-details/baed16f18348908e,182.88,193.04,77.112
Tamdan McCrory,Switch,1986-11-05,http://ufcstats.com/fighter-details/eff47295daf721a6,193.04,193.04,83.916
Rob McCullough,Orthodox,1977-05-26,http://ufcstats.com/fighter-details/11e3fd7546359fc5,175.26,175.26,70.308
Justin McCully,Orthodox,1976-02-18,http://ufcstats.com/fighter-details/75f871836d41f90f,185.42000000000002,185.42000000000002,102.06
Robert McDaniel,Southpaw,1983-05-03,http://ufcstats.com/fighter-details/5cafbc97dba2e797,190.5,190.5,83.916
Michael McDonald,Orthodox,1965-02-06,http://ufcstats.com/fighter-details/d52ef694108f8235,180.34,,92.988
Scott McDonald,,,http://ufcstats.com/fighter-details/08ae3100bf2100ed,,,
Michael McDonald,Orthodox,1991-01-15,http://ufcstats.com/fighter-details/d0314416a7f26527,175.26,177.8,61.236
Josh McDonald,,,http://ufcstats.com/fighter-details/b507a76087e3ed9f,,,83.916
Miles McDonald,,1991-08-13,http://ufcstats.com/fighter-details/a3f8356ace5e3eb5,170.18,,52.164
Justin McElfresh,Orthodox,1980-01-04,http://ufcstats.com/fighter-details/49c29e57d4e2be6f,198.12,,92.988
Drew McFedries,Southpaw,1978-07-27,http://ufcstats.com/fighter-details/1fd4fbdcc67de844,182.88,182.88,83.916
Liam McGeary,,1982-10-04,http://ufcstats.com/fighter-details/e4e0993befecdaf8,198.12,,92.988
Gan McGee,Orthodox,1976-11-20,http://ufcstats.com/fighter-details/d90b630e0561818b,208.28,,120.20400000000001
Court McGee,Orthodox,1984-12-12,http://ufcstats.com/fighter-details/523fa774700d7d3f,180.34,190.5,77.112
Marcus McGhee,Orthodox,1990-05-07,http://ufcstats.com/fighter-details/c0ac37a4a1133da9,172.72,175.26,61.236
Ryan McGillivray,,1986-09-27,http://ufcstats.com/fighter-details/1f9c371c93dfd3a9,180.34,,77.112
Ryan McGivern,Orthodox,1980-01-17,http://ufcstats.com/fighter-details/856ec65948b7d234,182.88,,83.916
Jack McGlaughlin,Orthodox,,http://ufcstats.com/fighter-details/237187ed9f419285,,,
Conor McGregor,Southpaw,1988-07-14,http://ufcstats.com/fighter-details/f4c49976c75c5ab2,175.26,187.96,70.308
Greg McIntyre,Orthodox,1980-04-21,http://ufcstats.com/fighter-details/00a905a4a4a2b071,177.8,,70.308
Antonio McKee,Southpaw,1970-03-12,http://ufcstats.com/fighter-details/3414b50b08a10600,172.72,,70.308
AJ McKee,,,http://ufcstats.com/fighter-details/f3ec0214794a699e,177.8,,65.772
Rhys McKee,Orthodox,1995-09-10,http://ufcstats.com/fighter-details/f748267c4ab6c127,187.96,198.12,77.112
Cory McKenna,Orthodox,1999-07-11,http://ufcstats.com/fighter-details/3351aa64aa83c4d9,160.02,147.32,52.164
Tim McKenzie,Orthodox,1982-07-21,http://ufcstats.com/fighter-details/9ca265dfe8323db3,182.88,187.96,83.916
Cody McKenzie,Switch,1987-12-16,http://ufcstats.com/fighter-details/7be63795363029e8,182.88,182.88,70.308
Terrance McKinney,Switch,1994-09-15,http://ufcstats.com/fighter-details/809bd1a871491508,177.8,185.42000000000002,70.308
Brian McLaughlin,,1984-05-12,http://ufcstats.com/fighter-details/6488729da7ac1c79,175.26,,70.308
Jason McLean,,,http://ufcstats.com/fighter-details/8336d7a85ce45481,165.1,,65.772
Garreth McLellan,Southpaw,1982-09-01,http://ufcstats.com/fighter-details/f215cfbd4ba3c270,185.42000000000002,182.88,83.916
Sara McMann,Orthodox,1980-09-24,http://ufcstats.com/fighter-details/7be74a12d7352df2,167.64000000000001,167.64000000000001,61.236
Tommy McMillen,Orthodox,1997-12-15,http://ufcstats.com/fighter-details/6b0a6def604de298,182.88,187.96,65.772
James McSweeney,Switch,1980-10-24,http://ufcstats.com/fighter-details/cac08b8685387ca5,193.04,195.58,104.328
Charles McTorry,,,http://ufcstats.com/fighter-details/acd8a53f7c0ce85e,,,
Jackson McVey,Southpaw,1999-03-25,http://ufcstats.com/fighter-details/3eeec2f53cebdf12,193.04,195.58,83.916
Daniel McWilliams,,,http://ufcstats.com/fighter-details/7b03d9df5910917d,185.42000000000002,,83.916
Tim Means,Orthodox,1984-02-20,http://ufcstats.com/fighter-details/4b47e71384a9522f,187.96,190.5,77.112
Yancy Medeiros,Orthodox,1987-09-07,http://ufcstats.com/fighter-details/813550bc53b15fb0,177.8,190.5,70.308
Anistavio Medeiros,Orthodox,1988-05-01,http://ufcstats.com/fighter-details/2937cb502dda0808,167.64000000000001,,65.772
Kaline Medeiros,,,http://ufcstats.com/fighter-details/263af068bd986548,160.02,,52.164
MarQuel Mederos,Orthodox,1996-11-30,http://ufcstats.com/fighter-details/e2be0c1a9b886d92,177.8,175.26,70.308
Uros Medic,Southpaw,1993-04-25,http://ufcstats.com/fighter-details/681399317dbf4701,185.42000000000002,180.34,77.112
Todd Medina,Southpaw,,http://ufcstats.com/fighter-details/b60391da771deefe,177.8,,87.5448
Jason Medina,,,http://ufcstats.com/fighter-details/f53fb9d9e57cc38e,175.26,,81.648
Emil Meek,Switch,1988-08-20,http://ufcstats.com/fighter-details/103b06d8707895a9,180.34,187.96,77.112
Sanford Alton Meeks,Orthodox,1994-04-05,http://ufcstats.com/fighter-details/27c59ac201539d10,195.58,190.5,120.20400000000001
Gerald Meerschaert,Southpaw,1987-12-18,http://ufcstats.com/fighter-details/6ac9bc2953c47345,185.42000000000002,195.58,83.916
Frank Megallon,Southpaw,,http://ufcstats.com/fighter-details/c0a93b52096b7682,177.8,,83.916
Derrick Mehmen,,1985-05-30,http://ufcstats.com/fighter-details/6c7dafd03b6cc3f8,193.04,,92.988
Miika Mehmet,Orthodox,,http://ufcstats.com/fighter-details/41dca66f9dadfc86,,,92.988
Jordan Mein,Orthodox,1989-10-10,http://ufcstats.com/fighter-details/2aa49b3766a59bcd,182.88,185.42000000000002,77.112
Bryce Mejia,,,http://ufcstats.com/fighter-details/6eae26c44e505775,185.42000000000002,,77.112
Brian Melancon,Orthodox,1982-05-28,http://ufcstats.com/fighter-details/eee7dafac7d672b5,172.72,,77.112
Brandon Melendez,Southpaw,1983-03-24,http://ufcstats.com/fighter-details/2b06b6ad5db63348,180.34,,70.308
Gilbert Melendez,Orthodox,1982-04-12,http://ufcstats.com/fighter-details/aa5b4eff51bdc7d1,175.26,185.42000000000002,65.772
Nair Melikyan,,1997-08-08,http://ufcstats.com/fighter-details/64b8561624d3b15e,167.64000000000001,,70.308
Marcelo Mello,Southpaw,,http://ufcstats.com/fighter-details/672ef06fd9f41f7d,170.18,,77.112
Fabio Mello,Southpaw,,http://ufcstats.com/fighter-details/8a028648f3f0761d,165.1,,70.308
Vanessa Melo,Orthodox,1988-03-27,http://ufcstats.com/fighter-details/9b7dfb3b7d99926a,165.1,165.1,61.236
Antonio Mendes,Southpaw,1981-04-19,http://ufcstats.com/fighter-details/3795fca327cbcf23,190.5,195.58,92.988
Chad Mendes,Orthodox,1985-05-01,http://ufcstats.com/fighter-details/b5b684eac99ae0a3,167.64000000000001,167.64000000000001,65.772
Augusto Mendes,Orthodox,1983-03-03,http://ufcstats.com/fighter-details/3d5b1ce6097dbb49,167.64000000000001,165.1,61.236
Eddie Mendez,,1984-01-16,http://ufcstats.com/fighter-details/49e49b54e5901d0d,177.8,,83.916
Mateus Mendonca,Orthodox,1999-01-17,http://ufcstats.com/fighter-details/48812daf291a4e23,167.64000000000001,180.34,56.7
Luis Mendoza,,,http://ufcstats.com/fighter-details/28200bc87367614f,,,70.308
Pietro Menga,Southpaw,1988-02-15,http://ufcstats.com/fighter-details/869d68b5383131fd,170.18,172.72,56.7
Alonzo Menifield,Orthodox,1987-10-18,http://ufcstats.com/fighter-details/a495f599e787614f,182.88,193.04,92.988
Ivan Menjivar,Orthodox,1982-05-30,http://ufcstats.com/fighter-details/5755960ebd0b16f6,167.64000000000001,162.56,65.772
Dave Menne,Orthodox,1974-07-29,http://ufcstats.com/fighter-details/275cafc9de131c83,177.8,,77.112
Steve Mensing,Orthodox,1977-12-06,http://ufcstats.com/fighter-details/3bc27ec15facbcf3,180.34,,83.916
Buck Meredith,,1982-05-17,http://ufcstats.com/fighter-details/36120738148f203f,187.96,,83.916
Adam Meredith,,,http://ufcstats.com/fighter-details/c1135a6892e916db,187.96,,77.112
Nick Meregali,,,http://ufcstats.com/fighter-details/2f6dc878d653c442,,,
Joe Merritt,Orthodox,1984-03-07,http://ufcstats.com/fighter-details/e82d5f54daa85a7e,182.88,,77.112
Bia Mesquita,Orthodox,1991-04-07,http://ufcstats.com/fighter-details/eff9074bc066f0f2,,,61.236
Jeremiah Metcalf,Orthodox,,http://ufcstats.com/fighter-details/5bdcbd8dd681a257,185.42000000000002,,83.916
Jonathan Meunier,Switch,1987-08-04,http://ufcstats.com/fighter-details/5823ceab56741617,190.5,,77.112
Yaotzin Meza,Orthodox,1981-02-04,http://ufcstats.com/fighter-details/3623bd267a2eef2e,175.26,180.34,65.772
Guy Mezger,Orthodox,1968-01-01,http://ufcstats.com/fighter-details/946f341df6472ee0,185.42000000000002,,90.72
David Mgoyan,Orthodox,2004-06-25,http://ufcstats.com/fighter-details/8f003ef7e0d9a139,175.26,177.8,65.772
Jonathan Micallef,Southpaw,1999-03-05,http://ufcstats.com/fighter-details/f782f953bfe7b5f2,182.88,195.58,77.112
Brandon Michaels,,,http://ufcstats.com/fighter-details/f5e4ce11afbdfb61,175.26,,83.916
Andreas Michailidis,Orthodox,1988-07-18,http://ufcstats.com/fighter-details/79325a3c1a5c3bf4,182.88,193.04,77.112
David Michaud,Orthodox,1988-11-10,http://ufcstats.com/fighter-details/49f4b511932f71e9,175.26,,70.308
Chris Mickle,Orthodox,1983-07-10,http://ufcstats.com/fighter-details/f903967fd320da38,175.26,,65.772
Zachary Micklewright,Southpaw,1976-08-21,http://ufcstats.com/fighter-details/a36a14985a57a1c6,182.88,187.96,70.308
Kristof Midoux,Orthodox,1974-07-30,http://ufcstats.com/fighter-details/5b5b9c6f6f270369,185.42000000000002,,99.792
Keith Mielke,,,http://ufcstats.com/fighter-details/f62850b3c7480db9,172.72,,83.916
Chris Mierzwiak,,1988-02-14,http://ufcstats.com/fighter-details/2b284840ca89876a,185.42000000000002,,83.916
Gabriel Miglioli,,,http://ufcstats.com/fighter-details/a6fa5dd90528e9f7,172.72,,77.112
Bojan Mihajlovic,Orthodox,1980-03-30,http://ufcstats.com/fighter-details/d6285cba1d1052e0,180.34,185.42000000000002,92.988
Billy Miles,Orthodox,1978-04-28,http://ufcstats.com/fighter-details/3c48019bc387b80c,177.8,,77.112
Pat Miletich,Orthodox,1968-03-09,http://ufcstats.com/fighter-details/cedfdf8d423d500c,177.8,,77.112
Curtis Millender,Orthodox,1987-12-01,http://ufcstats.com/fighter-details/f1928a52590c5532,187.96,193.04,77.112
Phillip Miller,Orthodox,1979-02-20,http://ufcstats.com/fighter-details/18aecaf50f52e4c3,180.34,,83.916
Jason Miller,Orthodox,1980-12-24,http://ufcstats.com/fighter-details/b2f88c04c4dd43ce,185.42000000000002,,83.916
Dan Miller,Orthodox,1981-06-30,http://ufcstats.com/fighter-details/d0c29452d3272603,185.42000000000002,187.96,83.916
Jim Miller,Southpaw,1983-08-30,http://ufcstats.com/fighter-details/d1941565abf50b16,172.72,180.34,70.308
Cole Miller,Orthodox,1984-04-26,http://ufcstats.com/fighter-details/282fa667ff9c51ed,185.42000000000002,185.42000000000002,65.772
Henry Miller,Southpaw,1969-07-16,http://ufcstats.com/fighter-details/45a2ba3ef82b9700,170.18,,122.472
Micah Miller,Orthodox,1987-02-14,http://ufcstats.com/fighter-details/3ff0d0dc7a14bb50,182.88,,65.772
Aaron Miller,,,http://ufcstats.com/fighter-details/a4d055f1435d6d75,175.26,,65.772
Mo Miller,Orthodox,1992-08-10,http://ufcstats.com/fighter-details/39019970ac8543e9,172.72,182.88,61.236
Juliana Miller,Orthodox,1996-05-07,http://ufcstats.com/fighter-details/aa0c573da7119292,170.18,167.64000000000001,56.7
Ty Miller,Orthodox,2000-06-04,http://ufcstats.com/fighter-details/0859524157a19045,187.96,195.58,77.112
Trent Miller,Orthodox,1995-10-31,http://ufcstats.com/fighter-details/2b6a37a97541a4fd,175.26,182.88,83.916
Eddy Millis,,,http://ufcstats.com/fighter-details/f2c934689243fe4e,185.42000000000002,,83.916
Che Mills,Orthodox,1982-09-29,http://ufcstats.com/fighter-details/6cadfd8f1d9e7685,185.42000000000002,193.04,77.112
Adam Milstead,Orthodox,1987-07-03,http://ufcstats.com/fighter-details/72ffecf712673af1,190.5,193.04,92.988
Alberto Mina,Orthodox,1982-05-02,http://ufcstats.com/fighter-details/4b1d46a1b5c0fd11,182.88,195.58,77.112
Vitaly Minakov,,1985-02-06,http://ufcstats.com/fighter-details/56c975c4a2b357a5,187.96,,112.9464
Mario Mingaj,,,http://ufcstats.com/fighter-details/1ccaeae54725d897,,,83.916
Darrick Minner,Orthodox,1990-04-28,http://ufcstats.com/fighter-details/34e516ab361afb1c,170.18,175.26,65.772
Mike Minniger,,,http://ufcstats.com/fighter-details/c8aa3541bec4042e,,,
Ikuhisa Minowa,Orthodox,1976-01-12,http://ufcstats.com/fighter-details/ce6065baef021cf3,175.26,,82.1016
Carlton Minus,Orthodox,1993-04-26,http://ufcstats.com/fighter-details/40d8b74488743800,177.8,190.5,77.112
Stipe Miocic,Orthodox,1982-08-19,http://ufcstats.com/fighter-details/d28dee5c705991df,193.04,203.2,108.864
Frank Mir,Southpaw,1979-05-24,http://ufcstats.com/fighter-details/1ff9589f9065a9ed,190.5,200.66,119.7504
Juan Miranda,,,http://ufcstats.com/fighter-details/be8ad887e4d674b0,,,70.308
Mario Miranda,Orthodox,1979-07-12,http://ufcstats.com/fighter-details/df2bf09c99594848,190.5,187.96,83.916
Vitor Miranda,Orthodox,1979-03-10,http://ufcstats.com/fighter-details/4bcb6eb12b4ad4aa,185.42000000000002,195.58,83.916
Gabriel Miranda,Orthodox,1990-03-25,http://ufcstats.com/fighter-details/b909a9a9688b5284,180.34,180.34,65.772
Damir Mirenic,Orthodox,1974-08-02,http://ufcstats.com/fighter-details/992c82450d96f726,182.88,,83.916
Kazuo Misaki,Orthodox,1976-04-25,http://ufcstats.com/fighter-details/5e7a28f20927d64a,172.72,,83.0088
Toby Misech,Southpaw,1988-03-07,http://ufcstats.com/fighter-details/3f87218a7aca84c4,172.72,,65.772
Dokonjonosuke Mishima,Southpaw,1972-04-19,http://ufcstats.com/fighter-details/b14a68c533f4a4aa,170.18,,70.308
Felix Lee Mitchell,Orthodox,,http://ufcstats.com/fighter-details/6cbb7661c3258617,,,
David Mitchell,Orthodox,1979-10-24,http://ufcstats.com/fighter-details/8f3df4c579cfbb69,182.88,190.5,77.112
Danny Mitchell,Orthodox,1986-08-08,http://ufcstats.com/fighter-details/c06d554ce1713fd3,187.96,,77.112
Brad Mitchell,,1974-10-10,http://ufcstats.com/fighter-details/7263e0dc082adc87,180.34,,65.772
Clay Mitchell,,,http://ufcstats.com/fighter-details/3d960455f880bb25,187.96,,83.916
Bryce Mitchell,Southpaw,1994-10-04,http://ufcstats.com/fighter-details/d9c6f19f958643e9,177.8,177.8,61.236
Maurice Mitchell,Orthodox,1987-06-29,http://ufcstats.com/fighter-details/568bebed6366b667,175.26,,65.772
Terrence Mitchell,Orthodox,1989-12-30,http://ufcstats.com/fighter-details/f3ca6908f78efebe,177.8,187.96,61.236
Roman Mitichyan,Orthodox,1978-09-04,http://ufcstats.com/fighter-details/2961be02cfb0d2c1,177.8,,77.112
Matt Mitrione,Switch,1978-07-15,http://ufcstats.com/fighter-details/ba280572acfba13f,190.5,208.28,120.20400000000001
Eiji Mitsuoka,Southpaw,1976-01-01,http://ufcstats.com/fighter-details/2b4faacc16d66898,170.18,,65.772
Hiromitsu Miura,Orthodox,1981-09-22,http://ufcstats.com/fighter-details/509697e08673d2e5,175.26,180.34,77.112
JonathanMix,,1980-11-09,http://ufcstats.com/fighter-details/f64e4ecd214c6378,182.88,,76.2048
Patchy Mix,Southpaw,1993-08-16,http://ufcstats.com/fighter-details/2cfba6c837c03ed0,172.72,182.88,61.236
Tomoya Miyashita,Southpaw,,http://ufcstats.com/fighter-details/c9885b1b7c7055a0,170.18,,63.0504
Kazuyuki Miyata,Orthodox,,http://ufcstats.com/fighter-details/af70d268e5352186,172.72,,63.0504
Motoki Miyazawa,Southpaw,,http://ufcstats.com/fighter-details/9649d75defe0dedb,180.34,,76.2048
Takeya Mizugaki,Orthodox,1983-12-16,http://ufcstats.com/fighter-details/48e093ea1f43a053,170.18,175.26,61.236
Mizuki,Orthodox,1994-08-19,http://ufcstats.com/fighter-details/43a59ce3bb40449e,160.02,165.1,52.164
Tatsuya Mizuno,Southpaw,1981-06-02,http://ufcstats.com/fighter-details/478c8706bdb92440,185.42000000000002,,92.988
Roxanne Modafferi,Orthodox,1982-09-24,http://ufcstats.com/fighter-details/4498b382c65a7faa,170.18,175.26,56.7
Bobby Moffett,Orthodox,1990-06-01,http://ufcstats.com/fighter-details/d76ad9a08c4408ff,177.8,185.42000000000002,65.772
Bronson Mohika,,,http://ufcstats.com/fighter-details/65239fccecd03404,,,61.236
Nate Mohr,Orthodox,1983-03-03,http://ufcstats.com/fighter-details/04c15b52c3cc1cab,175.26,182.88,70.308
Renato Moicano,Orthodox,1989-05-21,http://ufcstats.com/fighter-details/b6452706b373eea1,180.34,182.88,70.308
Thiago Moises,Orthodox,1995-03-23,http://ufcstats.com/fighter-details/d945aae53e3e54e6,175.26,177.8,70.308
Muhammad Mokaev,Orthodox,2000-07-30,http://ufcstats.com/fighter-details/75353550928a7921,170.18,177.8,56.7
Ashkan Mokhtarian,Southpaw,1985-09-15,http://ufcstats.com/fighter-details/e9bc5748e6a76bb6,167.64000000000001,170.18,56.7
Suman Mokhtarian,Orthodox,1992-06-13,http://ufcstats.com/fighter-details/192520689012c7e4,172.72,182.88,65.772
Dan Molina,,1984-06-14,http://ufcstats.com/fighter-details/606136dee6f6ecea,177.8,,97.9776
Jeff Molina,Orthodox,1997-07-17,http://ufcstats.com/fighter-details/008ea710276c9606,167.64000000000001,175.26,56.7
Rudyard Moncayo,Orthodox,,http://ufcstats.com/fighter-details/02d276b7d62b3472,177.8,,88.452
Hidetaka Monma,Orthodox,1973-10-23,http://ufcstats.com/fighter-details/a8e133139286df84,182.88,,76.2048
Jeff Monson,Orthodox,1971-01-18,http://ufcstats.com/fighter-details/cbfd1d34356a004c,175.26,187.96,112.0392
Darrell Montague,Southpaw,1987-11-03,http://ufcstats.com/fighter-details/bffeb123b21c9aad,167.64000000000001,170.18,56.7
Michelle Montague,Southpaw,1993-11-25,http://ufcstats.com/fighter-details/ca80d72da81d7224,175.26,172.72,61.236
Andrew Montanez,,,http://ufcstats.com/fighter-details/72c9c2eadfc3277e,,,83.916
Jose Montanha,,1996-08-25,http://ufcstats.com/fighter-details/4e30f2761b6bd3b5,,,120.20400000000001
Augusto Montano,Orthodox,1984-10-25,http://ufcstats.com/fighter-details/94508d80e1f885fc,185.42000000000002,185.42000000000002,77.112
Erick Montano,Orthodox,1985-11-19,http://ufcstats.com/fighter-details/8163cd7de0342652,182.88,185.42000000000002,77.112
Nicco Montano,Southpaw,1988-12-16,http://ufcstats.com/fighter-details/1de9ad94de18eeaf,165.1,165.1,61.236
Antonio Monteiro,Orthodox,1995-07-02,http://ufcstats.com/fighter-details/3e38b1ea16bd4d86,170.18,177.8,65.772
Sofia Montenegro,Orthodox,1999-06-18,http://ufcstats.com/fighter-details/8b1b051038354655,167.64000000000001,170.18,56.7
Alberto Montes,Orthodox,1994-05-31,http://ufcstats.com/fighter-details/a112097ad877a48f,170.18,175.26,65.772
Steve Montgomery,Southpaw,1990-12-19,http://ufcstats.com/fighter-details/6e92eb1242b46636,193.04,,83.916
James Moontasri,Switch,1988-04-10,http://ufcstats.com/fighter-details/c06a9b48d4132c8e,177.8,180.34,77.112
Homer Moore,Orthodox,1971-11-27,http://ufcstats.com/fighter-details/e56df3c1d8b4b1cc,177.8,,92.988
Todd Moore,Southpaw,1983-12-30,http://ufcstats.com/fighter-details/e31502e3f79d00c5,175.26,180.34,77.112
Nate Moore,,,http://ufcstats.com/fighter-details/518e5202a91980d4,182.88,,77.112
Dustin Moore,,,http://ufcstats.com/fighter-details/831de97afe326478,162.56,,56.7
Taylor Moore,Southpaw,1993-10-16,http://ufcstats.com/fighter-details/26927dab41dbd5fc,177.8,177.8,61.236
Sergio Moraes,Orthodox,1982-07-23,http://ufcstats.com/fighter-details/1bcaac2d99b90fce,182.88,182.88,77.112
Marlon Moraes,Orthodox,1988-04-26,http://ufcstats.com/fighter-details/fea79f9bc8c68769,167.64000000000001,170.18,61.236
Sheymon Moraes,Orthodox,1990-10-11,http://ufcstats.com/fighter-details/0d62719b1dcf7c40,172.72,182.88,65.772
John Moraga,Orthodox,1984-03-20,http://ufcstats.com/fighter-details/92437c6775b3f7d1,167.64000000000001,167.64000000000001,56.7
Ricardo Morais,Orthodox,1967-02-26,http://ufcstats.com/fighter-details/2dc7f1762dc0a7ef,203.2,,122.472
Leonardo Morales,Southpaw,1992-12-22,http://ufcstats.com/fighter-details/45230be0641f3f53,172.72,,61.236
Albert Morales,Orthodox,1991-05-25,http://ufcstats.com/fighter-details/544d7460b3e44393,175.26,182.88,61.236
Joseph Morales,Switch,1994-08-22,http://ufcstats.com/fighter-details/2fe9032955c2e013,167.64000000000001,175.26,56.7
Vince Morales,Orthodox,1990-11-12,http://ufcstats.com/fighter-details/37098a6e6c27fb66,170.18,177.8,61.236
Omar Morales,Orthodox,1985-10-17,http://ufcstats.com/fighter-details/a0e6753c42698f13,180.34,185.42000000000002,70.308
Michael Morales,Orthodox,1999-06-24,http://ufcstats.com/fighter-details/c32aeb1a59e6272d,182.88,200.66,77.112
Sarah Moras,Orthodox,1988-04-30,http://ufcstats.com/fighter-details/539ed332b3078821,170.18,170.18,61.236
Christian Morecraft,Orthodox,1986-09-08,http://ufcstats.com/fighter-details/80779d7441af1b52,198.12,205.74,117.936
Joe Moreira,Southpaw,,http://ufcstats.com/fighter-details/df85d6ec3493d120,180.34,,88.452
Richardson Moreira,Orthodox,1984-03-31,http://ufcstats.com/fighter-details/9147679e1a4ad4a3,187.96,,83.916
Gisele Moreira,Orthodox,1981-01-14,http://ufcstats.com/fighter-details/6a125ba3ec37e27e,167.64000000000001,,61.236
Vinicius Moreira,Orthodox,1989-02-28,http://ufcstats.com/fighter-details/acb36c908d415c4a,193.04,193.04,92.988
Jesse Moreng,Orthodox,1979-11-09,http://ufcstats.com/fighter-details/2e2cdb6e9eb84bb9,170.18,,65.772
Brandon Moreno,Orthodox,1993-12-07,http://ufcstats.com/fighter-details/792be9a24df82ed6,170.18,177.8,56.7
Mike Moreno,,,http://ufcstats.com/fighter-details/bb2eee4fb3259c01,182.88,,83.916
Dan Moret,Southpaw,1986-11-21,http://ufcstats.com/fighter-details/66e98b3bb5fc5250,182.88,185.42000000000002,70.308
Sammy Morgan,Orthodox,1981-09-28,http://ufcstats.com/fighter-details/2067a177a2842fbf,177.8,,77.112
Peggy Morgan,,1979-12-16,http://ufcstats.com/fighter-details/92b36014314b028b,185.42000000000002,,61.236
Alexander Morgan,Orthodox,1991-05-14,http://ufcstats.com/fighter-details/938ea36fe9c269f0,177.8,180.34,65.772
Alex Morono,Orthodox,1990-08-16,http://ufcstats.com/fighter-details/cdb96af67d096b1e,180.34,182.88,77.112
Maryna Moroz,Orthodox,1991-09-08,http://ufcstats.com/fighter-details/b4192a975027aab6,170.18,170.18,56.7
Sergey Morozov,Orthodox,1989-06-14,http://ufcstats.com/fighter-details/2f6a993c7f547c13,167.64000000000001,170.18,61.236
Brad Morris,Orthodox,1979-11-01,http://ufcstats.com/fighter-details/6803d4d6908354ac,187.96,,92.988
Scott Morris,Orthodox,,http://ufcstats.com/fighter-details/be9d259be012e8a4,177.8,,95.256
Anthony Morrison,Orthodox,1984-03-29,http://ufcstats.com/fighter-details/dab0e6cb8c932162,170.18,,65.772
Jack Morrison,,,http://ufcstats.com/fighter-details/38fccd44d669bb2f,180.34,,92.988
Harry Moskowitz,Orthodox,,http://ufcstats.com/fighter-details/4dc496aa0cfc0d95,195.58,,124.74
Carlos Mota,Orthodox,1995-04-15,http://ufcstats.com/fighter-details/b15862fcd6ded451,162.56,175.26,56.7
Miki Motono,Southpaw,1994-05-18,http://ufcstats.com/fighter-details/a5fa51a81d0c5ed9,157.48,160.02,52.164
Juan Mott,Switch,,http://ufcstats.com/fighter-details/5da4e8dc02e50ac0,182.88,,86.184
Nikolas Motta,Orthodox,1993-02-08,http://ufcstats.com/fighter-details/37f560436d745c18,175.26,177.8,70.308
Flavio Luiz Moura,Open Stance,,http://ufcstats.com/fighter-details/ab35634d1a8c7a11,180.34,,83.0088
Eduarda Moura,Orthodox,1994-02-28,http://ufcstats.com/fighter-details/de594b35c45c2e9a,167.64000000000001,170.18,56.7
Gegard Mousasi,Orthodox,1985-08-01,http://ufcstats.com/fighter-details/232c582f29f8f65e,187.96,193.04,83.916
Kris Moutinho,Southpaw,1992-08-09,http://ufcstats.com/fighter-details/9c27f3217891f3f0,170.18,172.72,61.236
Kin Moy,,,http://ufcstats.com/fighter-details/ae922e7d9e852d7a,165.1,,61.236
Jamie Moyle,Orthodox,1989-03-17,http://ufcstats.com/fighter-details/882d62561063a927,154.94,165.1,52.164
Askar Mozharov,Orthodox,1994-10-26,http://ufcstats.com/fighter-details/e92901944ce91909,190.5,187.96,92.988
Garrett Mueller,,1989-01-29,http://ufcstats.com/fighter-details/d0c325dfefdde31f,175.26,,61.236
Lauren Mueller,Orthodox,1991-11-15,http://ufcstats.com/fighter-details/f923e012414c883e,165.1,170.18,56.7
Belal Muhammad,Orthodox,1988-07-09,http://ufcstats.com/fighter-details/b1b0729d27936f2f,180.34,182.88,77.112
Fazlo Mulabitinovic,,,http://ufcstats.com/fighter-details/2252b2c892397f0d,,,61.236
Quinn Mulhern,Orthodox,1984-09-20,http://ufcstats.com/fighter-details/16af2d5a6f28bee2,190.5,,70.308
James Mulheron,Orthodox,1988-02-20,http://ufcstats.com/fighter-details/8d5350fa18b79e9a,177.8,185.42000000000002,110.2248
Jamie Mullarkey,Orthodox,1994-08-17,http://ufcstats.com/fighter-details/af9f42e6894047fc,182.88,187.96,70.308
Jim Mullen,Southpaw,,http://ufcstats.com/fighter-details/1a49e0670dfaca31,185.42000000000002,,97.524
Melissa Mullins,Orthodox,1991-07-23,http://ufcstats.com/fighter-details/bd532e9a2b93870c,170.18,172.72,61.236
Ananias Mulumba,,1998-09-18,http://ufcstats.com/fighter-details/a59bc10f5e9f5fbb,,,65.772
Pedro Munhoz,Orthodox,1986-09-07,http://ufcstats.com/fighter-details/6bd02119599741a4,167.64000000000001,165.1,61.236
Andre Muniz,Southpaw,1990-02-17,http://ufcstats.com/fighter-details/886264a0c9f4ea5e,185.42000000000002,198.12,83.916
Mark Munoz,Orthodox,1978-02-09,http://ufcstats.com/fighter-details/179f1948dc234f1f,182.88,180.34,83.916
Alexander Munoz,Switch,1990-02-27,http://ufcstats.com/fighter-details/f8f1ec513bcfef43,175.26,182.88,70.308
Johnny Munoz,Orthodox,1993-02-16,http://ufcstats.com/fighter-details/f6bcbd91b114ff58,175.26,180.34,61.236
Andy Murad,,,http://ufcstats.com/fighter-details/fd0b4e3eb18eafb7,175.26,,83.916
Olivier Murad,Southpaw,1993-12-21,http://ufcstats.com/fighter-details/c3dd69333eb8085a,177.8,182.88,65.772
Makhmud Muradov,Orthodox,1990-02-08,http://ufcstats.com/fighter-details/ea7e5bc78d9de658,187.96,190.5,83.916
Kazunari Murakami,Orthodox,1973-11-29,http://ufcstats.com/fighter-details/cfbccfed4e4796fe,185.42000000000002,,99.792
Ryuichi Murata,Orthodox,,http://ufcstats.com/fighter-details/e3a6c6d6d0ac0815,172.72,,83.0088
Kanako Murata,Orthodox,1993-08-10,http://ufcstats.com/fighter-details/e0b0cf71e0d69dd0,154.94,157.48,52.164
Ailiya Muratbek,,,http://ufcstats.com/fighter-details/9b6dcc335ad03696,,,70.308
Vince Murdock,Orthodox,1991-03-21,http://ufcstats.com/fighter-details/4b90384d7c3519b8,167.64000000000001,162.56,65.772
Samandar Murodov,Orthodox,1999-08-28,http://ufcstats.com/fighter-details/6f4d199c0adc06f5,185.42000000000002,190.5,77.112
Tom Murphy,Southpaw,1974-11-19,http://ufcstats.com/fighter-details/62918a2118de08b2,187.96,,102.9672
Ian Murphy,Orthodox,1985-06-14,http://ufcstats.com/fighter-details/de25520d54eab12d,185.42000000000002,,83.916
Jon Murphy,Orthodox,1977-08-09,http://ufcstats.com/fighter-details/1b5c146ee7b86e34,190.5,,117.936
Lauren Murphy,Orthodox,1983-07-27,http://ufcstats.com/fighter-details/729d4bd5a6cd0a97,165.1,170.18,56.7
Patrick Murphy,,,http://ufcstats.com/fighter-details/eca7e064746c161a,182.88,,77.112
Lerone Murphy,Orthodox,1991-07-22,http://ufcstats.com/fighter-details/396fe87b84ac2e1c,175.26,185.42000000000002,65.772
Lee Murray,Orthodox,1977-09-12,http://ufcstats.com/fighter-details/32016899d0a222a3,190.5,,83.916
Jesse Murray,Orthodox,1993-01-26,http://ufcstats.com/fighter-details/d0147e906106cd2e,190.5,198.12,92.988
Khalid Murtazaliev,Orthodox,1993-07-15,http://ufcstats.com/fighter-details/231cae8b77fbbcc1,182.88,193.04,83.916
Azamat Murzakanov,Southpaw,1989-04-12,http://ufcstats.com/fighter-details/e90a2f22417af68e,177.8,180.34,92.988
Josias Musasa,Southpaw,1998-10-10,http://ufcstats.com/fighter-details/723b64c0e9a8f348,172.72,187.96,61.236
Tofiq Musayev,Orthodox,1989-12-15,http://ufcstats.com/fighter-details/ae81a3ac7b260411,175.26,175.26,70.308
Nicholas Musoke,Orthodox,1986-04-05,http://ufcstats.com/fighter-details/8b5f9ea38184ded3,182.88,190.5,77.112
Andre Mussi,Orthodox,,http://ufcstats.com/fighter-details/d0d43cb9b14f231c,190.5,,109.77120000000001
Magomed Mustafaev,Orthodox,1988-08-02,http://ufcstats.com/fighter-details/31d7446b184e3305,172.72,180.34,70.308
Max Mustaki,Orthodox,1987-11-07,http://ufcstats.com/fighter-details/f4c40f8a64d3151d,182.88,,70.308
Elvis Mutapcic,Orthodox,1986-07-19,http://ufcstats.com/fighter-details/28c55b4087a6f136,182.88,182.88,83.916
Fiona Muxlow,,1977-05-13,http://ufcstats.com/fighter-details/062e57ca1a3c95a8,162.56,,65.772
Ho Bae Myeon,Orthodox,,http://ufcstats.com/fighter-details/2719f300b0439039,180.34,,76.2048
Katsuhiko Nagata,Southpaw,1973-10-31,http://ufcstats.com/fighter-details/d5ae8074631762fc,170.18,,69.8544
Yuji Nagata,Orthodox,1968-04-24,http://ufcstats.com/fighter-details/e49c2db95e572dc8,182.88,,102.06
Greg Nagy,Orthodox,1983-10-18,http://ufcstats.com/fighter-details/342422bb6ced1e8d,185.42000000000002,,95.256
Logan Nail,,1989-06-20,http://ufcstats.com/fighter-details/47e0b5833e6bc91a,,,83.916
Muhammad Naimov,Orthodox,1994-08-07,http://ufcstats.com/fighter-details/8d11d9c13e2ccdf7,175.26,177.8,65.772
Yukiya Naito,Orthodox,,http://ufcstats.com/fighter-details/7be328bb3c2ea22e,185.42000000000002,,92.988
Yura Naito,Orthodox,1996-04-26,http://ufcstats.com/fighter-details/50c469e0cb73be10,182.88,187.96,83.916
Andrews Nakahara,Orthodox,1983-03-12,http://ufcstats.com/fighter-details/7a9ca95a92d7b64c,185.42000000000002,,83.916
Rin Nakai,Orthodox,1986-10-22,http://ufcstats.com/fighter-details/f9ae6914f604aa9f,154.94,,61.236
Kazuhiro Nakamura,Orthodox,1979-07-16,http://ufcstats.com/fighter-details/b034747dc1d15491,180.34,177.8,92.988
Keita Nakamura,Southpaw,1984-05-22,http://ufcstats.com/fighter-details/65ddc8a9ac4e8531,180.34,185.42000000000002,77.112
Daisuke Nakamura,Orthodox,1980-06-10,http://ufcstats.com/fighter-details/a196332ee4aa8a82,170.18,,69.8544
Yusaku Nakamura,,1986-06-21,http://ufcstats.com/fighter-details/03e8df49c4a059ba,165.1,,65.772
Rinya Nakamura,Southpaw,1995-03-23,http://ufcstats.com/fighter-details/d8c811df0386d5e8,170.18,172.72,61.236
Keiichiro Nakamura,Southpaw,1998-12-02,http://ufcstats.com/fighter-details/3618e0632ecdba9c,177.8,177.8,65.772
Tokitaka Nakanishi,Orthodox,1996-07-28,http://ufcstats.com/fighter-details/eb9446a4f44e19cf,167.64000000000001,167.64000000000001,61.236
Jutaro Nakao,Southpaw,1970-11-30,http://ufcstats.com/fighter-details/95eb112a85601a0a,175.26,,77.112
Yoshihiro Nakao,Southpaw,1972-06-25,http://ufcstats.com/fighter-details/e18012194473e8b0,182.88,,99.792
Mandel Nallo,Orthodox,1989-07-26,http://ufcstats.com/fighter-details/8f4528c10bd34fab,182.88,190.5,70.308
Yui Chul Nam,Orthodox,1981-07-16,http://ufcstats.com/fighter-details/a00ec21cfbba17b6,175.26,,65.772
Tyson Nam,Orthodox,1983-10-06,http://ufcstats.com/fighter-details/6e00cfffd54653c4,170.18,172.72,56.7
Rose Namajunas,Orthodox,1992-06-29,http://ufcstats.com/fighter-details/47b63240018d5d86,165.1,165.1,56.7
Yasuhito Namekawa,Orthodox,1974-10-27,http://ufcstats.com/fighter-details/6083f497c22cc075,175.26,,92.988
Nad Narimani,Orthodox,1987-04-14,http://ufcstats.com/fighter-details/776a58a67665a171,172.72,177.8,65.772
Roger Narvaez,Southpaw,1983-09-09,http://ufcstats.com/fighter-details/3a12a2f096a6d975,190.5,,83.916
Fabio Nascimento,Orthodox,,http://ufcstats.com/fighter-details/307064d3e0f036c2,177.8,,83.916
Allan Nascimento,Orthodox,1991-09-11,http://ufcstats.com/fighter-details/253076a23d03dcd0,172.72,175.26,56.7
Rodrigo Nascimento,Orthodox,1992-11-26,http://ufcstats.com/fighter-details/d31a5546c0e9b213,187.96,203.2,111.5856
Bobby Nash,Orthodox,1990-03-26,http://ufcstats.com/fighter-details/7dfb56f24fe5ddea,182.88,187.96,77.112
Reza Nasri,Orthodox,,http://ufcstats.com/fighter-details/d41937647eae9a34,180.34,,92.988
Nasrudin Nasrudinov,Orthodox,1991-10-06,http://ufcstats.com/fighter-details/769fa803bf9d2e3b,182.88,180.34,92.988
Pawel Nastula,Southpaw,1970-06-26,http://ufcstats.com/fighter-details/154a6b3ffae264cd,182.88,,104.328
Rafael Natal,Orthodox,1982-12-25,http://ufcstats.com/fighter-details/0dba4df5f34d5ff0,182.88,195.58,83.916
Kevin Natividad,Orthodox,1993-04-02,http://ufcstats.com/fighter-details/0c258d1d8e16e5f1,167.64000000000001,177.8,61.236
Ismail Naurdiev,Orthodox,1996-08-18,http://ufcstats.com/fighter-details/6a96ad1bc34fb113,177.8,187.96,83.916
Danny Navarro,,1983-05-27,http://ufcstats.com/fighter-details/618f72750ec50b05,177.8,,70.308
Marcio Navarro,,1978-09-17,http://ufcstats.com/fighter-details/52f7d300738961ac,182.88,,70.308
Tafon Nchukwi,Orthodox,1994-10-14,http://ufcstats.com/fighter-details/6aae253467e8f9ce,182.88,195.58,83.916
Dustin Neace,,1986-09-12,http://ufcstats.com/fighter-details/e503aa5c252a1b4d,175.26,175.26,65.772
Josh Neal,,,http://ufcstats.com/fighter-details/0b534765dca35e71,182.88,,83.916
Joe Neal,,1986-07-29,http://ufcstats.com/fighter-details/5751267660c734cb,167.64000000000001,,61.236
Geoff Neal,Southpaw,1990-08-28,http://ufcstats.com/fighter-details/b997be68943010fc,180.34,190.5,77.112
Stanislav Nedkov,Orthodox,1981-12-09,http://ufcstats.com/fighter-details/1d4bbaabd8b60173,180.34,180.34,92.988
Josh Neer,Orthodox,1983-03-24,http://ufcstats.com/fighter-details/d1a1314976c50bef,180.34,182.88,77.112
Nicolae Negumereanu,Orthodox,1994-09-04,http://ufcstats.com/fighter-details/8c57c7b8c3bab0eb,182.88,198.12,92.988
Steve Nelmark,Orthodox,,http://ufcstats.com/fighter-details/13e62d766b709aa6,182.88,,108.864
Shane Nelson,Southpaw,1984-11-29,http://ufcstats.com/fighter-details/2db7fa8db6bc9632,175.26,177.8,70.308
Roy Nelson,Orthodox,1976-06-20,http://ufcstats.com/fighter-details/3f7c14c7eca7195d,182.88,185.42000000000002,119.2968
Gunnar Nelson,Switch,1988-07-28,http://ufcstats.com/fighter-details/fd55393021a8c255,180.34,182.88,77.112
Kyle Nelson,Switch,1991-04-20,http://ufcstats.com/fighter-details/31f8081c7600da93,180.34,180.34,70.308
Lissette Neri,,1987-08-05,http://ufcstats.com/fighter-details/f4db63258ecf0613,157.48,,65.772
Mario Neto,Orthodox,,http://ufcstats.com/fighter-details/1209b5134401ca53,182.88,,103.8744
Antonio Braga Neto,Orthodox,1987-10-29,http://ufcstats.com/fighter-details/fae67903c4fe636b,190.5,195.58,83.916
Eduardo Neves,Orthodox,2000-03-16,http://ufcstats.com/fighter-details/1d688fa375d9431c,187.96,198.12,119.2968
Julio Cesar Neves Jr.,,1994-04-25,http://ufcstats.com/fighter-details/195d0d3e14a2e256,172.72,,65.772
Nick Newell,Southpaw,1986-03-17,http://ufcstats.com/fighter-details/f562238becb9ec50,177.8,,70.308
Journey Newson,Orthodox,1989-03-07,http://ufcstats.com/fighter-details/78f485f851891d68,165.1,170.18,61.236
Jeff Newton,Sideways,1966-12-11,http://ufcstats.com/fighter-details/94609dd91731d428,187.96,,92.988
Carlos Newton,Orthodox,1976-08-17,http://ufcstats.com/fighter-details/952f6fa06f25a0ec,175.26,,77.112
Emanuel Newton,,1984-01-02,http://ufcstats.com/fighter-details/fbbbc68d368832fa,185.42000000000002,,92.988
Francis Ngannou,Orthodox,1986-09-05,http://ufcstats.com/fighter-details/8d03ce87ca14e778,193.04,210.82,113.4
Nghiem Van Y,Orthodox,1999-05-15,http://ufcstats.com/fighter-details/fd08d6536b7b91f0,170.18,172.72,61.236
Ben Nguyen,Switch,1988-08-03,http://ufcstats.com/fighter-details/840d2c82ea68b9aa,165.1,165.1,56.7
Steven Nguyen,Switch,1993-05-19,http://ufcstats.com/fighter-details/69037fc7730e4225,180.34,185.42000000000002,65.772
Alex Nicholson,Orthodox,1990-05-02,http://ufcstats.com/fighter-details/2b6d855c6e280fb1,193.04,195.58,83.916
Bo Nickal,Southpaw,1996-01-14,http://ufcstats.com/fighter-details/35673bf5204524ee,185.42000000000002,193.04,83.916
Mike Nickels,Orthodox,1971-12-13,http://ufcstats.com/fighter-details/330ec26453c44a59,193.04,,92.988
Matheus Nicolau,Orthodox,1993-01-06,http://ufcstats.com/fighter-details/1a31ef98efce7a79,167.64000000000001,167.64000000000001,56.7
Stewart Nicoll,Orthodox,1996-04-11,http://ufcstats.com/fighter-details/2bd98ab77a8daa75,165.1,165.1,56.7
Jaimelene Nievera,Orthodox,1984-10-28,http://ufcstats.com/fighter-details/3edf45e1717fa764,165.1,,56.7
Khomkrit Niimi,,,http://ufcstats.com/fighter-details/52a003d768f10d91,157.48,,56.7
Tom Niinimaki,Orthodox,1982-07-25,http://ufcstats.com/fighter-details/5fceb45939fc0c8a,175.26,175.26,65.772
Ramsey Nijem,Orthodox,1988-04-01,http://ufcstats.com/fighter-details/22aa91e402d0fe1f,180.34,190.5,70.308
Hans Nijman,Switch,1959-10-23,http://ufcstats.com/fighter-details/4956f60b7fa57c1a,182.88,,113.4
Fedor Nikolov,,,http://ufcstats.com/fighter-details/346f789951e85f3f,,,
Jack Nilson,,,http://ufcstats.com/fighter-details/53e533db1b8e9712,,,
Mats Nilsson,Orthodox,1983-12-05,http://ufcstats.com/fighter-details/a9bcf8717dd12532,185.42000000000002,,77.112
Guangyou Ning,Southpaw,1981-12-15,http://ufcstats.com/fighter-details/2c1170b825f58e57,162.56,162.56,65.772
Soichi Nishida,Orthodox,,http://ufcstats.com/fighter-details/6810d8d2dd557cf9,180.34,,145.152
Yosuke Nishijima,Orthodox,1973-05-15,http://ufcstats.com/fighter-details/5cde96e0a1a1fffe,175.26,,92.988
Yamato Nishikawa,Orthodox,2002-12-06,http://ufcstats.com/fighter-details/7beecbe0a08cf002,170.18,,70.308
Akiyo Nishiura,Southpaw,1983-08-08,http://ufcstats.com/fighter-details/6c9383ffab2725a5,172.72,,63.0504
Anthony Njokuani,Orthodox,1980-03-01,http://ufcstats.com/fighter-details/6bf5a7d3e081ade2,185.42000000000002,190.5,70.308
Chidi Njokuani,Orthodox,1988-12-31,http://ufcstats.com/fighter-details/c68c68efaa5ca6ef,190.5,203.2,77.112
Derrick Noble,Southpaw,1978-08-14,http://ufcstats.com/fighter-details/21321cdfba797c52,175.26,,77.112
Kyle Noblitt,,1989-12-26,http://ufcstats.com/fighter-details/4acf03bdec2025d7,187.96,,110.2248
Pedro Nobre,,1986-02-13,http://ufcstats.com/fighter-details/e983c62faf677ab2,165.1,,61.236
Jacob Noe,,,http://ufcstats.com/fighter-details/9bff1b4c37ebbede,,,92.988
Antonio Rodrigo Nogueira,Orthodox,1976-06-02,http://ufcstats.com/fighter-details/ee9d73f4fee9cbdd,190.5,195.58,108.864
Rogerio Nogueira,Southpaw,1976-06-02,http://ufcstats.com/fighter-details/73e09f837f3b5ecc,187.96,190.5,92.988
Alexandre Franca Nogueira,Orthodox,1978-01-15,http://ufcstats.com/fighter-details/4c27ca8c8481f79a,170.18,,65.772
Talita Nogueira,,1985-10-13,http://ufcstats.com/fighter-details/a3d1d060f9af97fe,177.8,,65.772
Kyle Noke,Southpaw,1980-03-18,http://ufcstats.com/fighter-details/7339d340aa2889cb,185.42000000000002,193.04,77.112
Tom Nolan,Southpaw,2000-03-08,http://ufcstats.com/fighter-details/6c3b2525436cf5d4,190.5,185.42000000000002,70.308
Eric Nolan,Orthodox,1997-09-13,http://ufcstats.com/fighter-details/64b12fe31be7560c,187.96,187.96,83.916
Nick Nolte,,,http://ufcstats.com/fighter-details/d665de9b4da87c22,182.88,,77.112
KJ Noons,Orthodox,1982-12-07,http://ufcstats.com/fighter-details/b7ffa72aa148599a,177.8,177.8,70.308
Sage Northcutt,Orthodox,1996-03-01,http://ufcstats.com/fighter-details/ed9d8ee3a4239b1c,182.88,180.34,77.112
Jan Nortje,Southpaw,1975-04-11,http://ufcstats.com/fighter-details/bd4389b71fdc0ce2,185.42000000000002,,140.616
Scott Norton,Orthodox,1973-03-15,http://ufcstats.com/fighter-details/f21a3d68fb9df387,177.8,,77.112
Shohei Nose,Switch,1997-10-19,http://ufcstats.com/fighter-details/6b0e83b094f816ac,167.64000000000001,172.72,61.236
Jonatas Novaes,,1981-03-02,http://ufcstats.com/fighter-details/9e8e5c529057fe60,180.34,,77.112
Jason Novelli,Orthodox,1979-06-08,http://ufcstats.com/fighter-details/459e4dc69ec669b2,182.88,,70.308
Phillipe Nover,Orthodox,1984-02-03,http://ufcstats.com/fighter-details/64360e618823a8e4,175.26,182.88,65.772
Shayilan Nuerdanbieke,Orthodox,1994-05-04,http://ufcstats.com/fighter-details/0a73acff6325c1e2,172.72,175.26,65.772
Azamat Nuftillaev,,1994-01-01,http://ufcstats.com/fighter-details/b37321c0bb9e8570,,,120.20400000000001
Diego Nunes,Orthodox,1982-11-30,http://ufcstats.com/fighter-details/3a24769a4855040a,167.64000000000001,170.18,65.772
Amanda Nunes,Orthodox,1988-05-30,http://ufcstats.com/fighter-details/80fa8218c99f9c58,172.72,175.26,61.236
Nina Nunes,Orthodox,1985-12-03,http://ufcstats.com/fighter-details/d343df8ba11f4c4e,165.1,162.56,56.7
Istela Nunes,Orthodox,1992-07-23,http://ufcstats.com/fighter-details/efc67b07eed39794,162.56,167.64000000000001,52.164
Josiane Nunes,Southpaw,1993-12-23,http://ufcstats.com/fighter-details/68d35296f566792b,157.48,170.18,61.236
Diyar Nurgozhay,Southpaw,1997-04-22,http://ufcstats.com/fighter-details/709fadb644ee3f51,187.96,187.96,92.988
Khabib Nurmagomedov,Orthodox,1988-09-20,http://ufcstats.com/fighter-details/032cc3922d871c7f,177.8,177.8,70.308
Said Nurmagomedov,Orthodox,1992-04-05,http://ufcstats.com/fighter-details/0fd5f4b838e890cc,172.72,177.8,61.236
Abubakar Nurmagomedov,Orthodox,1989-11-13,http://ufcstats.com/fighter-details/029e1293e609fd74,180.34,182.88,77.112
Umar Nurmagomedov,Orthodox,1996-01-03,http://ufcstats.com/fighter-details/2b6fc1c02736833d,172.72,175.26,61.236
Adilet Nurmatov,,1997-08-02,http://ufcstats.com/fighter-details/689502703bbfe5f2,,,70.308
Kennedy Nzechukwu,Southpaw,1992-06-13,http://ufcstats.com/fighter-details/8667caa0451d245b,195.58,210.82,107.0496
Jake O'Brien,Orthodox,1984-09-25,http://ufcstats.com/fighter-details/20bcc9966affb19c,190.5,193.04,92.988
TJ O'Brien,Orthodox,1987-01-01,http://ufcstats.com/fighter-details/d25b93992f285953,187.96,,70.308
Sean O'Connell,Orthodox,1983-09-02,http://ufcstats.com/fighter-details/cb52f9490c2dc069,185.42000000000002,187.96,92.988
Dan O'Connor,,1982-11-17,http://ufcstats.com/fighter-details/69ea0119f6f0dfe0,162.56,,52.164
Sean O'Haire,Orthodox,1971-02-25,http://ufcstats.com/fighter-details/46effbd1135423c5,195.58,,122.472
Sean O'Malley,Switch,1994-10-24,http://ufcstats.com/fighter-details/b50a426a33da0012,180.34,182.88,61.236
Jeremiah O'Neal,,1977-10-25,http://ufcstats.com/fighter-details/338fda4ec7034c5d,172.72,,117.936
Chuck O'Neil,,1985-09-22,http://ufcstats.com/fighter-details/56bc9ccb609df534,187.96,,77.112
Casey O'Neill,Orthodox,1997-10-07,http://ufcstats.com/fighter-details/04835018f90b118c,167.64000000000001,175.26,56.7
Brendan O'Reilly,Orthodox,1987-06-24,http://ufcstats.com/fighter-details/494b0bfdbac74502,170.18,175.26,77.112
Takahiro Oba,Southpaw,,http://ufcstats.com/fighter-details/7139cd2ae4bf6a29,172.72,,90.72
Nobuhiro Obiya,Orthodox,1981-01-15,http://ufcstats.com/fighter-details/6e3282d57d2467a0,172.72,,65.772
Jose Ochoa,Southpaw,2000-12-31,http://ufcstats.com/fighter-details/88be62d6c1e6dadb,170.18,170.18,56.7
Christian Ocon,Orthodox,1996-02-05,http://ufcstats.com/fighter-details/2d6d6ffe5a446ea2,172.72,175.26,61.236
Richard Odoms,Orthodox,1975-05-08,http://ufcstats.com/fighter-details/f43907e75f8d9baa,195.58,,120.20400000000001
Volkan Oezdemir,Orthodox,1989-09-19,http://ufcstats.com/fighter-details/0845c81e37d3bcb3,187.96,190.5,92.988
Kaan Ofli,Orthodox,1993-06-19,http://ufcstats.com/fighter-details/7facc9c45d792985,170.18,167.64000000000001,65.772
Naoya Ogawa,Orthodox,1968-03-31,http://ufcstats.com/fighter-details/4b2390cfaceb91d8,193.04,,115.668
Trey Ogden,Orthodox,1989-11-14,http://ufcstats.com/fighter-details/cfc3e7bb44685289,180.34,182.88,70.308
Andy Ogle,Orthodox,1989-02-16,http://ufcstats.com/fighter-details/b6c4451cb13c9303,172.72,175.26,65.772
Ho Taek Oh,,1993-07-20,http://ufcstats.com/fighter-details/5c020ee6ab450870,,,70.308
Michiyoshi Ohara,Orthodox,,http://ufcstats.com/fighter-details/6a8a06b542e1516d,177.8,,92.988
Koji Oishi,Orthodox,1977-05-31,http://ufcstats.com/fighter-details/01daf32100ed7517,172.72,,77.112
Takayuki Okada,Orthodox,,http://ufcstats.com/fighter-details/32541eb5d12668b4,185.42000000000002,,131.544
Yushin Okami,Southpaw,1981-07-21,http://ufcstats.com/fighter-details/acff437707625fc7,187.96,190.5,77.112
JJ Okanovich,Orthodox,1990-11-04,http://ufcstats.com/fighter-details/aa40fe6038db56cb,180.34,193.04,70.308
Bolaji Oki,Orthodox,1995-11-15,http://ufcstats.com/fighter-details/4bdedbdeedff7d1d,177.8,185.42000000000002,70.308
Kazuki Okubo,Orthodox,,http://ufcstats.com/fighter-details/33454ad90754cb49,180.34,,79.38
Masakatsu Okuda,,,http://ufcstats.com/fighter-details/02a65a55f25fb4f3,,,
Aleksei Oleinik,Orthodox,1977-06-20,http://ufcstats.com/fighter-details/98c23cb6da5b3352,187.96,203.2,108.864
Michal Oleksiejczuk,Southpaw,1995-02-22,http://ufcstats.com/fighter-details/0d65c432720accb9,182.88,187.96,83.916
Cezary Oleksiejczuk,Southpaw,2000-01-06,http://ufcstats.com/fighter-details/084532da3d25f3b8,190.5,190.5,83.916
Rafaello Oliveira,Orthodox,1982-01-26,http://ufcstats.com/fighter-details/15b1b21cd743d652,172.72,180.34,70.308
Charles Oliveira,Orthodox,1989-10-17,http://ufcstats.com/fighter-details/07225ba28ae309b6,177.8,187.96,70.308
Jorge Oliveira,,,http://ufcstats.com/fighter-details/bec2746f033802c3,185.42000000000002,,92.988
Ednaldo Oliveira,Orthodox,1984-02-19,http://ufcstats.com/fighter-details/acd9513399a8b09b,195.58,,92.988
Alex Oliveira,Orthodox,1988-02-21,http://ufcstats.com/fighter-details/57b10fca4f9c9a7a,180.34,193.04,77.112
Maria Oliveira,Orthodox,1996-12-12,http://ufcstats.com/fighter-details/37d752ec41ed84bb,167.64000000000001,175.26,52.164
Bruno Oliveira,Orthodox,1984-05-02,http://ufcstats.com/fighter-details/1e85912c9bab7e2b,193.04,203.2,92.988
Saimon Oliveira,Orthodox,1991-04-21,http://ufcstats.com/fighter-details/72ea1984c52019b5,162.56,182.88,61.236
Vinicius Oliveira,Switch,1995-11-30,http://ufcstats.com/fighter-details/18d01f7f8338ae72,175.26,177.8,61.236
Ravena Oliveira,Orthodox,1997-02-20,http://ufcstats.com/fighter-details/4948e412fa6ab67d,165.1,165.1,52.164
Michael Oliveira,,1998-01-21,http://ufcstats.com/fighter-details/037cfd34a27d59e9,,,77.112
Wendell Oliveira Marques,Orthodox,1983-06-01,http://ufcstats.com/fighter-details/32c03df3c9760069,177.8,,77.112
Felipe Olivieri,Orthodox,1985-04-12,http://ufcstats.com/fighter-details/948880beac71f028,175.26,,70.308
Andy Ologun,Orthodox,1983-06-12,http://ufcstats.com/fighter-details/e96d8538d3f9d0ed,182.88,,69.8544
Shana Olsen,,1980-12-17,http://ufcstats.com/fighter-details/dfbb95ca0c143988,170.18,,65.772
Casey Olson,Orthodox,,http://ufcstats.com/fighter-details/7613773461b276f4,170.18,,65.772
Dennis Olson,,,http://ufcstats.com/fighter-details/8e0709784259402d,182.88,,77.112
Cameron Olson,Orthodox,1989-11-22,http://ufcstats.com/fighter-details/5a9104718439ef44,185.42000000000002,190.5,92.988
Gadzhi Omargadzhiev,Switch,1993-02-24,http://ufcstats.com/fighter-details/684d3aee255a3d09,185.42000000000002,180.34,77.112
Alan Omer,Orthodox,1988-09-14,http://ufcstats.com/fighter-details/f2ad06f1007c481a,177.8,,65.772
Daniel Omielanczuk,Southpaw,1982-08-31,http://ufcstats.com/fighter-details/470fedbc8563ac47,182.88,187.96,112.0392
Michihiro Omigawa,Orthodox,1975-12-19,http://ufcstats.com/fighter-details/9f842be1a5337be6,167.64000000000001,172.72,65.772
David Onama,Orthodox,1994-06-07,http://ufcstats.com/fighter-details/ffe9703408fb5964,180.34,187.96,65.772
Charlie Ontiveros,Switch,1991-07-04,http://ufcstats.com/fighter-details/318572f6f74b760d,187.96,187.96,70.308
Chibwikem Onyenegecha,Orthodox,1994-04-18,http://ufcstats.com/fighter-details/887e09328cd63df1,190.5,,83.916
Myktybek Orolbai,Orthodox,1998-02-10,http://ufcstats.com/fighter-details/bf2c8e01b07d3eb1,177.8,187.96,70.308
Sam Oropeza,,,http://ufcstats.com/fighter-details/6b8db407d49c6e4b,187.96,,77.112
Brian Ortega,Switch,1991-02-21,http://ufcstats.com/fighter-details/def8166ff24bd237,172.72,175.26,65.772
Tito Ortiz,Orthodox,1975-01-23,http://ufcstats.com/fighter-details/2f732dd9210d301f,190.5,187.96,92.988
Jorge Ortiz,Orthodox,,http://ufcstats.com/fighter-details/9c5828c6fd9dc948,182.88,,83.916
Dustin Ortiz,Orthodox,1988-12-25,http://ufcstats.com/fighter-details/f53c1f4ceeed8c08,165.1,165.1,56.7
Kenji Osawa,Orthodox,1976-11-04,http://ufcstats.com/fighter-details/8eb239a52fc4ec14,170.18,167.64000000000001,61.236
Ode Osbourne,Southpaw,1992-01-09,http://ufcstats.com/fighter-details/6d68c1afe954f121,170.18,185.42000000000002,56.7
Kurt Osiander,,,http://ufcstats.com/fighter-details/f84dfc5a8d178403,,,83.916
Nick Osipczak,Orthodox,1984-12-30,http://ufcstats.com/fighter-details/5b407acfe0ef9b76,187.96,193.04,77.112
Nissen Osterneck,Orthodox,1981-05-01,http://ufcstats.com/fighter-details/d632d156c0549e07,187.96,,83.916
Rachael Ostovich,Orthodox,1991-02-25,http://ufcstats.com/fighter-details/01784fbc27c68b14,160.02,157.48,56.7
Pedro Otavio,Orthodox,,http://ufcstats.com/fighter-details/4512e46543b960ad,190.5,,111.132
Alexander Otsuka,Orthodox,1971-07-17,http://ufcstats.com/fighter-details/865aa315ea62c511,185.42000000000002,,92.988
Takafumi Otsuka,Orthodox,,http://ufcstats.com/fighter-details/6b8f28da9a483049,167.64000000000001,,63.0504
Quemuel Ottoni,Orthodox,1992-10-22,http://ufcstats.com/fighter-details/7ce21433c2a53168,182.88,182.88,70.308
Zak Ottow,Orthodox,1986-12-22,http://ufcstats.com/fighter-details/47cd337b86b1af92,180.34,182.88,77.112
Artur Oumakhanov,Orthodox,1979-02-27,http://ufcstats.com/fighter-details/1ef0eae31904e534,170.18,,69.8544
Sidney Outlaw,Orthodox,1992-04-11,http://ufcstats.com/fighter-details/871ce0b4a01922b6,172.72,187.96,77.112
Alistair Overeem,Orthodox,1980-05-17,http://ufcstats.com/fighter-details/b4ad3a06ee4d660c,193.04,203.2,120.20400000000001
Valentijn Overeem,Orthodox,1976-08-17,http://ufcstats.com/fighter-details/20e403a1acfef130,190.5,,104.328
Craig Oxley,,1973-02-14,http://ufcstats.com/fighter-details/4bb9d7a32d02a03e,175.26,,70.308
Shungo Oyama,Southpaw,1974-04-11,http://ufcstats.com/fighter-details/47b7e4e60813b7b2,180.34,,83.916
Ren Ozaki,Orthodox,2001-12-15,http://ufcstats.com/fighter-details/8997ee20b6a43d76,170.18,172.72,61.236
Alptekin Ozkilic,Orthodox,1986-03-27,http://ufcstats.com/fighter-details/e18a19001a3f7c7d,165.1,165.1,56.7
Raquel Pa'aluhi,,,http://ufcstats.com/fighter-details/373be586f370d400,170.18,,61.236
Nick Pace,Orthodox,1987-04-17,http://ufcstats.com/fighter-details/8cb76103cd8a1562,170.18,172.72,61.236
Jimmie Pace,,1996-04-09,http://ufcstats.com/fighter-details/4652b685fa11e7fd,,,83.916
Larissa Pacheco,Orthodox,1994-09-07,http://ufcstats.com/fighter-details/16b89be2f5c16fba,170.18,,61.236
Angel Pacheco,Orthodox,1992-01-13,http://ufcstats.com/fighter-details/07797f10b9569cfc,172.72,177.8,61.236
Teemu Packalen,Orthodox,1987-05-22,http://ufcstats.com/fighter-details/8f4eeaf7a0df7c1a,185.42000000000002,190.5,70.308
George Pacurariu,,1984-07-28,http://ufcstats.com/fighter-details/c51da79b0346b5b7,170.18,,61.236
Cyrillo Padilha,,1978-01-23,http://ufcstats.com/fighter-details/856c4d2668a875f9,180.34,,70.308
Gary Padilla,,1980-05-04,http://ufcstats.com/fighter-details/01dd4cdc2446f665,180.34,,92.988
Fernando Padilla,Orthodox,1996-12-15,http://ufcstats.com/fighter-details/d2f43cfaf8ca3560,185.42000000000002,193.04,65.772
Chris Padilla,Orthodox,1995-09-14,http://ufcstats.com/fighter-details/06626b6287e1ae1e,175.26,187.96,70.308
Damacio Page,Orthodox,1982-09-30,http://ufcstats.com/fighter-details/c96e2ae6021144a1,167.64000000000001,167.64000000000001,61.236
Michael Page,Switch,1987-04-07,http://ufcstats.com/fighter-details/a67d071163962af8,190.5,200.66,83.916
Dustin Pague,Orthodox,1987-08-05,http://ufcstats.com/fighter-details/55f80a8aeffcdb33,175.26,187.96,61.236
Josh Paiva,,1991-04-05,http://ufcstats.com/fighter-details/1e12c1dbbb1e2dda,167.64000000000001,,56.7
Raulian Paiva,Orthodox,1995-10-17,http://ufcstats.com/fighter-details/82b4e942781b1046,172.72,175.26,61.236
Dinis Paiva Jr.,Southpaw,1988-05-26,http://ufcstats.com/fighter-details/ad3a5e465c76e499,175.26,180.34,65.772
Fredson Paixao,Orthodox,1979-05-13,http://ufcstats.com/fighter-details/320edfb0332b7073,167.64000000000001,167.64000000000001,65.772
Luis Pajuelo,Orthodox,1994-12-18,http://ufcstats.com/fighter-details/e530df53922f413e,177.8,175.26,65.772
Jose Palacios,Orthodox,,http://ufcstats.com/fighter-details/de20ffb3fc2e7629,175.26,,65.772
Ricky Palacios,Orthodox,1987-07-05,http://ufcstats.com/fighter-details/797ddccda75f169f,167.64000000000001,,65.772
Bart Palaszewski,Orthodox,1983-05-30,http://ufcstats.com/fighter-details/4304992c2acc187b,175.26,177.8,65.772
Sasha Palatnikov,Switch,1989-03-15,http://ufcstats.com/fighter-details/a6c20202c701e5ca,185.42000000000002,182.88,77.112
Soa Palelei,Orthodox,1977-07-12,http://ufcstats.com/fighter-details/60029bcf496bd707,193.04,205.74,120.20400000000001
Rousimar Palhares,Orthodox,1980-02-26,http://ufcstats.com/fighter-details/8ddf9c51c5fdea75,172.72,180.34,77.112
Tulio Palhares,,,http://ufcstats.com/fighter-details/e8c170a64dc920ac,,,81.648
Stephen Palling,,1967-01-29,http://ufcstats.com/fighter-details/ab7c212de9f66af0,162.56,,64.8648
Eduardo Pamplona,,1973-02-20,http://ufcstats.com/fighter-details/f31c0905045fa100,180.34,,77.112
Ruel Panales,Southpaw,1996-12-07,http://ufcstats.com/fighter-details/2742f028399bf8c7,165.1,170.18,56.7
Yuri Panferov,Orthodox,1996-08-30,http://ufcstats.com/fighter-details/36d811b015635b67,185.42000000000002,182.88,83.916
Alexandre Pantoja,Orthodox,1990-04-16,http://ufcstats.com/fighter-details/a0f0004aadf10b71,165.1,170.18,56.7
Jared Papazian,Southpaw,1988-02-01,http://ufcstats.com/fighter-details/edad57b3dddf2168,172.72,170.18,61.236
Kathryn Paprocki,Orthodox,1993-04-28,http://ufcstats.com/fighter-details/bd381cde8426077a,160.02,160.02,52.164
Joe Pardo,Southpaw,,http://ufcstats.com/fighter-details/74fefd43f073cd2f,185.42000000000002,,95.256
Bryan Pardoe,Orthodox,,http://ufcstats.com/fighter-details/56116537d71a578c,185.42000000000002,,92.988
Remco Pardoel,Southpaw,,http://ufcstats.com/fighter-details/749685d24e2cac50,190.5,,117.936
Ido Pariente,Orthodox,,http://ufcstats.com/fighter-details/7573d25a078b5732,172.72,,70.308
Josh Parisian,Orthodox,1989-06-28,http://ufcstats.com/fighter-details/b5da8f7d05e85a55,193.04,200.66,120.20400000000001
Karo Parisyan,Orthodox,1982-08-28,http://ufcstats.com/fighter-details/349aaa3da11eb587,177.8,182.88,77.112
Won Sik Park,Orthodox,,http://ufcstats.com/fighter-details/9df394db5ca103eb,180.34,,69.8544
JunYong Park,Orthodox,1991-02-27,http://ufcstats.com/fighter-details/285ae0b4a68221f4,177.8,185.42000000000002,83.916
Harvey Park,Orthodox,1986-03-22,http://ufcstats.com/fighter-details/b709b534b6873744,182.88,177.8,70.308
HyunSung Park,Orthodox,1995-11-04,http://ufcstats.com/fighter-details/b671bdf981ad527d,170.18,167.64000000000001,56.7
JaeHyun Park,Orthodox,2001-12-10,http://ufcstats.com/fighter-details/fe1595732dfb08fc,172.72,185.42000000000002,70.308
EoJin Park,Orthodox,2001-12-26,http://ufcstats.com/fighter-details/f79e7f138bf50cc0,182.88,180.34,65.772
Norman Parke,Southpaw,1986-12-22,http://ufcstats.com/fighter-details/14ff46596ad80609,180.34,177.8,70.308
Ryan Parker,Southpaw,,http://ufcstats.com/fighter-details/6a0b80a24f22e152,190.5,,106.596
Larry Parker,Orthodox,,http://ufcstats.com/fighter-details/c0231720fe516994,180.34,,92.988
Tyra Parker,Orthodox,,http://ufcstats.com/fighter-details/64be3dc99eaa42b6,165.1,,52.164
Mick Parkin,Orthodox,1995-10-02,http://ufcstats.com/fighter-details/0d5cc0170c1a7e71,193.04,200.66,120.20400000000001
Willie Parks,,1983-11-04,http://ufcstats.com/fighter-details/86ad0ae839331bd7,177.8,,83.916
Jordan Parsons,,1990-08-26,http://ufcstats.com/fighter-details/8b2a18d3c6735083,175.26,,65.772
Preston Parsons,Orthodox,1995-07-15,http://ufcstats.com/fighter-details/9fe7af8b3fbe00a0,180.34,180.34,77.112
Jonny Parsons,Orthodox,1991-09-06,http://ufcstats.com/fighter-details/2975297f505e9447,175.26,175.26,77.112
Onassis Parungao,,,http://ufcstats.com/fighter-details/96d173b7f92aa520,180.34,,90.72
Ramona Pascual,Southpaw,1988-09-23,http://ufcstats.com/fighter-details/3eb4dc9a7d4ac906,170.18,167.64000000000001,61.236
Quentin Pasley,,,http://ufcstats.com/fighter-details/15b1f83a90302adf,,,92.988
Billy Pasulatan,Switch,1991-08-07,http://ufcstats.com/fighter-details/e5a59983f4603621,165.1,167.64000000000001,56.7
Guilherme Pat,,,http://ufcstats.com/fighter-details/ba15006c804a8de0,,,120.20400000000001
Jhonoven Pati,Switch,1990-08-29,http://ufcstats.com/fighter-details/6b16024d44eb03a2,185.42000000000002,190.5,83.916
Windri Patilima,Southpaw,1993-07-19,http://ufcstats.com/fighter-details/66d42e9503fa108e,167.64000000000001,180.34,70.308
Jorge Patino,Orthodox,1973-08-05,http://ufcstats.com/fighter-details/c8cca8f3de5be4b4,172.72,,77.112
Russell Patrick,,,http://ufcstats.com/fighter-details/eafedba0617ced81,175.26,,65.772
Claude Patrick,Orthodox,1980-06-14,http://ufcstats.com/fighter-details/56116a79e4deed06,180.34,190.5,77.112
Alan Patrick,Southpaw,1983-07-19,http://ufcstats.com/fighter-details/cd7763bcadb5d4c8,180.34,187.96,70.308
Michael Patt,Orthodox,,http://ufcstats.com/fighter-details/83d0de122f2f9664,182.88,,92.988
Justin Patterson,,1985-12-07,http://ufcstats.com/fighter-details/2dc7c49cfaeb867c,177.8,,77.112
Sam Patterson,Orthodox,1996-04-30,http://ufcstats.com/fighter-details/8b6e5dc2ba1edbe7,190.5,198.12,77.112
Zac Pauga,Orthodox,1988-02-25,http://ufcstats.com/fighter-details/56f7d7ee06be4aab,187.96,193.04,92.988
Julio Paulino,Orthodox,1975-12-04,http://ufcstats.com/fighter-details/60c72f7459827881,182.88,,77.112
Thomas Paull,Orthodox,1994-10-15,http://ufcstats.com/fighter-details/dda67d7d3df6b406,170.18,170.18,70.308
Sergei Pavlovich,Southpaw,1992-05-13,http://ufcstats.com/fighter-details/f14cf73e51b29254,190.5,213.36,116.5752
Pawel Pawlak,Orthodox,1989-02-08,http://ufcstats.com/fighter-details/9310418684bc896f,182.88,185.42000000000002,77.112
Estevan Payan,Orthodox,1982-03-14,http://ufcstats.com/fighter-details/d0a5ef38a7778ac2,177.8,,65.772
Sarah Payant,,,http://ufcstats.com/fighter-details/748d4e35f846a029,162.56,,52.164
Roland Payne,Orthodox,,http://ufcstats.com/fighter-details/2e04a3b4a2011b97,175.26,,92.988
Jonathan Pearce,Switch,1992-05-01,http://ufcstats.com/fighter-details/87c0b1c696ddfb43,182.88,180.34,65.772
Joe Pearson,Orthodox,1978-03-28,http://ufcstats.com/fighter-details/122806b56775a53a,177.8,,65.772
Ross Pearson,Orthodox,1984-09-26,http://ufcstats.com/fighter-details/4f732e58ed907eff,172.72,175.26,70.308
Andre Pederneiras,Orthodox,1967-03-22,http://ufcstats.com/fighter-details/bba678d312590087,172.72,,70.308
Carlo Pedersoli Jr.,Southpaw,1993-06-08,http://ufcstats.com/fighter-details/198994b47f395af0,180.34,190.5,77.112
Matt Pedro,,,http://ufcstats.com/fighter-details/f354c50b8d63d9b3,,,
Tyson Pedro,Orthodox,1991-09-17,http://ufcstats.com/fighter-details/49e96ff8ab781589,190.5,200.66,92.988
Trevor Peek,Switch,1995-01-09,http://ufcstats.com/fighter-details/0bc697c5936a2d0a,175.26,177.8,65.772
Willie Peeters,Orthodox,1965-10-26,http://ufcstats.com/fighter-details/e7bfdb5e0112891e,175.26,,99.792
Filip Pejic,Orthodox,1992-07-21,http://ufcstats.com/fighter-details/38ed5a2299230227,172.72,,61.236
Kurt Pellegrino,Orthodox,1979-05-07,http://ufcstats.com/fighter-details/aa1952ec0b3dd8e1,172.72,177.8,70.308
Yan Pellerin,Orthodox,,http://ufcstats.com/fighter-details/bfe95ec546692b13,180.34,,92.988
Julianna Pena,Orthodox,1989-08-19,http://ufcstats.com/fighter-details/3253b16d38ae087d,167.64000000000001,175.26,61.236
Luis Pena,Southpaw,1993-07-05,http://ufcstats.com/fighter-details/2844b047183a1adb,190.5,190.5,70.308
Felipe Pena,,1991-10-19,http://ufcstats.com/fighter-details/566ff9546fc29acd,,,
Matej Penaz,Southpaw,1996-10-14,http://ufcstats.com/fighter-details/abd64006fd37298d,190.5,210.82,83.916
Sherman Pendergarst,Orthodox,1967-08-01,http://ufcstats.com/fighter-details/e670f8cc2969a789,185.42000000000002,,106.596
Drew Pendleton,,1983-12-08,http://ufcstats.com/fighter-details/34b634cb2471bdde,,,65.772
Cathal Pendred,Orthodox,1987-09-02,http://ufcstats.com/fighter-details/99c7610aa74995d3,185.42000000000002,190.5,77.112
BJ Penn,Orthodox,1978-12-13,http://ufcstats.com/fighter-details/73c7cfa551289285,175.26,177.8,70.308
Jessica Penne,Orthodox,1983-01-30,http://ufcstats.com/fighter-details/c742287ed86a09bc,165.1,170.18,52.164
Nick Penner,Southpaw,1980-03-26,http://ufcstats.com/fighter-details/879b8df81523d91b,193.04,,92.988
Justin Pennington,,,http://ufcstats.com/fighter-details/0699c4b2a7c3c76f,162.56,,
Raquel Pennington,Orthodox,1988-09-05,http://ufcstats.com/fighter-details/fc169c387b4b465d,170.18,170.18,61.236
Tecia Pennington,Orthodox,1989-08-16,http://ufcstats.com/fighter-details/31ef8b67e13495b3,154.94,152.4,52.164
Jerron Peoples,,1982-05-04,http://ufcstats.com/fighter-details/a2ac473d74eb157c,182.88,,77.112
Godofredo Pepey,Orthodox,1987-07-02,http://ufcstats.com/fighter-details/fa37628269132d1a,170.18,185.42000000000002,65.772
Ray Perales,Orthodox,,http://ufcstats.com/fighter-details/9a70f67ad2187fa3,177.8,,77.112
Robert Peralta,Orthodox,1986-03-14,http://ufcstats.com/fighter-details/960d6cae8879ba2b,172.72,180.34,65.772
Viviane Pereira,Orthodox,1993-08-28,http://ufcstats.com/fighter-details/d50382dc0565a9e1,154.94,160.02,52.164
Michel Pereira,Orthodox,1993-10-06,http://ufcstats.com/fighter-details/595db60957de51d3,185.42000000000002,185.42000000000002,83.916
Alex Pereira,Orthodox,1987-07-07,http://ufcstats.com/fighter-details/e5549c82bfb5582d,193.04,200.66,92.988
Daniel Pereira,,1990-12-13,http://ufcstats.com/fighter-details/44f46b0592ca0814,177.8,,83.916
Luciano Pereira,Orthodox,2001-01-09,http://ufcstats.com/fighter-details/d7ee49bf3c779fa6,,,56.7
Alice Pereira,Orthodox,2005-12-20,http://ufcstats.com/fighter-details/81d2c551886bd5a1,172.72,180.34,61.236
Rolando Perez,Orthodox,,http://ufcstats.com/fighter-details/4a9e305633f3ef47,172.72,,61.236
Philip Perez,Southpaw,,http://ufcstats.com/fighter-details/eee8efec7b951d84,165.1,,70.308
Erik Perez,Orthodox,1989-11-19,http://ufcstats.com/fighter-details/af62f99eb7606308,172.72,172.72,61.236
Alejandro Perez,Orthodox,1989-09-02,http://ufcstats.com/fighter-details/80daefbed11ce998,167.64000000000001,170.18,61.236
Frankie Perez,Orthodox,1989-05-11,http://ufcstats.com/fighter-details/96c336b463e0662c,180.34,185.42000000000002,70.308
Jose Perez,,,http://ufcstats.com/fighter-details/89578ae236ee04e9,,,
Alex Perez,Orthodox,1992-03-21,http://ufcstats.com/fighter-details/ab2b4ff41d6ebe0f,167.64000000000001,165.1,56.7
Markus Perez,Orthodox,1988-06-22,http://ufcstats.com/fighter-details/2ac4628c08ec5125,185.42000000000002,185.42000000000002,83.916
Ailin Perez,Switch,1994-10-05,http://ufcstats.com/fighter-details/06e4245d16fc5315,165.1,167.64000000000001,61.236
Cristian Perez,Orthodox,1999-08-17,http://ufcstats.com/fighter-details/d84033157714ee94,175.26,182.88,70.308
Rafael Pergentino,Orthodox,2002-01-08,http://ufcstats.com/fighter-details/8d3b4a630b1bf1e6,,,92.988
Brando Pericic,Orthodox,1994-08-03,http://ufcstats.com/fighter-details/d0fd0d9ee560dae7,195.58,200.66,111.132
Anthony Perosh,Orthodox,1972-10-05,http://ufcstats.com/fighter-details/4b4753d19489297f,190.5,190.5,92.988
Thiago Perpetuo,Orthodox,1987-12-14,http://ufcstats.com/fighter-details/c1a5d3843596df92,177.8,,77.112
Hernani Perpetuo,Orthodox,1985-05-24,http://ufcstats.com/fighter-details/575360be653ad6a6,182.88,,77.112
Jay Perrin,Switch,1993-06-15,http://ufcstats.com/fighter-details/01fed6f61ebea01f,170.18,170.18,61.236
Mike Perry,Orthodox,1991-09-15,http://ufcstats.com/fighter-details/f2b6fdb20675b11c,177.8,180.34,77.112
Raphael Pessoa,Orthodox,1989-03-09,http://ufcstats.com/fighter-details/41f90012b86a11bf,190.5,198.12,118.8432
Viktor Pesta,Orthodox,1990-07-15,http://ufcstats.com/fighter-details/202b0467521c9d6f,190.5,195.58,108.864
Leiticia Pestova,Orthodox,1984-01-15,http://ufcstats.com/fighter-details/f3743d8ef5dde970,167.64000000000001,,61.236
Tony Petarra,Orthodox,,http://ufcstats.com/fighter-details/c61f66d8c3fd5f07,180.34,,88.9056
Tommy Petersen,,,http://ufcstats.com/fighter-details/7aabd61419f747d1,,,70.308
Thomas Petersen,Southpaw,1995-03-30,http://ufcstats.com/fighter-details/764d39074a352e33,185.42000000000002,187.96,119.7504
Cory Peterson,Orthodox,,http://ufcstats.com/fighter-details/5df10509264586e5,210.82,,181.44
Steven Peterson,Orthodox,1990-05-29,http://ufcstats.com/fighter-details/b93c06d09d1c4ac0,177.8,177.8,65.772
Vitor Petrino,Orthodox,1997-08-28,http://ufcstats.com/fighter-details/71171fc96445bf65,187.96,195.58,120.20400000000001
Andre Petroski,Switch,1991-06-12,http://ufcstats.com/fighter-details/5f61780fe5e9b6d0,182.88,185.42000000000002,83.916
Armen Petrosyan,Orthodox,1990-11-03,http://ufcstats.com/fighter-details/369ea36e450ae62a,190.5,180.34,83.916
Ivana Petrovic,Southpaw,1994-06-11,http://ufcstats.com/fighter-details/38c5817ade8a8014,172.72,177.8,56.7
Seth Petruzelli,Orthodox,1979-12-03,http://ufcstats.com/fighter-details/93b9496275bbbf80,182.88,193.04,92.988
Peter Petties,Southpaw,1990-12-20,http://ufcstats.com/fighter-details/7ea5d60d2e6a8ad0,180.34,182.88,65.772
Anthony Pettis,Orthodox,1987-01-27,http://ufcstats.com/fighter-details/cbb682f5fcc44bfc,177.8,182.88,70.308
Sergio Pettis,Orthodox,1993-08-18,http://ufcstats.com/fighter-details/de75d1c45a39e221,167.64000000000001,175.26,56.7
Forrest Petz,Orthodox,1975-09-22,http://ufcstats.com/fighter-details/e86bc32f5997a8f7,175.26,180.34,77.112
Dino Pezao,Orthodox,,http://ufcstats.com/fighter-details/81b57acd6975ac06,,,92.988
Cody Pfister,Orthodox,1990-07-12,http://ufcstats.com/fighter-details/5904b0b38dc6718d,177.8,185.42000000000002,70.308
Nam Phan,Orthodox,1983-03-13,http://ufcstats.com/fighter-details/80dbeb1dd5b53e64,167.64000000000001,177.8,61.236
Constantinos Philippou,Orthodox,1979-11-29,http://ufcstats.com/fighter-details/05560764359161e4,180.34,185.42000000000002,83.916
Wayne Phillips,,1983-06-17,http://ufcstats.com/fighter-details/09a82bd51ff61376,,,83.916
Dave Phillips,Orthodox,1980-01-12,http://ufcstats.com/fighter-details/99020eeb8cd5689d,182.88,,83.916
Aaron Phillips,Southpaw,1989-08-05,http://ufcstats.com/fighter-details/34c2b3656f88f7ef,175.26,180.34,61.236
Elizabeth Phillips,Orthodox,1986-08-20,http://ufcstats.com/fighter-details/dcbf01d605681ad1,167.64000000000001,165.1,61.236
John Phillips,Southpaw,1985-06-09,http://ufcstats.com/fighter-details/e9ac7bfb65c25497,180.34,190.5,83.916
Kyler Phillips,Orthodox,1995-06-12,http://ufcstats.com/fighter-details/60425d07ef4b91a7,172.72,182.88,61.236
Mario Piazzon,Orthodox,1998-04-06,http://ufcstats.com/fighter-details/44f234a36324e6c8,175.26,185.42000000000002,120.20400000000001
Nick Pica,,,http://ufcstats.com/fighter-details/7922e8269adcc25a,177.8,,83.916
Nick Piccininni,Orthodox,1996-12-16,http://ufcstats.com/fighter-details/a5cb1c29461853ca,167.64000000000001,167.64000000000001,56.7
Adam Piccolotti,,1988-10-23,http://ufcstats.com/fighter-details/fa399f7f6e17f7f5,180.34,,70.308
Vinc Pichel,Orthodox,1982-11-23,http://ufcstats.com/fighter-details/c77a953488e5607d,177.8,182.88,70.308
Brad Pickett,Orthodox,1978-09-24,http://ufcstats.com/fighter-details/c945adc22c2bfe8f,167.64000000000001,172.72,61.236
Jamie Pickett,Orthodox,1988-08-29,http://ufcstats.com/fighter-details/830f60497fab345a,187.96,203.2,83.916
Aaron Pico,Orthodox,1996-09-23,http://ufcstats.com/fighter-details/5537efc6e496dd84,172.72,177.8,65.772
Fabiola Pidroni,,1994-01-04,http://ufcstats.com/fighter-details/9561eb5f0d63ffcc,,,52.164
Oskar Piechota,Southpaw,1990-01-24,http://ufcstats.com/fighter-details/1cf7ccf64a5bf24e,182.88,193.04,83.916
Nick Piedmont,,,http://ufcstats.com/fighter-details/df7d386a54e07446,177.8,,65.772
Mike Pierce,Orthodox,1980-09-01,http://ufcstats.com/fighter-details/236a37d96d476164,172.72,180.34,77.112
Joao Pierini,Switch,1971-12-11,http://ufcstats.com/fighter-details/9a967e8e43dcef63,185.42000000000002,,70.308
Jonathan Piersma,Orthodox,1996-03-03,http://ufcstats.com/fighter-details/1c7308d2957a12d2,180.34,185.42000000000002,77.112
Sean Pierson,Southpaw,1976-03-10,http://ufcstats.com/fighter-details/0d506315895efffc,182.88,193.04,77.112
Domingo Pilarte,Southpaw,1990-01-05,http://ufcstats.com/fighter-details/4bf6b225ff6099c4,182.88,185.42000000000002,61.236
Paddy Pimblett,Orthodox,1995-01-03,http://ufcstats.com/fighter-details/7826923b47f8d72a,177.8,185.42000000000002,70.308
Damian Pinas,Orthodox,2002-03-12,http://ufcstats.com/fighter-details/fdd22e895a70e4a8,185.42000000000002,200.66,83.916
Daniel Pineda,Orthodox,1985-08-06,http://ufcstats.com/fighter-details/361d49960a196976,170.18,175.26,65.772
Jesus Pinedo,Southpaw,1996-06-22,http://ufcstats.com/fighter-details/25af5e832f17b474,177.8,,70.308
Pingyuan Liu,Orthodox,1993-02-13,http://ufcstats.com/fighter-details/31bbd39c0a075d4e,167.64000000000001,182.88,61.236
Luana Pinheiro,Orthodox,1992-11-18,http://ufcstats.com/fighter-details/a3a542074109b347,157.48,157.48,52.164
Mario Pinto,Orthodox,1998-03-14,http://ufcstats.com/fighter-details/39d309957c5c210d,195.58,200.66,120.20400000000001
Gaetano Pirrello,Orthodox,1992-04-29,http://ufcstats.com/fighter-details/8765559b6a29a421,170.18,165.1,61.236
Maki Pitolo,Orthodox,1990-11-24,http://ufcstats.com/fighter-details/c549573c0df4d676,177.8,190.5,83.916
Dmitry Poberezhets,,1985-06-11,http://ufcstats.com/fighter-details/9756095cb76b67c3,190.5,,107.5032
Jamal Pogues,Orthodox,1995-12-01,http://ufcstats.com/fighter-details/f41b9f5efc7162d6,190.5,195.58,92.988
Ross Pointon,Orthodox,1980-02-18,http://ufcstats.com/fighter-details/7215953cd5c6254d,172.72,,77.112
Dustin Poirier,Southpaw,1989-01-19,http://ufcstats.com/fighter-details/029eaff01e6bb8f0,175.26,182.88,70.308
Igor Pokrajac,Orthodox,1979-01-02,http://ufcstats.com/fighter-details/53278852bcd91e11,182.88,187.96,92.988
John Polakowski,Orthodox,1981-06-21,http://ufcstats.com/fighter-details/b18fb36a4aa00093,177.8,,70.308
Julia Polastri,Orthodox,1998-03-05,http://ufcstats.com/fighter-details/abb68e3c7ca128f2,157.48,160.02,52.164
Brandon Polcare,,,http://ufcstats.com/fighter-details/543cd2258f4fa339,,,56.7
Mike Polchlopek,Orthodox,1965-12-27,http://ufcstats.com/fighter-details/3bb030257966b022,193.04,,129.276
Santiago Ponzinibbio,Orthodox,1986-09-26,http://ufcstats.com/fighter-details/6d1bffff14897645,182.88,185.42000000000002,77.112
Grigory Popov,Switch,1984-04-18,http://ufcstats.com/fighter-details/d3fa5c5955397532,170.18,172.72,61.236
Alexander Poppeck,Orthodox,1992-04-06,http://ufcstats.com/fighter-details/56bf3ed155bd0fcd,187.96,,92.988
Felipe Portela,,1987-11-23,http://ufcstats.com/fighter-details/303e017a9074f3aa,,,77.112
Parker Porter,Orthodox,1985-04-22,http://ufcstats.com/fighter-details/ac40f7e3cbecdda4,182.88,190.5,120.20400000000001
Ihor Potieria,Southpaw,1996-05-29,http://ufcstats.com/fighter-details/260bd4cef10b033f,190.5,190.5,83.916
Callan Potter,Orthodox,1984-06-09,http://ufcstats.com/fighter-details/8fc9ae9c7527dfcb,182.88,182.88,77.112
Dylan Potter,Switch,1995-01-14,http://ufcstats.com/fighter-details/61e47575b24a06bf,187.96,195.58,102.06
Ruan Potts,Orthodox,1978-02-23,http://ufcstats.com/fighter-details/7e208569469c8bc8,187.96,190.5,112.0392
Devin Powell,Orthodox,1988-03-01,http://ufcstats.com/fighter-details/065eb44700e641a4,182.88,185.42000000000002,70.308
Marcin Prachnio,Orthodox,1988-07-14,http://ufcstats.com/fighter-details/6370c1c1e12723d5,190.5,185.42000000000002,92.988
Wagner Prado,Southpaw,1986-12-30,http://ufcstats.com/fighter-details/7f6ef4e1227600bc,182.88,187.96,92.988
Francisco Prado,Orthodox,2002-06-16,http://ufcstats.com/fighter-details/3920d0cc288f9b0d,177.8,175.26,77.112
Trevor Prangley,Orthodox,1972-08-24,http://ufcstats.com/fighter-details/f5ff7bcdcfeba3ad,185.42000000000002,190.5,83.916
Ricardo Prasel,Orthodox,1990-06-02,http://ufcstats.com/fighter-details/b51d0ed3782a1bf5,200.66,198.12,107.9568
Carlo Prater,Switch,1981-06-25,http://ufcstats.com/fighter-details/4f853e98886283cf,180.34,182.88,70.308
Carlos Prates,Switch,1993-08-17,http://ufcstats.com/fighter-details/7ee0fd831c0fe7c3,185.42000000000002,198.12,77.112
Michel Prazeres,Orthodox,1981-07-25,http://ufcstats.com/fighter-details/e51fcd9cd84c0b93,167.64000000000001,170.18,77.112
Philip Preece,Orthodox,,http://ufcstats.com/fighter-details/6597b611f1c32555,172.72,,92.988
Kyle Prepolec,Southpaw,1989-08-30,http://ufcstats.com/fighter-details/873626e5547b5235,177.8,177.8,70.308
Dorian Price,Southpaw,1977-08-20,http://ufcstats.com/fighter-details/ee4b670e159f4a33,190.5,,77.112
Chris Price,Southpaw,1982-11-09,http://ufcstats.com/fighter-details/0597a4528ebd1307,187.96,,83.916
Niko Price,Orthodox,1989-09-29,http://ufcstats.com/fighter-details/d8da10db80131bec,182.88,193.04,77.112
Shane Primm,Orthodox,1984-07-30,http://ufcstats.com/fighter-details/5114f1b5ad4cdf72,190.5,,92.988
Brent Primus,,1985-04-12,http://ufcstats.com/fighter-details/46caf130099206cd,177.8,,70.308
Jiri Prochazka,Orthodox,1992-10-14,http://ufcstats.com/fighter-details/009341ed974bad72,190.5,203.2,92.988
Lara Procopio,Orthodox,1995-11-14,http://ufcstats.com/fighter-details/e99821959a840bb8,162.56,170.18,56.7
Joe Proctor,Orthodox,1985-08-10,http://ufcstats.com/fighter-details/a36556bb1565e32d,177.8,182.88,70.308
Cole Province,Orthodox,1981-01-17,http://ufcstats.com/fighter-details/2a470ad41c22c25a,175.26,172.72,65.772
Daniel Puder,Orthodox,1981-10-09,http://ufcstats.com/fighter-details/66e0a70352fef46a,190.5,,106.596
Lucie Pudilova,Orthodox,1994-06-13,http://ufcstats.com/fighter-details/3cf66c62d9069f43,172.72,170.18,56.7
Claudio Puelles,Southpaw,1996-04-21,http://ufcstats.com/fighter-details/d747eb273a40a920,177.8,182.88,70.308
Juan Puerta,Southpaw,1988-01-20,http://ufcstats.com/fighter-details/fdba548aff9763d9,175.26,180.34,56.7
Bubba Pugh,,,http://ufcstats.com/fighter-details/6cf2352cdb3de59d,177.8,,83.916
Juan Manuel Puig,Orthodox,1989-04-23,http://ufcstats.com/fighter-details/85d0fafb8b75d634,175.26,,65.772
Hugh Pulley,,,http://ufcstats.com/fighter-details/308279bd246c211f,182.88,,70.308
Josh Pulsifer,,1983-03-16,http://ufcstats.com/fighter-details/16867810070dc520,177.8,,65.772
Jens Pulver,Southpaw,1974-12-06,http://ufcstats.com/fighter-details/44260175069b6276,170.18,177.8,65.772
Andrey Pulyaev,Southpaw,1997-09-10,http://ufcstats.com/fighter-details/22e07d3da1aa3475,193.04,198.12,83.916
CM Punk,Orthodox,1978-10-26,http://ufcstats.com/fighter-details/a8c9d16fe2a14d72,185.42000000000002,185.42000000000002,77.112
Joe Pyfer,Orthodox,1996-09-17,http://ufcstats.com/fighter-details/c1085e1701b13eca,187.96,190.5,83.916
Mike Pyle,Orthodox,1975-09-18,http://ufcstats.com/fighter-details/f5990c11974d8e9c,182.88,187.96,77.112
Pat Pytlik,Orthodox,1989-04-24,http://ufcstats.com/fighter-details/4fd140eea593526e,182.88,185.42000000000002,77.112
Qiu Lun,Southpaw,1997-07-08,http://ufcstats.com/fighter-details/126bdc1710a8cbf4,172.72,167.64000000000001,56.7
Bao Quach,Orthodox,1979-09-04,http://ufcstats.com/fighter-details/d365ee924f5cc3fc,160.02,,65.772
Gary Quan,,1971-04-11,http://ufcstats.com/fighter-details/f7b4cbe93f3bac06,172.72,,64.8648
Billy Quarantillo,Orthodox,1988-12-08,http://ufcstats.com/fighter-details/aa171d55d4b5208f,177.8,177.8,65.772
Nate Quarry,Open Stance,1972-03-18,http://ufcstats.com/fighter-details/52cae54377b433b7,182.88,182.88,83.916
Vinicius Queiroz,Orthodox,1983-08-29,http://ufcstats.com/fighter-details/2a8502954f49e682,200.66,,99.792
Jimmy Quinlan,Orthodox,1986-05-25,http://ufcstats.com/fighter-details/ddbe4fa2ea573393,182.88,,83.916
Josh Quinlan,Orthodox,1993-02-06,http://ufcstats.com/fighter-details/876f478f796495f7,182.88,182.88,77.112
Ryan Quinn,,,http://ufcstats.com/fighter-details/cc23ed51619421a3,172.72,,65.772
Michel Quinones,Orthodox,1984-12-22,http://ufcstats.com/fighter-details/5e84a859c6a82288,177.8,185.42000000000002,70.308
Landon Quinones,Southpaw,1995-11-21,http://ufcstats.com/fighter-details/267f4a6568abe245,175.26,177.8,70.308
Jose Quinonez,Southpaw,1990-07-28,http://ufcstats.com/fighter-details/36549928f90f1d36,172.72,175.26,61.236
Cristian Quinonez,Orthodox,1996-04-26,http://ufcstats.com/fighter-details/7debc13b36343605,172.72,177.8,61.236
Benji Radach,Orthodox,1979-04-05,http://ufcstats.com/fighter-details/01b39decaf0abf6a,177.8,,83.916
Jordan Radev,Southpaw,1976-09-28,http://ufcstats.com/fighter-details/45bc8f98d62bd096,170.18,,83.916
Charles Radtke,Orthodox,1990-07-09,http://ufcstats.com/fighter-details/feedf3053472fe56,175.26,182.88,77.112
Loik Radzhabov,Orthodox,1990-09-17,http://ufcstats.com/fighter-details/8c169fbe1ac33637,180.34,175.26,70.308
Gilbert Rael,,,http://ufcstats.com/fighter-details/6cc25d19a891f435,172.72,,70.308
Josh Rafferty,Orthodox,1981-01-06,http://ufcstats.com/fighter-details/ff2c606c8bc365e3,182.88,,77.112
Marwan Rahiki,,,http://ufcstats.com/fighter-details/6eedb757f13b9978,,,65.772
Amir Rahnavardi,Orthodox,1974-12-07,http://ufcstats.com/fighter-details/bc7f7f0ba3db74d2,182.88,,92.988
Ricky Rainey,Switch,1983-06-29,http://ufcstats.com/fighter-details/9b1e3fb4f8cbd5b7,185.42000000000002,195.58,77.112
Shavkat Rakhmonov,Orthodox,1994-10-23,http://ufcstats.com/fighter-details/01afe0916a40c7c5,185.42000000000002,195.58,77.112
Sora Rakhmonova,,1998-06-21,http://ufcstats.com/fighter-details/63ff619c52ff7976,,,56.7
Aleksandar Rakic,Orthodox,1992-02-06,http://ufcstats.com/fighter-details/333b9e5c723ac873,193.04,198.12,92.988
Jessica Rakoczy,Orthodox,1977-04-14,http://ufcstats.com/fighter-details/ffdeb4fbea09ce75,170.18,,52.164
Zygimantas Ramaska,Orthodox,1996-12-27,http://ufcstats.com/fighter-details/641ca2c2ed91b93c,180.34,180.34,65.772
Thomas Ramirez,Sideways,,http://ufcstats.com/fighter-details/ea398c802d9998ee,185.42000000000002,,185.976
Hector Ramirez,Orthodox,1976-03-28,http://ufcstats.com/fighter-details/d1759b2b7be9be56,182.88,,92.988
Matt Ramirez,,,http://ufcstats.com/fighter-details/96c05ba5ab9eccaf,165.1,,56.7
Steve Ramirez,,,http://ufcstats.com/fighter-details/4311e9d23604205c,170.18,,56.7
Amador Ramirez,,1990-06-14,http://ufcstats.com/fighter-details/ac31f869959860bc,,,61.236
Mitch Ramirez,Orthodox,1992-11-03,http://ufcstats.com/fighter-details/e99eb0ef25885de5,180.34,180.34,70.308
Andrew Ramm,,,http://ufcstats.com/fighter-details/3b5f2faaa2f2c1f6,185.42000000000002,,72.576
Ian Rammel,,1985-07-22,http://ufcstats.com/fighter-details/abc8e1423cf5b74e,182.88,,83.916
Luis Ramos,Orthodox,1981-01-18,http://ufcstats.com/fighter-details/7bc475b0fc2020ab,172.72,,77.112
Ricardo Ramos,Orthodox,1995-08-01,http://ufcstats.com/fighter-details/1ae8f3c723aacff4,175.26,182.88,65.772
Davi Ramos,Orthodox,1986-11-05,http://ufcstats.com/fighter-details/0052de90691d4a93,167.64000000000001,177.8,70.308
Dorian Ramos,Orthodox,1993-12-31,http://ufcstats.com/fighter-details/fa4dcb2c8de482ee,172.72,177.8,65.772
Vernon Ramos Ho,Orthodox,1992-06-03,http://ufcstats.com/fighter-details/30b577b112bef42d,167.64000000000001,,77.112
Kevin Randleman,Orthodox,1971-08-10,http://ufcstats.com/fighter-details/6859f67468ba8489,177.8,,92.988
Raou Raou,Orthodox,,http://ufcstats.com/fighter-details/ed069a95aaaf4f56,172.72,,88.452
Mitch Raposo,Switch,1998-10-16,http://ufcstats.com/fighter-details/0be6776db31d98ec,165.1,162.56,56.7
Hussain Rasouli,,,http://ufcstats.com/fighter-details/9d61d8cb1c354867,167.64000000000001,,61.236
David Rasouri,,,http://ufcstats.com/fighter-details/31e1ea6fe6b682f8,170.18,,70.308
Ed Ratcliff,Orthodox,1983-03-05,http://ufcstats.com/fighter-details/8c90c1563972e44d,177.8,180.34,70.308
Bec Rawlings,Orthodox,1989-02-11,http://ufcstats.com/fighter-details/907e60fd13407e1e,167.64000000000001,162.56,56.7
Gideon Ray,Southpaw,1973-05-27,http://ufcstats.com/fighter-details/ea3ef6206c7907d5,177.8,,83.916
Joe Ray,,1984-12-17,http://ufcstats.com/fighter-details/d92e6e17f637fe4d,,,77.112
Stevie Ray,Southpaw,1990-03-25,http://ufcstats.com/fighter-details/31a13532e724ca2b,177.8,177.8,70.308
Keenan Raymond,,,http://ufcstats.com/fighter-details/bdd16cd6b29cb499,,,74.844
Iony Razafiarison,,1984-12-23,http://ufcstats.com/fighter-details/a303588c33d8c5ae,160.02,,65.772
Abdul Razak Alhassan,Orthodox,1985-08-11,http://ufcstats.com/fighter-details/eae431e70064e046,177.8,185.42000000000002,83.916
Antony Rea,Orthodox,1976-07-15,http://ufcstats.com/fighter-details/c36e1f4fa755ffb4,182.88,,92.988
Mateusz Rebecki,Southpaw,1992-11-03,http://ufcstats.com/fighter-details/849c5d9979df5357,170.18,167.64000000000001,70.308
Rafael Rebello,Orthodox,1980-10-16,http://ufcstats.com/fighter-details/972197a8c61ac413,165.1,170.18,61.236
Greg Rebello,Southpaw,1982-06-13,http://ufcstats.com/fighter-details/49d78120e0a4f607,182.88,185.42000000000002,108.864
Paul Redmond,Orthodox,1986-10-20,http://ufcstats.com/fighter-details/3f56b99447f00607,177.8,,65.772
Dennis Reed,Orthodox,,http://ufcstats.com/fighter-details/4a35913bd9aa4161,,,92.988
Karl Reed,Orthodox,1988-10-27,http://ufcstats.com/fighter-details/11337d069261bf3a,190.5,198.12,92.988
Elise Reed,Orthodox,1992-12-05,http://ufcstats.com/fighter-details/ac7c765882f2c68c,160.02,160.02,52.164
John Reedy,,,http://ufcstats.com/fighter-details/fb4ca5c7e4448645,172.72,,70.308
Johnny Rees,Orthodox,1982-10-21,http://ufcstats.com/fighter-details/3ba3b5cc94498437,182.88,,77.112
James Reese,,1980-12-21,http://ufcstats.com/fighter-details/e9ec08ebb3f92aa3,175.26,,70.308
Zachary Reese,Switch,1994-03-24,http://ufcstats.com/fighter-details/23dec7c47cb418f8,193.04,195.58,83.916
Stephen Regman,Orthodox,1991-08-05,http://ufcstats.com/fighter-details/24d98df7556ac8af,180.34,193.04,83.916
Chad Reiner,Orthodox,1981-06-29,http://ufcstats.com/fighter-details/d8022d5526b1d937,180.34,,77.112
Jason Reinhardt,Orthodox,1969-10-31,http://ufcstats.com/fighter-details/02500fb9fd79a974,167.64000000000001,,61.236
Wilson Reis,Southpaw,1985-01-06,http://ufcstats.com/fighter-details/5aedf14771ca82d2,162.56,165.1,56.7
Ben Reiter,,1987-06-27,http://ufcstats.com/fighter-details/ee7b7768a4e6dc45,190.5,,83.916
Goran Reljic,Southpaw,1984-03-20,http://ufcstats.com/fighter-details/132f860d02953f4c,190.5,205.74,92.988
Leigh Remedios,Orthodox,1976-01-13,http://ufcstats.com/fighter-details/918db42c3637916f,170.18,,70.308
Ren Yawei,Orthodox,1998-02-07,http://ufcstats.com/fighter-details/b2d9758cdd124143,175.26,175.26,70.308
Paulo Renato Junior,Orthodox,1994-01-25,http://ufcstats.com/fighter-details/01dfb60661153735,182.88,185.42000000000002,92.988
Chance Rencountre,Southpaw,1986-12-31,http://ufcstats.com/fighter-details/1ddb480b601cefb1,187.96,190.5,77.112
Montse Rendon,Orthodox,1989-03-16,http://ufcstats.com/fighter-details/60193e707634e560,172.72,172.72,61.236
Marion Reneau,Orthodox,1977-06-20,http://ufcstats.com/fighter-details/c7d297714d9ab1a4,167.64000000000001,172.72,61.236
Solomon Renfro,Switch,1997-02-05,http://ufcstats.com/fighter-details/ce6b5b93a96dd15b,175.26,182.88,77.112
John Renken,Orthodox,,http://ufcstats.com/fighter-details/1507214bbc7a79e2,182.88,,86.184
Herman Renting,Switch,,http://ufcstats.com/fighter-details/f57cf3d54a641385,182.88,,97.524
Marco Polo Reyes,Orthodox,1984-11-07,http://ufcstats.com/fighter-details/edd02825c29028fe,180.34,180.34,70.308
Dominick Reyes,Southpaw,1989-12-26,http://ufcstats.com/fighter-details/2e19380f34871c6a,193.04,195.58,92.988
Alex Reyes,Orthodox,1986-10-02,http://ufcstats.com/fighter-details/dc07493a87dc0a6e,180.34,185.42000000000002,70.308
Kyle Reyes,,,http://ufcstats.com/fighter-details/7333d6e0f6428acb,172.72,,65.772
Javier Reyes,,1993-10-10,http://ufcstats.com/fighter-details/4a574b8512fc1b30,170.18,185.42000000000002,65.772
Victor Reyna,Southpaw,1986-08-05,http://ufcstats.com/fighter-details/e9bbcc6530e4cbe6,180.34,187.96,77.112
Gaston Reyno,,1986-11-11,http://ufcstats.com/fighter-details/64db35f7782fe274,182.88,,65.772
Johnny Rhodes,Orthodox,,http://ufcstats.com/fighter-details/319fa1bd3176bded,182.88,,95.256
Mike Rhodes,Orthodox,1989-12-04,http://ufcstats.com/fighter-details/b7ad576b8ae115e6,185.42000000000002,187.96,77.112
Lucrezia Ria,Orthodox,1992-06-24,http://ufcstats.com/fighter-details/042cc07ad5a53a33,167.64000000000001,,56.7
Amanda Ribas,Orthodox,1993-08-26,http://ufcstats.com/fighter-details/beecb672a279223e,162.56,167.64000000000001,52.164
Vitor Ribeiro,Orthodox,1979-02-24,http://ufcstats.com/fighter-details/a757c06bbdba61d2,172.72,,69.8544
Will Ribeiro,Orthodox,1983-02-17,http://ufcstats.com/fighter-details/8f4616698508f24d,172.72,,61.236
Claudio Ribeiro,Orthodox,1992-07-17,http://ufcstats.com/fighter-details/972c456ff38b2015,185.42000000000002,195.58,83.916
Brendson Ribeiro,Orthodox,1996-09-08,http://ufcstats.com/fighter-details/49edd0d90f60fb7d,190.5,205.74,92.988
Esteban Ribovics,Orthodox,1996-04-27,http://ufcstats.com/fighter-details/323d4ca260dfa0ba,177.8,175.26,70.308
Mike Ricci,Southpaw,1986-03-18,http://ufcstats.com/fighter-details/3c921b1a30fdcbdd,182.88,193.04,70.308
Alex Ricci,Orthodox,1982-07-21,http://ufcstats.com/fighter-details/bf9bc96336922271,180.34,,70.308
Tabatha Ricci,Orthodox,1995-02-21,http://ufcstats.com/fighter-details/d25240135aee03e5,154.94,154.94,52.164
Matt Ricehouse,,1987-03-11,http://ufcstats.com/fighter-details/343d57cde1a14338,,,70.308
John Richard,,1982-05-22,http://ufcstats.com/fighter-details/b3e5a460b6851080,,,92.988
Rex Richards,,,http://ufcstats.com/fighter-details/ad23903ef3af7406,195.58,,120.20400000000001
Mike Richman,,1985-06-23,http://ufcstats.com/fighter-details/d6a740cf6e898e27,172.72,,61.236
Dave Rickels,,1989-01-05,http://ufcstats.com/fighter-details/98b76850b5f1e836,180.34,,70.308
Haisam Rida,,1993-07-25,http://ufcstats.com/fighter-details/d8a58e797518f011,,,
Brad Riddell,Orthodox,1991-09-30,http://ufcstats.com/fighter-details/37ed1ab2f8b819f4,170.18,180.34,70.308
Matthew Riddle,Southpaw,1986-01-14,http://ufcstats.com/fighter-details/d023ae89a2a4a41e,185.42000000000002,193.04,77.112
Joe Riggs,Southpaw,1982-09-23,http://ufcstats.com/fighter-details/d512d9f204059f57,182.88,177.8,83.916
Jeremiah Riggs,,1982-12-17,http://ufcstats.com/fighter-details/f1a9ad7485e5024a,182.88,,83.916
Aaron Riley,Southpaw,1980-12-09,http://ufcstats.com/fighter-details/f2c8ebbeafd45f2b,172.72,175.26,70.308
Jason Riley,,1975-09-22,http://ufcstats.com/fighter-details/995af04c697d78b7,198.12,,111.132
Luke Riley,,1999-06-30,http://ufcstats.com/fighter-details/b1de86d835638319,,,65.772
Moise Rimbon,Orthodox,1977-04-20,http://ufcstats.com/fighter-details/9be3728f3f7badb2,177.8,,92.988
Jordan Rinaldi,Orthodox,1987-09-25,http://ufcstats.com/fighter-details/c07efc18b231f170,177.8,182.88,65.772
Nick Ring,Southpaw,1979-02-10,http://ufcstats.com/fighter-details/b13da0b1a3aed3e7,182.88,187.96,83.916
Robbie Ring,Orthodox,2000-07-14,http://ufcstats.com/fighter-details/fa9746fa5d23c202,175.26,172.72,65.772
Mike Rio,Orthodox,1981-07-06,http://ufcstats.com/fighter-details/af90b10c785ced3e,177.8,177.8,70.308
Albert Rios,,,http://ufcstats.com/fighter-details/868a78f2e810a837,172.72,,65.772
Rafael Rios,,,http://ufcstats.com/fighter-details/2f5754b48eab1486,,,68.04
Maria Rios,,1983-05-31,http://ufcstats.com/fighter-details/9ec12134b1515f12,165.1,,56.7
Shannon Ritch,Orthodox,1970-09-27,http://ufcstats.com/fighter-details/1c7cce2f5c17160d,175.26,,86.184
Diego Rivas,Orthodox,1991-11-11,http://ufcstats.com/fighter-details/09f579be4520394a,172.72,175.26,65.772
Jorge Rivera,Orthodox,1972-02-28,http://ufcstats.com/fighter-details/cb46dface0e28a2c,185.42000000000002,185.42000000000002,83.916
Dante Rivera,Southpaw,1974-12-08,http://ufcstats.com/fighter-details/288aaa8f82040e02,185.42000000000002,,83.916
Mario Rivera,,,http://ufcstats.com/fighter-details/0f7210aa8d61af8d,177.8,,77.112
Francisco Rivera,Orthodox,1981-10-08,http://ufcstats.com/fighter-details/7ea4a9f07df33a45,172.72,177.8,61.236
Jonathan Rivera,,,http://ufcstats.com/fighter-details/145df84ea4dfd904,,,70.308
Jimmie Rivera,Orthodox,1989-06-29,http://ufcstats.com/fighter-details/9c907996820d2d69,162.56,172.72,61.236
Irwin Rivera,Southpaw,1989-02-14,http://ufcstats.com/fighter-details/06a80a685ea98573,167.64000000000001,170.18,61.236
Jerome Rivera,Southpaw,1995-04-22,http://ufcstats.com/fighter-details/c9587d81e1d33925,177.8,182.88,56.7
Nicdali Rivera-Calanoc,,1985-06-12,http://ufcstats.com/fighter-details/60917f79b7271d83,160.02,,47.628
Pedro Rizzo,Orthodox,1974-05-03,http://ufcstats.com/fighter-details/b44f39a5c6596953,185.42000000000002,,109.3176
Theo Rlayang,Orthodox,1994-08-10,http://ufcstats.com/fighter-details/8aabef76351401d0,170.18,165.1,65.772
Justin Robbins,,1980-07-29,http://ufcstats.com/fighter-details/3b2485c8d5c8b580,165.1,,61.236
Kali Robbins,Orthodox,1984-07-05,http://ufcstats.com/fighter-details/610caee730f9b89e,160.02,160.02,52.164
Karl Roberson,Southpaw,1990-10-04,http://ufcstats.com/fighter-details/37d5b176d438d2a5,185.42000000000002,187.96,92.988
Andre Roberts,Orthodox,1965-02-24,http://ufcstats.com/fighter-details/a54a35a670d8e852,187.96,,156.492
David Roberts,Orthodox,1975-11-15,http://ufcstats.com/fighter-details/775bad6d700d2302,185.42000000000002,,77.112
Joey Roberts,,,http://ufcstats.com/fighter-details/c058823a2595ab09,187.96,,90.72
Tyrone Roberts,Orthodox,,http://ufcstats.com/fighter-details/d1e6a6536ee62517,175.26,,83.916
Ryan Roberts,Orthodox,1978-07-16,http://ufcstats.com/fighter-details/35dc6220b113b7ec,167.64000000000001,,70.308
Taylor Roberts,,,http://ufcstats.com/fighter-details/c5ec23983dc2d8f4,180.34,,77.112
Daniel Roberts,Southpaw,1980-08-05,http://ufcstats.com/fighter-details/22edaf53ad59a967,177.8,187.96,77.112
Buddy Roberts,Orthodox,1982-10-17,http://ufcstats.com/fighter-details/b2a2da86546ddb19,187.96,,83.916
Danny Roberts,Southpaw,1987-07-14,http://ufcstats.com/fighter-details/a6cba6bb66c1a8c9,185.42000000000002,187.96,77.112
Roosevelt Roberts,Orthodox,1994-02-11,http://ufcstats.com/fighter-details/37c5366d18ed6c05,187.96,185.42000000000002,70.308
Kenny Robertson,Orthodox,1984-02-14,http://ufcstats.com/fighter-details/6e0273f9478be71e,177.8,187.96,77.112
Gillian Robertson,Orthodox,1995-05-17,http://ufcstats.com/fighter-details/38c7f72747f4f712,165.1,160.02,52.164
Chad Robichaux,,1975-08-18,http://ufcstats.com/fighter-details/b2aa1e07b5b3306e,162.56,,61.236
Mark Robinson,Orthodox,,http://ufcstats.com/fighter-details/4604ab1de9058474,182.88,,120.20400000000001
Colin Robinson,Orthodox,1968-11-27,http://ufcstats.com/fighter-details/1a1a4d7a29041d77,193.04,,110.2248
Alvin Robinson,Southpaw,1982-07-16,http://ufcstats.com/fighter-details/cbe79765d44bd172,175.26,172.72,70.308
Damonte Robinson,,1995-06-10,http://ufcstats.com/fighter-details/2782235b078b72a7,182.88,195.58,70.308
Vagner Rocha,Orthodox,1982-06-06,http://ufcstats.com/fighter-details/d403b1a6f278c95e,177.8,185.42000000000002,70.308
Carlos Eduardo Rocha,Orthodox,1981-07-12,http://ufcstats.com/fighter-details/4f736494fc733095,177.8,185.42000000000002,77.112
Pedro Rocha,,,http://ufcstats.com/fighter-details/5921fd3f889afa3b,,,
Lucas Rocha,Orthodox,2000-08-12,http://ufcstats.com/fighter-details/e0d3d9b564f95635,160.02,162.56,56.7
Shaqueme Rock,,1993-11-05,http://ufcstats.com/fighter-details/52b6bf4528130e86,,,70.308
Keith Rockel,Orthodox,,http://ufcstats.com/fighter-details/c75b99887c8c3f5a,182.88,,83.916
Luke Rockhold,Southpaw,1984-10-17,http://ufcstats.com/fighter-details/00e11b5c8b7bfeeb,190.5,195.58,83.916
Kevin Roddy,,,http://ufcstats.com/fighter-details/1abf785143f8d5ec,180.34,,65.772
Gregory Rodrigues,Orthodox,1992-02-17,http://ufcstats.com/fighter-details/d1c65d2cf2925ddd,190.5,190.5,83.916
Kleydson Rodrigues,Orthodox,1995-10-22,http://ufcstats.com/fighter-details/102a8fdf8cbf7467,165.1,170.18,61.236
Levi Rodrigues,,1996-10-15,http://ufcstats.com/fighter-details/9ac4e43ed56429ed,,,92.988
Paul Rodriguez,Orthodox,,http://ufcstats.com/fighter-details/26eddcda9d6b2ffe,170.18,,70.308
Ricco Rodriguez,Orthodox,1977-08-19,http://ufcstats.com/fighter-details/50cc91ce2982785d,193.04,,120.20400000000001
Manuel Rodriguez,Orthodox,1985-04-25,http://ufcstats.com/fighter-details/5a6e4d2f0c76a242,175.26,,77.112
Yair Rodriguez,Orthodox,1992-10-06,http://ufcstats.com/fighter-details/cbf5e6f231b55443,180.34,180.34,65.772
Mike Rodriguez,Southpaw,1988-11-28,http://ufcstats.com/fighter-details/18b602842a24f7c5,193.04,208.28,92.988
Marina Rodriguez,Orthodox,1987-04-29,http://ufcstats.com/fighter-details/cd2c4d30c6e13b47,167.64000000000001,165.1,52.164
Daniel Rodriguez,Southpaw,1986-12-31,http://ufcstats.com/fighter-details/8a1f3b5c526cd6e6,185.42000000000002,187.96,77.112
Ray Rodriguez,Orthodox,1987-12-10,http://ufcstats.com/fighter-details/90e0985df05e51bc,170.18,177.8,61.236
Ronaldo Rodriguez,Orthodox,1999-05-07,http://ufcstats.com/fighter-details/f2900678e98f6d6a,167.64000000000001,165.1,56.7
Drako Rodriguez,Orthodox,1996-06-16,http://ufcstats.com/fighter-details/dc3b9cf7641b7ab6,172.72,175.26,61.236
Victor Rodriguez,Switch,1992-09-05,http://ufcstats.com/fighter-details/f6e5972c9d16c40e,165.1,170.18,56.7
Piera Rodriguez,Orthodox,1992-11-11,http://ufcstats.com/fighter-details/e375cb5caf4717b6,160.02,160.02,52.164
Christian Rodriguez,Orthodox,1997-12-17,http://ufcstats.com/fighter-details/5ec591b78349ba7e,170.18,180.34,65.772
Pete Rodriguez,Switch,1996-11-13,http://ufcstats.com/fighter-details/776d4262c4da38bf,175.26,180.34,77.112
Imanol Rodriguez,Orthodox,1999-11-15,http://ufcstats.com/fighter-details/6e8349a0a0476d60,,,56.7
Nick Roehrick,Orthodox,1987-07-06,http://ufcstats.com/fighter-details/7195e2a932686f82,187.96,,92.988
Marcos Rogerio de Lima,Orthodox,1985-06-25,http://ufcstats.com/fighter-details/ab943cd2c3c17825,185.42000000000002,190.5,114.7608
Brett Rogers,Orthodox,1981-02-17,http://ufcstats.com/fighter-details/9141bb39310773c7,195.58,205.74,120.20400000000001
Brian Rogers,,1984-02-15,http://ufcstats.com/fighter-details/f304aff405c4a8fa,180.34,,83.916
Pete Rogers Jr.,,,http://ufcstats.com/fighter-details/36f3d235493d35ad,182.88,,65.772
Max Rohskopf,Orthodox,1994-09-27,http://ufcstats.com/fighter-details/59a27d2e6d0802ac,185.42000000000002,180.34,70.308
Marcelo Rojo,Orthodox,1988-07-02,http://ufcstats.com/fighter-details/2804ce8dadab5770,172.72,180.34,65.772
Shane Roller,Orthodox,1979-07-14,http://ufcstats.com/fighter-details/75e0d3cc2262b732,177.8,182.88,70.308
Jared Rollins,Orthodox,1977-01-26,http://ufcstats.com/fighter-details/c4b6099f0d25f75e,175.26,,77.112
Tim Roman,,1985-06-08,http://ufcstats.com/fighter-details/3b83fec860a45ca1,185.42000000000002,,77.112
Alexandr Romanov,Southpaw,1990-12-11,http://ufcstats.com/fighter-details/c0badf3243907e59,187.96,190.5,118.8432
Ricardo Romero,Orthodox,1978-04-15,http://ufcstats.com/fighter-details/744e098e065cfdbe,182.88,193.04,92.988
Yoel Romero,Southpaw,1977-04-30,http://ufcstats.com/fighter-details/f77c68bb4be8516d,182.88,185.42000000000002,83.916
Anthony Romero,Orthodox,1997-02-25,http://ufcstats.com/fighter-details/6f81399074fcdbba,180.34,177.8,70.308
Kaleio Romero,Switch,1996-04-19,http://ufcstats.com/fighter-details/33df417d0017eb0c,177.8,175.26,65.772
Roberto Romero,Orthodox,2000-01-30,http://ufcstats.com/fighter-details/15ea371202eb25e1,172.72,177.8,65.772
Mara Romero Borella,Orthodox,1986-06-03,http://ufcstats.com/fighter-details/82cbb809d5ee565c,167.64000000000001,175.26,56.7
Cortavious Romious,Southpaw,1994-01-06,http://ufcstats.com/fighter-details/8173f134396cb971,162.56,172.72,61.236
Juancamilo Ronderos,Southpaw,1995-02-17,http://ufcstats.com/fighter-details/4a043165cf47cab2,160.02,162.56,56.7
Rongzhu,Orthodox,2000-03-07,http://ufcstats.com/fighter-details/a13d755965a4ec9f,175.26,180.34,70.308
Jesse Ronson,Southpaw,1985-12-24,http://ufcstats.com/fighter-details/5580771f383e141f,177.8,177.8,70.308
George Roop,Orthodox,1981-11-10,http://ufcstats.com/fighter-details/3c0437fbeda06962,185.42000000000002,182.88,61.236
Joao Roque,Orthodox,1971-07-22,http://ufcstats.com/fighter-details/0f6528b461e47462,167.64000000000001,,70.308
Aaron Rosa,Orthodox,1983-05-28,http://ufcstats.com/fighter-details/11f8860028b68fcf,193.04,195.58,92.988
Charles Rosa,Switch,1986-08-24,http://ufcstats.com/fighter-details/40093d1d2d78394e,175.26,175.26,65.772
Karol Rosa,Orthodox,1994-12-30,http://ufcstats.com/fighter-details/351c4ec637380ad5,165.1,170.18,61.236
Jacob Rosales,Orthodox,1995-07-28,http://ufcstats.com/fighter-details/f7faf5b19e0dec2e,180.34,187.96,70.308
Raul Rosas Jr.,Switch,2004-10-08,http://ufcstats.com/fighter-details/fe2babf95de24fb1,175.26,170.18,61.236
Hilarie Rose,Orthodox,1992-11-11,http://ufcstats.com/fighter-details/b9163ec845c3bfc8,160.02,160.02,52.164
Jake Rosholt,Orthodox,1982-02-09,http://ufcstats.com/fighter-details/4f2fcbefb668689d,185.42000000000002,,83.916
Jared Rosholt,Orthodox,1986-08-04,http://ufcstats.com/fighter-details/91ea901c458e95dd,187.96,190.5,120.20400000000001
Kevin Rosier,Orthodox,,http://ufcstats.com/fighter-details/598a58db87b890ee,193.04,,124.74
Zach Rosol,,,http://ufcstats.com/fighter-details/208b6926916867c7,,,110.2248
Shannon Ross,Switch,1989-05-12,http://ufcstats.com/fighter-details/51c655162e462ceb,167.64000000000001,167.64000000000001,56.7
Nick Rossborough,,1981-11-18,http://ufcstats.com/fighter-details/ff3a915256b899c0,195.58,,92.988
Kristian Rothaermel,Open Stance,1972-01-31,http://ufcstats.com/fighter-details/af49a6c491ca22a3,182.88,,92.988
Ben Rothwell,Orthodox,1981-10-17,http://ufcstats.com/fighter-details/bd58d34e39b7b12a,193.04,198.12,120.20400000000001
Rick Roufus,Southpaw,,http://ufcstats.com/fighter-details/872b018076f831b0,182.88,,93.8952
Khalil Rountree Jr.,Southpaw,1990-02-26,http://ufcstats.com/fighter-details/749f572d1d3161fb,185.42000000000002,193.04,92.988
Ronda Rousey,Orthodox,1987-02-01,http://ufcstats.com/fighter-details/8bdac25ce0bb874d,170.18,167.64000000000001,61.236
Ray Routh,Orthodox,,http://ufcstats.com/fighter-details/cba3a2dfbc06ce79,172.72,,83.916
Roberta Rovel,,,http://ufcstats.com/fighter-details/9d7fbf438766791f,172.72,,65.772
Phil Rowe,Orthodox,1990-07-18,http://ufcstats.com/fighter-details/8e382b585a92affe,190.5,203.2,77.112
Cam Rowston,Orthodox,1995-01-19,http://ufcstats.com/fighter-details/8ebc3a8da015d70c,190.5,198.12,83.916
Kain Royer,,,http://ufcstats.com/fighter-details/712aa894b3a344df,,,83.916
Brad Royster,,,http://ufcstats.com/fighter-details/09f8c233de88998d,,,61.236
Brandon Royval,Southpaw,1992-08-16,http://ufcstats.com/fighter-details/6e15f63b6c2e2c15,175.26,172.72,56.7
Jairzinho Rozenstruik,Orthodox,1988-03-17,http://ufcstats.com/fighter-details/2cd428e9606856fd,187.96,198.12,109.77120000000001
Mauricio Rua,Orthodox,1981-11-25,http://ufcstats.com/fighter-details/140745cbbcb023ac,185.42000000000002,193.04,92.988
Murilo Rua,Orthodox,1980-05-22,http://ufcstats.com/fighter-details/90e7447d8b7f3f35,180.34,,83.916
Marco Ruas,Orthodox,1961-01-23,http://ufcstats.com/fighter-details/597db668b01c442c,185.42000000000002,,95.256
Rodrigo Ruas,Orthodox,1977-10-06,http://ufcstats.com/fighter-details/94070f6544c4b2a5,177.8,,83.916
Rodolfo Rubio Perez,Orthodox,1987-01-29,http://ufcstats.com/fighter-details/c4731f43693b96b8,165.1,,65.772
Robert Ruchala,Switch,1998-05-15,http://ufcstats.com/fighter-details/92aed9d16794f42b,172.72,182.88,65.772
Gabe Ruediger,Orthodox,1977-08-29,http://ufcstats.com/fighter-details/ccba80d4820ef557,177.8,,70.308
Mauricio Ruffy,Orthodox,1996-06-17,http://ufcstats.com/fighter-details/9c393e836a852f30,180.34,190.5,70.308
Eddie Ruiz,Orthodox,1967-06-10,http://ufcstats.com/fighter-details/7b9aa973e5c04624,170.18,,70.308
Anthony Ruiz,Orthodox,1977-11-03,http://ufcstats.com/fighter-details/657c21cb133f1445,187.96,,92.988
Paul Ruiz,,1987-06-23,http://ufcstats.com/fighter-details/babc0b19e89cec6e,167.64000000000001,,61.236
Montserrat Conejo Ruiz,Southpaw,1993-02-03,http://ufcstats.com/fighter-details/1235b31de15d0c6e,152.4,154.94,52.164
Mike Russow,Orthodox,1976-09-11,http://ufcstats.com/fighter-details/353de740bb6c7e75,185.42000000000002,185.42000000000002,115.668
Bas Rutten,Orthodox,1965-02-24,http://ufcstats.com/fighter-details/03688dc3c3af3ac1,185.42000000000002,,92.988
Mashrabjon Ruzibaev,Orthodox,1996-02-16,http://ufcstats.com/fighter-details/e5a898f2a1afec67,172.72,170.18,70.308
Nursulton Ruziboev,Orthodox,1993-11-19,http://ufcstats.com/fighter-details/49d2a08964c5eb11,195.58,193.04,83.916
Casey Ryan,,,http://ufcstats.com/fighter-details/5b1b383265433f51,,,83.916
Yusup Saadulaev,,1985-03-31,http://ufcstats.com/fighter-details/b1669a810fae4220,167.64000000000001,,61.236
Cameron Saaiman,Southpaw,2000-12-20,http://ufcstats.com/fighter-details/3c8a5200436e19f3,172.72,170.18,61.236
Pete Sabala,,,http://ufcstats.com/fighter-details/7956f026e2672c47,,,61.236
Danny Sabatello,Orthodox,1993-03-31,http://ufcstats.com/fighter-details/cb7ee07982de2a28,177.8,180.34,61.236
Pat Sabatini,Orthodox,1990-11-09,http://ufcstats.com/fighter-details/b8bbdeff718dbb7d,172.72,177.8,65.772
Amir Sadollah,Orthodox,1980-08-27,http://ufcstats.com/fighter-details/2650e2f846a30f64,177.8,190.5,77.112
Nazim Sadykhov,Southpaw,1994-05-16,http://ufcstats.com/fighter-details/ff62013d2fce6d13,177.8,175.26,70.308
Frankie Saenz,Orthodox,1980-08-12,http://ufcstats.com/fighter-details/9ba2226646046b63,167.64000000000001,167.64000000000001,61.236
Terrance Saeteurn,Orthodox,1995-05-30,http://ufcstats.com/fighter-details/a78f7a9135eb6249,167.64000000000001,170.18,56.7
Saparbeg Safarov,Orthodox,1986-10-14,http://ufcstats.com/fighter-details/88d7b6d8230e1f3f,185.42000000000002,198.12,83.916
Tarec Saffiedine,Switch,1986-09-06,http://ufcstats.com/fighter-details/0749d968e932df53,177.8,177.8,77.112
Jason Saggo,Orthodox,1985-11-23,http://ufcstats.com/fighter-details/4ac1ecf8ce59ef23,180.34,180.34,70.308
Kiru Sahota,Orthodox,1995-05-28,http://ufcstats.com/fighter-details/296a120cb880477b,177.8,185.42000000000002,56.7
Tatsuya Saika,Orthodox,1990-09-18,http://ufcstats.com/fighter-details/cc4e571964b084d4,182.88,185.42000000000002,70.308
Mridul Saikia,Orthodox,1997-05-09,http://ufcstats.com/fighter-details/96c76dd695eb3b88,170.18,172.72,56.7
Kaushik Saikumar,Orthodox,1997-12-11,http://ufcstats.com/fighter-details/6a6c4709ebc5499a,177.8,180.34,61.236
Benoit Saint Denis,Southpaw,1995-12-18,http://ufcstats.com/fighter-details/c2299ec916bc7c56,180.34,185.42000000000002,70.308
Ovince Saint Preux,Southpaw,1983-04-08,http://ufcstats.com/fighter-details/50db8711c70196cd,190.5,203.2,92.988
Lukasz Sajewski,Orthodox,1990-11-27,http://ufcstats.com/fighter-details/fb41432b622992a9,172.72,180.34,70.308
Yukio Sakaguchi,Orthodox,1973-07-26,http://ufcstats.com/fighter-details/94a5aaf573f780ad,175.26,,83.916
Augusto Sakai,Orthodox,1991-05-09,http://ufcstats.com/fighter-details/441eacbe20e0e80b,190.5,195.58,120.20400000000001
Alessio Sakara,Orthodox,1981-09-02,http://ufcstats.com/fighter-details/7f955f71fa2ce7ac,182.88,182.88,83.916
Wataru Sakata,Southpaw,1973-03-11,http://ufcstats.com/fighter-details/d7907a9a968e4d29,175.26,,88.452
Gokhan Saki,Orthodox,1983-10-19,http://ufcstats.com/fighter-details/4690d47bf725fd98,182.88,185.42000000000002,92.988
Kazushi Sakuraba,Southpaw,1969-07-14,http://ufcstats.com/fighter-details/9b5b5a75523728f3,182.88,,83.916
Hayato Sakurai,Orthodox,1975-08-24,http://ufcstats.com/fighter-details/85e26e2468b4e82f,170.18,,76.2048
Ryuta Sakurai,Orthodox,,http://ufcstats.com/fighter-details/ff9578cdbfabd323,170.18,,83.0088
Justin Salas,Southpaw,1982-03-13,http://ufcstats.com/fighter-details/9b198c73e3d0d289,172.72,177.8,70.308
Ivan Salaverry,Orthodox,1971-01-11,http://ufcstats.com/fighter-details/394f55ebca199124,182.88,,83.916
Roman Salazar,Orthodox,1988-02-21,http://ufcstats.com/fighter-details/72c4b253d2f5ebf2,170.18,,61.236
Luis Saldana,Orthodox,1991-01-27,http://ufcstats.com/fighter-details/12e0fdc606f7e274,180.34,185.42000000000002,65.772
John Salgado,,,http://ufcstats.com/fighter-details/3e36811b7bc1f6ad,177.8,,77.112
Muslim Salikhov,Orthodox,1984-06-09,http://ufcstats.com/fighter-details/447f9858ae78f921,180.34,177.8,77.112
Gabriel Salinas-Jones,,1984-11-20,http://ufcstats.com/fighter-details/74d5f71eeb0c66c7,185.42000000000002,,111.132
Brandon Saling,,1986-01-28,http://ufcstats.com/fighter-details/a049aa06508b9c7b,177.8,,77.112
Quillan Salkilld,Orthodox,1999-12-28,http://ufcstats.com/fighter-details/17734443a833cdf7,182.88,190.5,70.308
Sean Salmon,Southpaw,1977-09-11,http://ufcstats.com/fighter-details/7c0847d3854a95f2,177.8,,83.916
Boston Salmon,Southpaw,1990-11-20,http://ufcstats.com/fighter-details/98e946879ba20c0f,175.26,175.26,61.236
John Salter,Southpaw,1985-03-21,http://ufcstats.com/fighter-details/010986ee359fb863,185.42000000000002,187.96,83.916
Vinicius Salvador,Southpaw,1996-07-24,http://ufcstats.com/fighter-details/65cdf4ec31143d86,170.18,177.8,61.236
Dylan Salvador,Southpaw,1993-05-20,http://ufcstats.com/fighter-details/a7a3fb5f6c67b122,175.26,175.26,70.308
Josh Samman,Orthodox,1988-03-14,http://ufcstats.com/fighter-details/9deff9e3e8d94d47,190.5,200.66,83.916
Johnny Sampaio,Orthodox,1975-09-11,http://ufcstats.com/fighter-details/b23388ff8ac6637b,172.72,,77.112
Josh Sampo,Orthodox,1984-07-24,http://ufcstats.com/fighter-details/f65dcb22dada2223,162.56,162.56,56.7
Josh San Diego,,,http://ufcstats.com/fighter-details/983e281d257c24dc,177.8,,61.236
Samuel Sanches,Orthodox,2003-01-28,http://ufcstats.com/fighter-details/438d497617ecb16e,177.8,187.96,70.308
Diego Sanchez,Southpaw,1981-12-31,http://ufcstats.com/fighter-details/82e7929bf6c2b689,177.8,182.88,77.112
Eddie Sanchez,Orthodox,1982-11-04,http://ufcstats.com/fighter-details/7f0b4a75ef3039a3,187.96,187.96,104.328
Julian Sanchez,Orthodox,,http://ufcstats.com/fighter-details/c6da1c24fe473418,190.5,,136.08
Bobby Sanchez,Orthodox,,http://ufcstats.com/fighter-details/6a0047ac8c99fece,170.18,,70.308
Donald Sanchez,,1984-08-18,http://ufcstats.com/fighter-details/bb140b121283acbb,177.8,,65.772
Joby Sanchez,Orthodox,1991-06-24,http://ufcstats.com/fighter-details/b12fc8a41e82d3a2,167.64000000000001,172.72,61.236
Emmanuel Sanchez,,1990-08-11,http://ufcstats.com/fighter-details/243a336eaa2d2eb4,175.26,180.34,65.772
Erick Sanchez,,1990-10-04,http://ufcstats.com/fighter-details/ef3663798164adf0,177.8,,65.772
Andrew Sanchez,Orthodox,1988-04-08,http://ufcstats.com/fighter-details/fccf811c1e8b01c7,185.42000000000002,187.96,83.916
Robert Sanchez,Orthodox,1986-03-05,http://ufcstats.com/fighter-details/546f8599a63c29da,167.64000000000001,167.64000000000001,56.7
Jesse Sanders,Orthodox,,http://ufcstats.com/fighter-details/59aaf2730b84698a,182.88,,77.112
Luke Sanders,Southpaw,1985-12-12,http://ufcstats.com/fighter-details/96428b9e9bd048ea,167.64000000000001,170.18,61.236
Jerrod Sanders,Orthodox,1979-10-01,http://ufcstats.com/fighter-details/12f1b140e248bdb9,172.72,182.88,61.236
Cory Sandhagen,Switch,1992-04-20,http://ufcstats.com/fighter-details/65f09bacd3957381,180.34,177.8,61.236
Hugo Sandoval,,,http://ufcstats.com/fighter-details/9d51bcc281aa0514,,,61.236
Raul Sandoval,,,http://ufcstats.com/fighter-details/f9ad10f6a49e5452,,,58.968
Joseph Sandoval,Southpaw,1986-05-11,http://ufcstats.com/fighter-details/696002b59f09d73b,170.18,,61.236
Hector Sandoval,Orthodox,1986-07-19,http://ufcstats.com/fighter-details/449c890bd90f3374,157.48,162.56,56.7
Chris Sanford,Orthodox,1968-03-12,http://ufcstats.com/fighter-details/29f935654825331b,180.34,,83.916
Roldan Sangcha'an,Orthodox,1990-12-04,http://ufcstats.com/fighter-details/57887765f831e228,162.56,,56.7
Yuhi Sano,Orthodox,1965-02-02,http://ufcstats.com/fighter-details/4c12aa7ca246e7a4,180.34,,110.2248
Martin Sano,Orthodox,1991-05-30,http://ufcstats.com/fighter-details/16a64f93f6678b7b,180.34,190.5,77.112
Jonathan Santa Maria,,,http://ufcstats.com/fighter-details/3143e5daff9e5b71,175.26,,56.7
Duda Santana,Orthodox,1996-01-10,http://ufcstats.com/fighter-details/d6ead04919a894b1,170.18,185.42000000000002,65.772
Shaheen Santana,Orthodox,1991-06-04,http://ufcstats.com/fighter-details/19809d475ed832d5,185.42000000000002,190.5,70.308
Neemias Santana,Orthodox,1996-07-10,http://ufcstats.com/fighter-details/86989ee8fe97884d,187.96,193.04,83.916
Sean Santella,,1984-10-25,http://ufcstats.com/fighter-details/39792c2f42c9f527,165.1,,56.7
Jorge Santiago,Orthodox,1980-10-09,http://ufcstats.com/fighter-details/f8dc544e7077d014,185.42000000000002,190.5,77.112
Mike Santiago,Orthodox,1989-07-28,http://ufcstats.com/fighter-details/bc656db347f31e19,177.8,175.26,65.772
Will Santiago,Orthodox,1983-02-08,http://ufcstats.com/fighter-details/4920292f5d9b76df,170.18,,83.916
Richie Santiago,Southpaw,1992-10-10,http://ufcstats.com/fighter-details/9f95d6b5b459cc6b,170.18,170.18,61.236
Jose Santibanez,,1980-01-18,http://ufcstats.com/fighter-details/8299206ccebc44a7,,,70.308
Art Santore,,1972-10-26,http://ufcstats.com/fighter-details/012fc7cd0779c09a,187.96,,83.916
Adriano Santos,,,http://ufcstats.com/fighter-details/c6e6926a81adcd00,,,
Paulo Santos,,,http://ufcstats.com/fighter-details/7ca4c3f8aa8bacae,,,
Evangelista Santos,Orthodox,1977-12-12,http://ufcstats.com/fighter-details/99bf06f20491cb54,177.8,193.04,77.112
Luis Santos,Southpaw,,http://ufcstats.com/fighter-details/7701377be464d2ef,185.42000000000002,,77.112
Iliarde Santos,Orthodox,1980-09-25,http://ufcstats.com/fighter-details/14aa21bc82cac57d,165.1,170.18,56.7
Leonardo Santos,Orthodox,1980-02-05,http://ufcstats.com/fighter-details/9c65736747ca92ec,182.88,190.5,70.308
Thiago Santos,Orthodox,1984-01-07,http://ufcstats.com/fighter-details/dea070ed4a2a8281,187.96,193.04,92.988
Bruno Santos,Orthodox,1987-07-17,http://ufcstats.com/fighter-details/da1d8d76404bb6b5,175.26,,83.916
Andre Santos,,,http://ufcstats.com/fighter-details/5b5b78116d1fc3eb,182.88,,77.112
Gleristone Santos,,1988-08-20,http://ufcstats.com/fighter-details/d12ee718fb35c35c,175.26,,65.772
Yana Santos,Orthodox,1989-11-11,http://ufcstats.com/fighter-details/3143bf892608139a,167.64000000000001,172.72,61.236
Taila Santos,Orthodox,1993-06-22,http://ufcstats.com/fighter-details/f7467152fd9f18a2,167.64000000000001,172.72,56.7
Marilia Santos,Orthodox,1992-12-12,http://ufcstats.com/fighter-details/4cb79988b2a9bd07,162.56,,56.7
Edivan Santos,Orthodox,1992-05-03,http://ufcstats.com/fighter-details/78719f6663ad9160,193.04,198.12,112.4928
Daniel Santos,Orthodox,1995-03-12,http://ufcstats.com/fighter-details/b67d6bacc68d4c92,170.18,170.18,65.772
Gabriel Santos,Orthodox,1996-11-28,http://ufcstats.com/fighter-details/f2f140ce7532e327,175.26,177.8,65.772
Luana Santos,Orthodox,2000-04-16,http://ufcstats.com/fighter-details/5078e1dacf9d25f4,167.64000000000001,170.18,61.236
Djorden Santos,Orthodox,1997-08-01,http://ufcstats.com/fighter-details/312f7d7b2b2f7de4,182.88,190.5,83.916
Mairon Santos,Orthodox,2000-06-10,http://ufcstats.com/fighter-details/480779d7f9a424d3,170.18,182.88,70.308
Nick Sanzo,,,http://ufcstats.com/fighter-details/1d147d4163a6989b,175.26,,86.184
Bob Sapp,Orthodox,1974-09-22,http://ufcstats.com/fighter-details/9f3d6ddef3d3cccc,195.58,,158.76
Daniel Sarafian,Orthodox,1982-08-21,http://ufcstats.com/fighter-details/7e47047d0971d566,175.26,185.42000000000002,83.916
Jeka Saragih,Orthodox,1995-01-01,http://ufcstats.com/fighter-details/57186c150c645200,172.72,175.26,65.772
Diego Saraiva,Orthodox,1982-04-23,http://ufcstats.com/fighter-details/4f4dac51adc1af4f,167.64000000000001,,70.308
Harris Sarmiento,Orthodox,1983-09-09,http://ufcstats.com/fighter-details/026b4f7049085842,175.26,,70.308
Alexander Sarnavskiy,,1989-01-17,http://ufcstats.com/fighter-details/2097b1a5ff47dfb0,180.34,,70.308
Yuki Sasaki,Orthodox,1976-09-12,http://ufcstats.com/fighter-details/e5c38954c006f15c,187.96,,83.916
Kyosuke Sasaki,Southpaw,,http://ufcstats.com/fighter-details/23bd78c3f89bdb54,170.18,,83.0088
Yuta Sasaki,Southpaw,1989-10-07,http://ufcstats.com/fighter-details/7c3c48cf54a2848e,177.8,180.34,56.7
Paul Sass,Orthodox,1988-08-04,http://ufcstats.com/fighter-details/7b143a54451263d9,182.88,185.42000000000002,70.308
Keisuke Sasu,Switch,1994-09-30,http://ufcstats.com/fighter-details/b7bcf6dfbbb7c16c,165.1,175.26,65.772
Masaaki Satake,Orthodox,1965-08-17,http://ufcstats.com/fighter-details/f4a031ac205ac580,185.42000000000002,,99.792
Takenori Sato,Southpaw,1985-06-08,http://ufcstats.com/fighter-details/276c60b14b571dd4,177.8,,77.112
Takashi Sato,Southpaw,1990-06-09,http://ufcstats.com/fighter-details/8abac218746e04ca,177.8,185.42000000000002,77.112
Shogo Sato,Southpaw,1993-06-08,http://ufcstats.com/fighter-details/c982b98d33825763,170.18,167.64000000000001,77.112
Uran Satybaldiev,Orthodox,1994-08-10,http://ufcstats.com/fighter-details/02f484417a6fa69d,193.04,200.66,92.988
Jeimeson Saudino,,1991-03-05,http://ufcstats.com/fighter-details/f6f9d41669dd3eaa,167.64000000000001,,61.236
Tom Sauer,,1970-11-11,http://ufcstats.com/fighter-details/36ab6af06e312b41,185.42000000000002,,119.2968
Townsend Saunders,Orthodox,,http://ufcstats.com/fighter-details/20bd6c3e03c46ee6,165.1,,77.112
Ben Saunders,Orthodox,1983-04-13,http://ufcstats.com/fighter-details/484acc7b0f856ce9,187.96,195.58,77.112
Chad W. Saunders,Orthodox,,http://ufcstats.com/fighter-details/4fe9492959834bf7,177.8,,77.112
Chris Saunders,,1986-03-11,http://ufcstats.com/fighter-details/b35a159f525764eb,172.72,,70.308
Christien Savoie,Orthodox,1992-08-29,http://ufcstats.com/fighter-details/67f0d1b1b0b39bec,180.34,182.88,77.112
Lumumba Sayers,,1978-06-30,http://ufcstats.com/fighter-details/402ea3b5ee233852,182.88,,83.916
Matt Sayles,Orthodox,1994-02-21,http://ufcstats.com/fighter-details/5b8ba8f5512893b1,170.18,172.72,70.308
Brandon Sayles,,1981-04-23,http://ufcstats.com/fighter-details/72b7c071910990b1,195.58,,120.20400000000001
Mikheil Sazhiniani,Orthodox,1996-10-05,http://ufcstats.com/fighter-details/22a1f83edb865aee,182.88,180.34,92.988
Mark Scanlon,Orthodox,,http://ufcstats.com/fighter-details/771b60ff889661c8,175.26,,77.112
Eric Schafer,Orthodox,1977-09-20,http://ufcstats.com/fighter-details/f59f1d3a2ff13edd,190.5,193.04,83.916
Kerry Schall,Orthodox,1971-08-09,http://ufcstats.com/fighter-details/030f08370fd1c2bb,187.96,,120.20400000000001
Eric Schambari,Orthodox,1978-04-22,http://ufcstats.com/fighter-details/66e981516e2476d1,180.34,,83.916
Brendan Schaub,Orthodox,1983-03-18,http://ufcstats.com/fighter-details/89a407032911e27e,193.04,198.12,111.132
Matheus Scheffel,Orthodox,1992-11-04,http://ufcstats.com/fighter-details/a296ad1d238d97df,187.96,190.5,92.988
Antonio Schembri,Orthodox,1974-06-01,http://ufcstats.com/fighter-details/a3244e3238541482,175.26,,92.988
Fabiano Scherner,Orthodox,1972-06-30,http://ufcstats.com/fighter-details/0bc7e61d204f2137,190.5,,116.5752
Samy Schiavo,Orthodox,1975-12-24,http://ufcstats.com/fighter-details/1208ffc5be6e31ad,172.72,,70.308
Pat Schilling,Orthodox,1988-08-28,http://ufcstats.com/fighter-details/de12bd65e2f46478,172.72,,65.772
Joe Schilling,,,http://ufcstats.com/fighter-details/f41fad444939056b,190.5,,83.916
Semmy Schilt,Orthodox,1973-10-27,http://ufcstats.com/fighter-details/d5ed14b2153c6ed2,208.28,,120.20400000000001
Adam Schindler,,1983-05-19,http://ufcstats.com/fighter-details/89ea01f5a7ada40c,172.72,,70.308
Daniel Schmitt,,,http://ufcstats.com/fighter-details/bd02e222a6166d50,,,83.916
Colleen Schneider,,,http://ufcstats.com/fighter-details/aa943b9bc00cb0ed,,,61.236
Matt Schnell,Orthodox,1990-01-15,http://ufcstats.com/fighter-details/67c1d46f4ed16f9e,172.72,177.8,56.7
Alex Schoenauer,Orthodox,1976-05-05,http://ufcstats.com/fighter-details/fdfef29ba17ee525,190.5,,83.916
Bailey Schoenfelder,Orthodox,1997-09-22,http://ufcstats.com/fighter-details/b0353e7f5038dd09,190.5,193.04,120.20400000000001
Darrill Schoonover,Orthodox,1985-07-18,http://ufcstats.com/fighter-details/5a558ba1ff5e9121,187.96,,99.792
Bob Schrijber,Orthodox,,http://ufcstats.com/fighter-details/d86e913c548c07c2,182.88,,108.864
Nate Schroeder,,,http://ufcstats.com/fighter-details/040426baba8a45e8,185.42000000000002,,104.328
Lacey Schuckman,,,http://ufcstats.com/fighter-details/e44c679c30403cba,160.02,,56.7
Mark Schultz,Orthodox,,http://ufcstats.com/fighter-details/c1684f00c626f4c0,175.26,,90.72
Wes Schultz,Orthodox,1996-08-09,http://ufcstats.com/fighter-details/b4443fae47e7eb9d,187.96,195.58,83.916
Brian Schwartz,Orthodox,,http://ufcstats.com/fighter-details/99c80d2bd5dbe5a9,190.5,,77.112
Eric Schwartz,,,http://ufcstats.com/fighter-details/79cbdf233e5e0496,,,92.988
Justin Scoggins,Southpaw,1992-05-02,http://ufcstats.com/fighter-details/9fa568ad2bf2cb0b,170.18,167.64000000000001,56.7
Brad Scott,Orthodox,1989-06-24,http://ufcstats.com/fighter-details/34e552520a934063,185.42000000000002,193.04,77.112
Greg Scott,,,http://ufcstats.com/fighter-details/0b235384fe23fc9c,175.26,,65.772
Louis Lee Scott,Orthodox,2000-02-26,http://ufcstats.com/fighter-details/4327506eb9ee342f,172.72,177.8,61.236
Zachary Scroggin,Orthodox,1996-03-09,http://ufcstats.com/fighter-details/03dee485905dbc9f,190.5,187.96,77.112
Mike Seal,Orthodox,,http://ufcstats.com/fighter-details/0c01568b1ac77bff,193.04,,83.916
Demba Seck,Orthodox,1993-07-07,http://ufcstats.com/fighter-details/b9af9f8834e39d3e,185.42000000000002,187.96,65.772
Matt Secor,,1986-09-26,http://ufcstats.com/fighter-details/d1ce40aca99a9b70,182.88,,77.112
Kenneth Seegrist,Orthodox,,http://ufcstats.com/fighter-details/55e94a9b525dcf45,182.88,,83.916
Neil Seery,Orthodox,1979-08-30,http://ufcstats.com/fighter-details/49a74b9fb2e45fdf,162.56,162.56,56.7
Rony Sefo,Orthodox,,http://ufcstats.com/fighter-details/d6b68eaf4b68b160,175.26,,102.06
Ray Sefo,Orthodox,1971-02-15,http://ufcstats.com/fighter-details/646d5dbe509accd4,182.88,,108.864
Brendan Seguin,,1976-07-03,http://ufcstats.com/fighter-details/e4bb7e483c4ad318,182.88,,83.916
Tetsuya Seki,,1994-02-08,http://ufcstats.com/fighter-details/5e1062e066c601e6,177.8,,70.308
Stefan Sekulic,Southpaw,1992-02-12,http://ufcstats.com/fighter-details/348dff4e03bd18c6,182.88,190.5,77.112
Pete Sell,Orthodox,1982-08-05,http://ufcstats.com/fighter-details/0359313549d230a1,180.34,190.5,77.112
Matthew Semelsberger,Switch,1992-11-23,http://ufcstats.com/fighter-details/4aa58269d0664b5b,185.42000000000002,190.5,77.112
Andrei Semenov,Orthodox,1977-06-17,http://ufcstats.com/fighter-details/5f2f0da6fd6a84fd,182.88,,83.916
Mackens Semerzier,Orthodox,1980-11-03,http://ufcstats.com/fighter-details/51b1e2fd9872005b,175.26,182.88,65.772
Brandon Sene,,1981-05-21,http://ufcstats.com/fighter-details/3ed134d85dfbd7b4,180.34,,92.988
YeDam Seo,Orthodox,1992-03-20,http://ufcstats.com/fighter-details/762572d67204fadb,160.02,160.02,52.164
DongHyun Seo,Orthodox,1990-08-22,http://ufcstats.com/fighter-details/0505e27a5d00704a,170.18,170.18,65.772
Kim In Seok,Orthodox,,http://ufcstats.com/fighter-details/88b250ba222c3a98,167.64000000000001,,65.772
Ray Seraille,,,http://ufcstats.com/fighter-details/2f04c4183523be2e,190.5,,111.5856
Ivan Serati,Orthodox,,http://ufcstats.com/fighter-details/b23fca14c7b79935,182.88,,92.988
Alex Serdyukov,Orthodox,1980-05-24,http://ufcstats.com/fighter-details/253d3f9e97ca149a,187.96,187.96,77.112
Nicholas Sergiacomi,,,http://ufcstats.com/fighter-details/efab191f204ffa17,,,77.112
Matt Serra,Orthodox,1974-06-02,http://ufcstats.com/fighter-details/86dfed7cc24a9fa7,167.64000000000001,172.72,77.112
Nick Serra,Orthodox,1978-03-27,http://ufcstats.com/fighter-details/1975c2272ba40e71,175.26,,77.112
Adrian Serrano,,1963-12-23,http://ufcstats.com/fighter-details/e7ec11096eac0282,172.72,,77.112
Fredy Serrano,Orthodox,1979-09-22,http://ufcstats.com/fighter-details/0ccab7c889ede9ea,160.02,165.1,56.7
Carl Seumanutafa,Orthodox,,http://ufcstats.com/fighter-details/dadaeb402526dca5,185.42000000000002,,115.668
Igor Severino,Orthodox,2003-04-21,http://ufcstats.com/fighter-details/6ad8e4296f7522d9,170.18,175.26,56.7
Dan Severn,Southpaw,1958-06-08,http://ufcstats.com/fighter-details/c670aa48827d6be6,187.96,,113.4
Rosi Sexton,Orthodox,1977-07-16,http://ufcstats.com/fighter-details/5dfe71ade71f3a4b,160.02,,61.236
Rodrigo Sezinando,Orthodox,1997-12-11,http://ufcstats.com/fighter-details/c06d6b18862f9a53,175.26,180.34,77.112
Scott Shaffer,Orthodox,,http://ufcstats.com/fighter-details/5c38639f860a5542,170.18,,65.772
Edmen Shahbazyan,Orthodox,1997-11-20,http://ufcstats.com/fighter-details/4144798612ef96e5,187.96,190.5,83.916
Leon Shahbazyan,Orthodox,1995-11-18,http://ufcstats.com/fighter-details/9eed2bcc9e0b92af,193.04,187.96,77.112
Don Shainis,Orthodox,1990-09-16,http://ufcstats.com/fighter-details/da4628f173337902,167.64000000000001,170.18,65.772
Liliya Shakirova,Orthodox,1991-10-24,http://ufcstats.com/fighter-details/f300763147320d12,162.56,165.1,56.7
Kamal Shalorus,Orthodox,1972-08-27,http://ufcstats.com/fighter-details/ece280745f8727b8,172.72,172.72,70.308
Ken Shamrock,Orthodox,1964-02-11,http://ufcstats.com/fighter-details/63b65af1c5cb02cb,185.42000000000002,182.88,92.988
Frank Shamrock,Orthodox,1972-12-08,http://ufcstats.com/fighter-details/fcaae0385b514f11,177.8,,83.916
Shang Zhifa,Orthodox,1986-03-15,http://ufcstats.com/fighter-details/5a7350645bc9bd6e,170.18,160.02,56.7
Sean Sharaf,Orthodox,1993-07-11,http://ufcstats.com/fighter-details/0f3a990526c5e706,190.5,195.58,114.3072
Priya Sharma,Orthodox,1991-08-29,http://ufcstats.com/fighter-details/5f23eaf9e9c34667,154.94,149.86,52.164
Jason Sharp,,,http://ufcstats.com/fighter-details/285e32e41f61a5b1,,,92.988
Eric Shelton,Orthodox,1991-02-02,http://ufcstats.com/fighter-details/a0c64f272b65d441,167.64000000000001,172.72,56.7
Sean Sherk,Orthodox,1973-08-05,http://ufcstats.com/fighter-details/029880cdbf5ca089,167.64000000000001,170.18,70.308
Chase Sherman,Orthodox,1989-11-16,http://ufcstats.com/fighter-details/01b352b6a9074d5c,193.04,198.12,113.4
Valentina Shevchenko,Southpaw,1988-03-07,http://ufcstats.com/fighter-details/132deb59abae64b1,165.1,167.64000000000001,56.7
Antonina Shevchenko,Southpaw,1984-11-20,http://ufcstats.com/fighter-details/d7338bcb141abd2c,172.72,170.18,56.7
Shi Ming,Orthodox,1994-11-14,http://ufcstats.com/fighter-details/d683f4870742b273,157.48,152.4,52.164
Katsuyori Shibata,Orthodox,1979-11-17,http://ufcstats.com/fighter-details/d4da8995fc91e7ef,182.88,,76.2048
Jake Shields,Orthodox,1979-01-09,http://ufcstats.com/fighter-details/fe435e440b5de0ff,182.88,182.88,77.112
Henrique Shiguemoto,Orthodox,1989-06-22,http://ufcstats.com/fighter-details/5d1700cfbaafbe06,180.34,182.88,83.916
Shunichi Shimizu,Orthodox,1985-01-31,http://ufcstats.com/fighter-details/10657c60ce349e0f,165.1,,61.236
Wade Shipp,Orthodox,1975-02-09,http://ufcstats.com/fighter-details/a9a314cc77d90b6e,190.5,,111.132
Raja Shippen,,1986-10-07,http://ufcstats.com/fighter-details/d9e1942637bd57a4,167.64000000000001,,65.772
Yuya Shirai,Orthodox,1980-04-02,http://ufcstats.com/fighter-details/a79bfbc01b2264d6,172.72,,76.2048
Wes Shivers,,,http://ufcstats.com/fighter-details/ad863b0d57952c57,203.2,,
Alexander Shlemenko,,1984-05-20,http://ufcstats.com/fighter-details/ed3ea649b34ddb6c,180.34,,83.916
Josh Shockley,Orthodox,1989-11-15,http://ufcstats.com/fighter-details/1d36f1ac66cf689d,185.42000000000002,,70.308
Josh Shockman,Southpaw,1980-12-29,http://ufcstats.com/fighter-details/821cd80aab70d5f9,193.04,,106.596
Akira Shoji,Orthodox,1974-01-31,http://ufcstats.com/fighter-details/b0c95dc8e858452c,172.72,,88.452
Liudvik Sholinian,Orthodox,1990-01-20,http://ufcstats.com/fighter-details/1a54231796e24a3f,177.8,180.34,61.236
Jack Shore,Orthodox,1995-02-06,http://ufcstats.com/fighter-details/b8a85389d115e35a,172.72,180.34,65.772
Landon Showalter,,1976-06-14,http://ufcstats.com/fighter-details/35cc17760b06f36d,182.88,,83.916
Ivan Shtyrkov,Orthodox,1988-06-09,http://ufcstats.com/fighter-details/1f4b1d7d12601c5f,182.88,187.96,92.988
Brandon Shuey,Orthodox,1976-02-01,http://ufcstats.com/fighter-details/585f9ffdb0cd0466,170.18,,70.308
Ronal Siahaan,Southpaw,1996-05-05,http://ufcstats.com/fighter-details/762226efa2b01654,170.18,180.34,56.7
Sam Sicilia,Orthodox,1986-02-01,http://ufcstats.com/fighter-details/b8aef0faf4ce9b31,172.72,170.18,65.772
Kiril Sidelnikov,,1988-08-17,http://ufcstats.com/fighter-details/cf772fb504842dc3,180.34,,104.328
Serhiy Sidey,Switch,1996-07-04,http://ufcstats.com/fighter-details/1a2bf44edb8055b6,180.34,182.88,61.236
Steven Siler,Orthodox,1987-02-15,http://ufcstats.com/fighter-details/d188a3b817860ec6,180.34,177.8,65.772
Siala Siliga,Orthodox,1970-10-08,http://ufcstats.com/fighter-details/3cf68c1d17f66af7,185.42000000000002,,131.544
Xavier Siller,,1994-06-06,http://ufcstats.com/fighter-details/9a08c2753184ac6d,165.1,,56.7
Assuerio Silva,Orthodox,1974-06-18,http://ufcstats.com/fighter-details/e091482fa6648261,177.8,,109.3176
Anderson Silva,Southpaw,1975-04-14,http://ufcstats.com/fighter-details/1f454354805b6f75,187.96,195.58,83.916
Wanderlei Silva,Orthodox,1976-07-03,http://ufcstats.com/fighter-details/a1f6999fe57236e0,180.34,187.96,92.988
Thiago Silva,Orthodox,1982-11-12,http://ufcstats.com/fighter-details/2924886ee9c4c527,187.96,187.96,92.988
Paulo Cesar Silva,Orthodox,1963-07-21,http://ufcstats.com/fighter-details/55b8dc4e54fe2c59,226.06,,174.636
Jean Silva,Orthodox,1977-10-08,http://ufcstats.com/fighter-details/9211aae062b799d6,167.64000000000001,,72.576
Edson Silva,Orthodox,,http://ufcstats.com/fighter-details/a1153013cb5f628f,,,92.988
Sidney Silva,Southpaw,1972-02-27,http://ufcstats.com/fighter-details/a6c32678efd4f434,190.5,,77.112
Jay Silva,Southpaw,,http://ufcstats.com/fighter-details/53bb0d40905b87c0,187.96,,83.916
Antonio Silva,Orthodox,1979-09-14,http://ufcstats.com/fighter-details/8349d55cdecd393a,193.04,208.28,119.7504
Fabio Silva,Orthodox,1982-03-31,http://ufcstats.com/fighter-details/2ba479b409011527,180.34,,92.988
Erick Silva,Orthodox,1984-06-21,http://ufcstats.com/fighter-details/5866fc86183a9fb8,182.88,187.96,77.112
Leandro Silva,Orthodox,1985-11-11,http://ufcstats.com/fighter-details/159da492e000afbf,175.26,182.88,70.308
Claudio Silva,Southpaw,1982-09-06,http://ufcstats.com/fighter-details/6f7c616b98e18c29,180.34,180.34,77.112
Wagner Silva,Orthodox,1987-02-07,http://ufcstats.com/fighter-details/fb79582c410d049e,182.88,,77.112
Rafael Silva,,1985-03-20,http://ufcstats.com/fighter-details/a31358d90d4bb40a,170.18,,61.236
Joaquim Silva,Southpaw,1989-02-05,http://ufcstats.com/fighter-details/ae7fe94f117f98cf,172.72,175.26,70.308
Felipe Silva,Orthodox,1984-05-08,http://ufcstats.com/fighter-details/1b38a2b897f6209c,182.88,195.58,70.308
Dayana Silva,Orthodox,1990-08-27,http://ufcstats.com/fighter-details/b19aecbfbb5508cc,170.18,,61.236
Bruno Silva,Orthodox,1990-03-16,http://ufcstats.com/fighter-details/294aa73dbf37d281,162.56,165.1,56.7
Bruno Silva,Orthodox,1989-07-13,http://ufcstats.com/fighter-details/12ebd7d157e91701,182.88,187.96,83.916
Gabriel Silva,Orthodox,1994-08-26,http://ufcstats.com/fighter-details/002ca196477ce572,167.64000000000001,180.34,61.236
Jacob Silva,Orthodox,1988-02-23,http://ufcstats.com/fighter-details/f6f2ea21a67be3a7,165.1,170.18,56.7
Natalia Silva,Southpaw,1997-02-03,http://ufcstats.com/fighter-details/262d32ebda89efc4,162.56,165.1,56.7
Jansey Silva,Orthodox,1995-05-30,http://ufcstats.com/fighter-details/0d09efd31eb9fadf,187.96,170.18,83.916
Maria Silva,Orthodox,1995-12-19,http://ufcstats.com/fighter-details/4408865b4e65e374,160.02,162.56,52.164
Karine Silva,Orthodox,1993-12-02,http://ufcstats.com/fighter-details/9d62c2d8ee151f08,165.1,170.18,56.7
Erik Silva,Orthodox,1987-03-16,http://ufcstats.com/fighter-details/21b813b919776d90,175.26,180.34,65.772
Janaina Silva,Orthodox,1992-02-16,http://ufcstats.com/fighter-details/4784a5b4a452464a,154.94,152.4,52.164
Jhonata Silva,Orthodox,1997-04-24,http://ufcstats.com/fighter-details/4e33534d1e036444,165.1,167.64000000000001,56.7
Jean Silva,Orthodox,1996-12-27,http://ufcstats.com/fighter-details/52ef95b5860fb28c,170.18,175.26,65.772
Danny Silva,Switch,1997-01-30,http://ufcstats.com/fighter-details/d964a59c48381cb6,180.34,177.8,65.772
Frank Silva,,2004-08-25,http://ufcstats.com/fighter-details/79f60d34ad48d7a3,,,56.7
Samuel Silva,Orthodox,1996-01-02,http://ufcstats.com/fighter-details/04e0507b94014dbb,182.88,182.88,70.308
Douglas Silva de Andrade,Orthodox,1985-06-22,http://ufcstats.com/fighter-details/3a314d9fa7c6825d,170.18,172.72,61.236
Leonardo Silva de Oliveira,Orthodox,1992-04-23,http://ufcstats.com/fighter-details/28e088bbcaaa6366,187.96,,83.916
Marcus Silveira,Orthodox,,http://ufcstats.com/fighter-details/f717b6002486f73f,190.5,,109.77120000000001
Elias Silverio,Orthodox,1986-09-22,http://ufcstats.com/fighter-details/52ba464d9068d871,180.34,185.42000000000002,70.308
Sim Kai Xiong,Orthodox,1997-09-06,http://ufcstats.com/fighter-details/79e2cb1e813f881b,167.64000000000001,170.18,61.236
Jamey Simmons,Orthodox,1992-09-11,http://ufcstats.com/fighter-details/f0fad0e9f3b65752,167.64000000000001,177.8,61.236
Ricky Simon,Orthodox,1992-08-31,http://ufcstats.com/fighter-details/5987b2458f4b5290,167.64000000000001,175.26,61.236
Aaron Simpson,Orthodox,1974-07-20,http://ufcstats.com/fighter-details/d5f820c11a121050,182.88,185.42000000000002,77.112
Wes Sims,Orthodox,1979-08-04,http://ufcstats.com/fighter-details/e0f7c4f3f67bc808,208.28,,117.936
Marlon Sims,,,http://ufcstats.com/fighter-details/9eedac48b497de5a,,,77.112
Tony Sims,Southpaw,1985-10-14,http://ufcstats.com/fighter-details/57bad6a84230f0c9,180.34,177.8,70.308
Everett Sims,Southpaw,1988-09-04,http://ufcstats.com/fighter-details/59c6d5af765df641,195.58,195.58,117.936
Lodune Sincaid,Orthodox,1973-05-07,http://ufcstats.com/fighter-details/265589bdd93e7ce5,175.26,,83.916
Rob Sinclair,,1980-02-20,http://ufcstats.com/fighter-details/3b65c9dd39741bc4,172.72,,70.308
Rory Singer,Orthodox,1976-05-28,http://ufcstats.com/fighter-details/546015aa2ad945fd,187.96,195.58,83.916
Rana Rudra Pratap Singh,Orthodox,1997-05-09,http://ufcstats.com/fighter-details/254ed71756cfd18c,177.8,175.26,61.236
Kiran Singh,Orthodox,2000-07-25,http://ufcstats.com/fighter-details/f985ca2370a37078,154.94,165.1,52.164
Elvis Sinosic,Orthodox,1971-02-13,http://ufcstats.com/fighter-details/817e0bdf08efce2e,190.5,195.58,92.988
Mitchell Sipe,Orthodox,1996-04-09,http://ufcstats.com/fighter-details/71ef1111bf829b82,187.96,,111.132
Gian Siqueira,Orthodox,1994-06-23,http://ufcstats.com/fighter-details/a46fdda658fee832,185.42000000000002,187.96,77.112
Jeremia Siregar,Orthodox,1991-07-27,http://ufcstats.com/fighter-details/a7ac3b1b0c4146db,157.48,160.02,56.7
AJ Siscoe,,,http://ufcstats.com/fighter-details/fce9b4056a8ef559,170.18,,61.236
Yokthai Sithoar,,1974-12-25,http://ufcstats.com/fighter-details/436cdea7bdfdc016,170.18,,64.8648
Jeri Sitzes,,,http://ufcstats.com/fighter-details/44a1dd0ef4373edc,165.1,,56.7
Dennis Siver,Orthodox,1979-01-13,http://ufcstats.com/fighter-details/5f87a5c00b3d17ed,167.64000000000001,177.8,65.772
Chas Skelly,Orthodox,1985-05-11,http://ufcstats.com/fighter-details/4bd6b4800070b069,180.34,182.88,65.772
Matt Skelton,Orthodox,1967-01-23,http://ufcstats.com/fighter-details/caced97768818230,190.5,,120.20400000000001
Zach Skinner,Orthodox,,http://ufcstats.com/fighter-details/c337c3c85b1871e0,167.64000000000001,,65.772
Brian Sleeman,,,http://ufcstats.com/fighter-details/9db861c26b63daa8,172.72,,83.916
Joe Slick,Orthodox,1977-10-17,http://ufcstats.com/fighter-details/80e6d71e14c1d356,182.88,,90.2664
Ray Sloan,,1985-07-14,http://ufcstats.com/fighter-details/a2d1d3d144fed708,185.42000000000002,,92.988
Kestutis Smirnovas,Orthodox,,http://ufcstats.com/fighter-details/1979c80150f630c4,177.8,,90.72
Maurice Smith,Orthodox,1961-12-13,http://ufcstats.com/fighter-details/33e33d51f289d2a1,187.96,,100.2456
Patrick Smith,Orthodox,1963-08-28,http://ufcstats.com/fighter-details/46c8ec317aff28ac,187.96,,102.06
Scott Smith,Orthodox,1979-05-21,http://ufcstats.com/fighter-details/3410cf010558dc8b,182.88,177.8,83.916
Eric Smith,Southpaw,,http://ufcstats.com/fighter-details/9114c8ded5ccd71d,,,
Josh Smith,Orthodox,1982-07-02,http://ufcstats.com/fighter-details/f626aa1c85f8af03,182.88,,70.308
David Smith,,,http://ufcstats.com/fighter-details/e955046551f8c7dd,,,70.308
Adam Smith,,,http://ufcstats.com/fighter-details/754968e325d6f60d,,,
Dillon Smith,,,http://ufcstats.com/fighter-details/ffee353f55e3aa2c,182.88,,77.112
Trevor Smith,Orthodox,1981-01-05,http://ufcstats.com/fighter-details/f797f0c57a83353e,190.5,190.5,83.916
Anthony Smith,Orthodox,1988-07-26,http://ufcstats.com/fighter-details/d4c9dcd330403612,193.04,193.04,92.988
Colton Smith,Orthodox,1987-08-14,http://ufcstats.com/fighter-details/2e25c1d983c26311,182.88,180.34,70.308
Gilbert Smith,Southpaw,1981-10-19,http://ufcstats.com/fighter-details/54ed8dc6f8c31207,175.26,,83.916
Leslie Smith,Orthodox,1982-08-17,http://ufcstats.com/fighter-details/76984112f697631f,175.26,167.64000000000001,61.236
Devonte Smith,Orthodox,1993-07-30,http://ufcstats.com/fighter-details/207773daeb4afa7b,175.26,193.04,70.308
Cole Smith,Orthodox,1989-04-05,http://ufcstats.com/fighter-details/56709e66f1c6008f,180.34,170.18,61.236
Nate Smith,Switch,1995-04-09,http://ufcstats.com/fighter-details/0bbb69f69c9a2eea,167.64000000000001,175.26,56.7
Braxton Smith,Orthodox,1990-01-01,http://ufcstats.com/fighter-details/eaa9402e5a7990ad,180.34,182.88,116.5752
Elijah Smith,Orthodox,2002-09-05,http://ufcstats.com/fighter-details/7478b7f959ba61f5,175.26,180.34,61.236
Jacobe Smith,Southpaw,1996-01-17,http://ufcstats.com/fighter-details/85497ffd934ecf7e,177.8,182.88,77.112
Walter Smith-Cotito,,,http://ufcstats.com/fighter-details/625b65b45c1c6888,172.72,,61.236
Justin Smitley,,,http://ufcstats.com/fighter-details/c5776fa8f4bf77aa,,,65.772
Dmitrii Smoliakov,Switch,1982-08-05,http://ufcstats.com/fighter-details/75afb06215a07341,187.96,187.96,114.7608
Louis Smolka,Orthodox,1991-07-16,http://ufcstats.com/fighter-details/d2bc285ead803db0,175.26,172.72,61.236
Cameron Smotherman,Orthodox,1997-09-17,http://ufcstats.com/fighter-details/5c84f673b7bb7c15,175.26,175.26,61.236
Shimon Smotritsky,Orthodox,2000-08-22,http://ufcstats.com/fighter-details/1b0491ef0f9c965e,187.96,187.96,77.112
Richie Smullen,Orthodox,1991-08-17,http://ufcstats.com/fighter-details/f75c5ca0d91b9115,175.26,172.72,70.308
Devin Smyth,Switch,1995-07-21,http://ufcstats.com/fighter-details/7684c8137b4545ba,177.8,182.88,77.112
Denis Sobolev,Orthodox,,http://ufcstats.com/fighter-details/03b1e846b09f721d,190.5,,97.9776
Peter Sobotta,Southpaw,1987-01-11,http://ufcstats.com/fighter-details/1fcfc3709fe58151,182.88,190.5,77.112
Renato Sobral,Orthodox,1975-09-07,http://ufcstats.com/fighter-details/d468288756ae3982,185.42000000000002,190.5,92.988
Rameau Thierry Sokoudjou,Orthodox,1984-04-18,http://ufcstats.com/fighter-details/d1152823307d7e7c,177.8,198.12,92.988
Axel Sola,Southpaw,1997-09-17,http://ufcstats.com/fighter-details/1d2d98ddd05b38fb,187.96,187.96,77.112
Alexander Soldatkin,Orthodox,1993-06-10,http://ufcstats.com/fighter-details/f1451d605bad178e,187.96,190.5,113.4
Joe Solecki,Orthodox,1993-08-27,http://ufcstats.com/fighter-details/af65aa688d13eedf,175.26,177.8,70.308
Chris Solomon,,,http://ufcstats.com/fighter-details/324c7a749128df8d,180.34,,70.308
Joe Son,Orthodox,1970-11-22,http://ufcstats.com/fighter-details/83b743fedde154fb,162.56,,107.0496
Paul Song,,,http://ufcstats.com/fighter-details/9775eabcb1be1a00,,,83.916
Song Kenan,Orthodox,1990-03-10,http://ufcstats.com/fighter-details/32490e80ddab1e5a,182.88,180.34,77.112
Song Yadong,Orthodox,1997-12-02,http://ufcstats.com/fighter-details/efb96bf3e9ada36f,172.72,170.18,61.236
YoungJae Song,Orthodox,1996-01-03,http://ufcstats.com/fighter-details/0efb0d4ebb950fcb,170.18,177.8,65.772
Hyeonjong Song,,2002-04-23,http://ufcstats.com/fighter-details/c5dc1bf9b78f262c,,,61.236
Emrah Sonmez,Orthodox,1992-06-26,http://ufcstats.com/fighter-details/fe759b24e344d7eb,177.8,180.34,65.772
Chael Sonnen,Southpaw,1977-04-03,http://ufcstats.com/fighter-details/48d1f690b763934c,185.42000000000002,185.42000000000002,92.988
Cody Sons,,,http://ufcstats.com/fighter-details/3324129f3745b300,175.26,,92.988
Jin Soo Son,Orthodox,1993-04-01,http://ufcstats.com/fighter-details/7c9c6a884be167fe,167.64000000000001,175.26,61.236
Benardo Sopaj,Orthodox,2000-09-25,http://ufcstats.com/fighter-details/b6c37948cb226e8c,167.64000000000001,167.64000000000001,61.236
Emiliano Sordi,Orthodox,1991-02-15,http://ufcstats.com/fighter-details/4c9b84d559822830,187.96,,92.988
Sean Soriano,Orthodox,1989-10-06,http://ufcstats.com/fighter-details/bd5403efbaa445c0,175.26,177.8,65.772
Punahele Soriano,Southpaw,1992-11-22,http://ufcstats.com/fighter-details/64facb6cc564262d,180.34,182.88,77.112
Hecher Sosa,Orthodox,1995-08-25,http://ufcstats.com/fighter-details/ec3bd30378d63dd1,175.26,177.8,61.236
Dmitry Sosnovskiy,Orthodox,1989-07-06,http://ufcstats.com/fighter-details/85ff1b9471d35238,190.5,195.58,108.864
Ben Sosoli,Southpaw,1989-12-10,http://ufcstats.com/fighter-details/326f94d6cfb1bf25,182.88,182.88,120.20400000000001
Krzysztof Soszynski,Open Stance,1977-08-02,http://ufcstats.com/fighter-details/59583ff832fe9d68,185.42000000000002,195.58,92.988
George Sotiropoulos,Orthodox,1977-07-09,http://ufcstats.com/fighter-details/896c322f56b8be5a,177.8,180.34,70.308
Greg Soto,Orthodox,1986-06-03,http://ufcstats.com/fighter-details/9c669abd35b2522f,180.34,185.42000000000002,77.112
Alex Soto,Southpaw,1984-02-15,http://ufcstats.com/fighter-details/d18dbcb0f8e2b55d,172.72,,61.236
Joe Soto,Orthodox,1987-03-22,http://ufcstats.com/fighter-details/a4e85a58fbce64b2,167.64000000000001,165.1,61.236
Mario Soto,,,http://ufcstats.com/fighter-details/cac3aaa66c20bee1,182.88,,65.772
Andre Soukhamthath,Orthodox,1988-10-23,http://ufcstats.com/fighter-details/d0e50a3d1b250708,175.26,177.8,61.236
Mario Sousa,Orthodox,1996-10-20,http://ufcstats.com/fighter-details/72782745eb47161a,190.5,200.66,83.916
Manoel Sousa,Orthodox,1997-06-04,http://ufcstats.com/fighter-details/5870c541798124ae,175.26,177.8,70.308
Bobby Southworth,Orthodox,1969-12-16,http://ufcstats.com/fighter-details/aee8eecfc4bfb1e7,187.96,,92.988
Jacare Souza,Orthodox,1979-12-07,http://ufcstats.com/fighter-details/7a703c565ccaa18f,185.42000000000002,182.88,83.916
Edimilson Souza,Orthodox,1984-10-17,http://ufcstats.com/fighter-details/6c7020b859c7a3ce,182.88,187.96,65.772
Livinha Souza,Orthodox,1991-03-11,http://ufcstats.com/fighter-details/dab8cfbb6b1db10a,160.02,160.02,52.164
Bruno Souza,Orthodox,1996-03-07,http://ufcstats.com/fighter-details/0e5c4e72237461bb,177.8,177.8,65.772
Ketlen Souza,Orthodox,1994-08-18,http://ufcstats.com/fighter-details/8bd4200561c77a62,160.02,160.02,52.164
Heraldo Souza,Orthodox,1994-12-15,http://ufcstats.com/fighter-details/22b43be04d7454d0,180.34,185.42000000000002,83.916
Charon Spain,,1988-03-11,http://ufcstats.com/fighter-details/c278e8843b8abfec,175.26,,70.308
Chris Spang,Orthodox,1987-11-26,http://ufcstats.com/fighter-details/411d012af19ecb59,187.96,,77.112
Andreas Spang,,1978-11-07,http://ufcstats.com/fighter-details/b9eb5b4ed07d1525,185.42000000000002,,83.916
Ryan Spann,Orthodox,1991-08-24,http://ufcstats.com/fighter-details/a67f5afa8d6a1b80,195.58,200.66,92.988
Ron Sparks,,,http://ufcstats.com/fighter-details/743fd9080892501d,195.58,,120.20400000000001
Tommy Speer,Orthodox,1984-08-20,http://ufcstats.com/fighter-details/1411c630ba711b64,177.8,180.34,77.112
Patrick Speight,Orthodox,,http://ufcstats.com/fighter-details/ae4650eb56ab6a11,185.42000000000002,,77.112
Sean Spencer,Orthodox,1987-06-25,http://ufcstats.com/fighter-details/ab850a77a0fa487d,177.8,187.96,77.112
Felicia Spencer,Orthodox,1990-11-29,http://ufcstats.com/fighter-details/39d91e95949de3d9,167.64000000000001,172.72,65.772
Sam Spengler,Orthodox,,http://ufcstats.com/fighter-details/221b2a3070c7ce3e,180.34,,83.916
Nick Sperling,,,http://ufcstats.com/fighter-details/7d68f3bec89e08ec,,,61.236
Mario Sperry,Orthodox,1966-09-28,http://ufcstats.com/fighter-details/5f2197acaba7d5ef,187.96,,92.988
Eric Spicely,Orthodox,1986-09-29,http://ufcstats.com/fighter-details/b9664eae2ac75262,185.42000000000002,185.42000000000002,83.916
Waachiim Spiritwolf,,,http://ufcstats.com/fighter-details/71caa995674203aa,172.72,,77.112
Daniel Spitz,Orthodox,1990-07-31,http://ufcstats.com/fighter-details/f86cb5f25d545e0e,200.66,208.28,111.132
Serghei Spivac,Orthodox,1995-01-24,http://ufcstats.com/fighter-details/e2f6b2769aaedd6c,190.5,198.12,117.936
Daniel Spohn,Southpaw,1984-10-12,http://ufcstats.com/fighter-details/87f3bbf52e6c9dc9,193.04,200.66,92.988
Pete Spratt,Orthodox,1971-01-09,http://ufcstats.com/fighter-details/c3ea8deeba00462b,175.26,,77.112
Austin Springer,Orthodox,1987-05-12,http://ufcstats.com/fighter-details/37cc294027f55e4d,172.72,180.34,65.772
Georges St-Pierre,Orthodox,1981-05-19,http://ufcstats.com/fighter-details/6506c1d34da9c013,180.34,193.04,83.916
Bobby Stack,Orthodox,,http://ufcstats.com/fighter-details/6436029b50a9c255,175.26,,70.308
Andreas Stahl,Orthodox,1988-05-20,http://ufcstats.com/fighter-details/69a400af4420cd6a,180.34,,77.112
Ron Stallings,Southpaw,1983-01-25,http://ufcstats.com/fighter-details/6dd758d34da8d254,187.96,190.5,77.112
Cody Stamann,Orthodox,1989-11-09,http://ufcstats.com/fighter-details/bf7ad5628363eec9,167.64000000000001,162.56,61.236
Cristina Stanciu,Orthodox,1994-03-29,http://ufcstats.com/fighter-details/175852708cb55776,160.02,,52.164
Brian Stann,Orthodox,1980-09-24,http://ufcstats.com/fighter-details/579fcdfcabd23a7b,185.42000000000002,187.96,92.988
Josh Stansbury,Orthodox,1984-11-19,http://ufcstats.com/fighter-details/30ea504870f8597b,187.96,187.96,92.988
Dion Staring,Orthodox,1978-06-09,http://ufcstats.com/fighter-details/289a57039d742bfe,185.42000000000002,,106.596
Lucas Stark,,,http://ufcstats.com/fighter-details/93e4754d0984c82f,,,70.308
Clifford Starks,Orthodox,1981-04-25,http://ufcstats.com/fighter-details/5abf827d62f98fee,182.88,198.12,83.916
Kalib Starnes,Orthodox,1975-01-06,http://ufcstats.com/fighter-details/c8136ab8aa32c974,190.5,187.96,83.916
Laureano Staropoli,Orthodox,1993-02-27,http://ufcstats.com/fighter-details/a12a8314adc1c1c9,185.42000000000002,180.34,83.916
Damian Stasiak,Orthodox,1990-02-20,http://ufcstats.com/fighter-details/42a7e90605df3c8a,165.1,177.8,61.236
Adam Steele,,,http://ufcstats.com/fighter-details/16044bd8762cf794,,,77.112
Dominique Steele,Orthodox,1988-01-27,http://ufcstats.com/fighter-details/68c11c27d4d56572,177.8,187.96,77.112
Ricky Steele,Orthodox,1988-05-26,http://ufcstats.com/fighter-details/09a6ed4ee97a5606,175.26,187.96,61.236
Kody Steele,Orthodox,1995-04-21,http://ufcstats.com/fighter-details/aebaa8cec15b083d,175.26,180.34,70.308
Eric Steenberg,,1983-06-22,http://ufcstats.com/fighter-details/377bc9dc0b2745f9,,,70.308
Steve Steinbeiss,Orthodox,1981-05-05,http://ufcstats.com/fighter-details/0b5b6876c2a4723f,190.5,190.5,83.916
Ray Steinbeiss,Orthodox,1979-09-12,http://ufcstats.com/fighter-details/6000b5ae6c462142,180.34,,77.112
Dmitri Stepanov,Orthodox,,http://ufcstats.com/fighter-details/738acab0c6934dd8,190.5,,98.4312
Jeremy Stephens,Orthodox,1986-05-25,http://ufcstats.com/fighter-details/18968f97ad34f15c,175.26,180.34,70.308
Aljamain Sterling,Orthodox,1989-07-31,http://ufcstats.com/fighter-details/cb696ebfb6598724,170.18,180.34,65.772
Marc Stevens,,,http://ufcstats.com/fighter-details/310c4d4b2b32796b,175.26,,70.308
Joe Stevenson,Orthodox,1982-06-15,http://ufcstats.com/fighter-details/79899ecf62020f6d,170.18,177.8,65.772
Maia Stevenson,Orthodox,1982-03-19,http://ufcstats.com/fighter-details/2fee10d5cf86bfca,162.56,157.48,52.164
Luke Stewart,Orthodox,,http://ufcstats.com/fighter-details/27b1a406ac171b19,180.34,,77.112
Darren Stewart,Orthodox,1990-12-30,http://ufcstats.com/fighter-details/a17ad5a5048e8c3f,182.88,187.96,92.988
Kyle Stewart,Orthodox,1989-01-31,http://ufcstats.com/fighter-details/bb61823f76361297,182.88,193.04,77.112
Alex Stiebling,Southpaw,,http://ufcstats.com/fighter-details/df5a77121ba84a5d,187.96,,92.988
Tyler Stinson,,1986-01-17,http://ufcstats.com/fighter-details/2cf520143e76cd2e,190.5,,77.112
Navajo Stirling,Orthodox,1997-11-07,http://ufcstats.com/fighter-details/b4b496ec2197ee3e,193.04,200.66,92.988
Dan Stittgen,Orthodox,1980-11-17,http://ufcstats.com/fighter-details/cc3147b49c7d7d92,185.42000000000002,,77.112
Lazar Stojadinovic,Southpaw,1989-03-22,http://ufcstats.com/fighter-details/4d25497994da569c,170.18,172.72,65.772
Denis Stojnic,Orthodox,1980-02-02,http://ufcstats.com/fighter-details/a421465acbe59c77,182.88,,111.132
Julija Stoliarenko,Orthodox,1993-04-08,http://ufcstats.com/fighter-details/a78a87d8c2bbb1cb,170.18,167.64000000000001,56.7
Dustin Stoltzfus,Orthodox,1991-11-15,http://ufcstats.com/fighter-details/71505842fb6455c3,182.88,190.5,83.916
Niklas Stolze,Switch,1992-12-28,http://ufcstats.com/fighter-details/62f7097c04311193,185.42000000000002,187.96,70.308
Ken Stone,Southpaw,1982-10-08,http://ufcstats.com/fighter-details/fbf0947399d14323,172.72,180.34,61.236
Ryan Stonitsch,Southpaw,1977-02-03,http://ufcstats.com/fighter-details/8d477c3fbe001f9d,175.26,,77.112
George Stork,,,http://ufcstats.com/fighter-details/61dd409cb40d1a55,177.8,,83.916
Rick Story,Southpaw,1984-08-28,http://ufcstats.com/fighter-details/5b5307450405abf0,175.26,180.34,77.112
Darko Stosic,Orthodox,1992-02-09,http://ufcstats.com/fighter-details/025f0b1b58fbad01,182.88,193.04,92.988
Greg Stott,Southpaw,,http://ufcstats.com/fighter-details/91181b29be041f1c,170.18,,99.792
Curtis Stout,Southpaw,1973-11-07,http://ufcstats.com/fighter-details/e09dbbd5fe3f0fe2,185.42000000000002,,83.916
Sam Stout,Orthodox,1984-04-23,http://ufcstats.com/fighter-details/501b07aec9b8fc2d,175.26,177.8,70.308
Tim Stout,,1979-02-09,http://ufcstats.com/fighter-details/e1a4568fec1fc24f,180.34,,83.916
Jesse Strader,Orthodox,1991-05-29,http://ufcstats.com/fighter-details/8c39367b53eadf8a,170.18,177.8,61.236
Gennaro Strangis,,,http://ufcstats.com/fighter-details/495add4fbede0a44,,,
Dave Strasser,Orthodox,1969-07-13,http://ufcstats.com/fighter-details/980b4e712489098e,177.8,,77.112
Daniel Straus,,1984-07-27,http://ufcstats.com/fighter-details/15347cd4cdf01b03,170.18,180.34,65.772
Gerald Strebendt,Orthodox,1979-03-01,http://ufcstats.com/fighter-details/04f9fe830cf13482,175.26,,70.308
Sean Strickland,Orthodox,1991-02-27,http://ufcstats.com/fighter-details/0d8011111be000b2,185.42000000000002,193.04,83.916
Mark Striegl,Southpaw,1988-06-23,http://ufcstats.com/fighter-details/ef1182eb28c17d4e,172.72,177.8,65.772
Hans Stringer,Orthodox,1987-07-06,http://ufcstats.com/fighter-details/523f6ad11dbe9b53,190.5,,92.988
Stefan Struve,Orthodox,1988-02-18,http://ufcstats.com/fighter-details/ebc1f40e00e0c481,210.82,213.36,120.20400000000001
Josh Stuart,,,http://ufcstats.com/fighter-details/601cf40c09090853,175.26,,72.576
Mike Stumpf,,1986-08-01,http://ufcstats.com/fighter-details/c0c36a5b3d5bbdd5,177.8,,77.112
Kyle Sturgeon,Switch,,http://ufcstats.com/fighter-details/d30415ec5e8783cd,190.5,,102.06
Tatiana Suarez,Southpaw,1990-12-19,http://ufcstats.com/fighter-details/b08012bbe542592a,165.1,167.64000000000001,52.164
Masanori Suda,Orthodox,,http://ufcstats.com/fighter-details/3a7513372f79c8c8,175.26,,83.0088
Genki Sudo,Orthodox,1978-03-08,http://ufcstats.com/fighter-details/99dd0147dc4ef80c,175.26,,70.308
Lucasz Sudolski,Orthodox,1993-06-15,http://ufcstats.com/fighter-details/b160e4f251283d70,193.04,190.5,92.988
Daisuke Sugie,Orthodox,,http://ufcstats.com/fighter-details/8215e4fe24e8e81b,167.64000000000001,,72.576
Takashi Sugiura,Southpaw,1970-05-31,http://ufcstats.com/fighter-details/06c60fc2c8dcd7bd,180.34,,102.06
Naho Sugiyuma,,1978-02-03,http://ufcstats.com/fighter-details/b205d4f2ff44bc89,154.94,,47.628
Sulangrangbo,Southpaw,2005-07-17,http://ufcstats.com/fighter-details/1dd1a3aacde66f72,175.26,167.64000000000001,61.236
George Sullivan,Orthodox,1981-03-13,http://ufcstats.com/fighter-details/6c7e25571490aa3b,182.88,185.42000000000002,77.112
Amar Suloev,Orthodox,1976-07-01,http://ufcstats.com/fighter-details/7aa88401f93ce836,175.26,,83.0088
Magomed Sultanakhmedov,Southpaw,,http://ufcstats.com/fighter-details/fe1fdc6be470f773,187.96,,83.916
Justin Sumter,Southpaw,1989-11-16,http://ufcstats.com/fighter-details/31f9a1f56cbb6ac5,187.96,203.2,83.916
Sumudaerji,Southpaw,1996-01-20,http://ufcstats.com/fighter-details/3cf18e01cb6cbde3,172.72,182.88,56.7
Rama Supandhi,Southpaw,1991-11-07,http://ufcstats.com/fighter-details/6d537248fe7cccf1,165.1,167.64000000000001,56.7
Aji Susilo,,,http://ufcstats.com/fighter-details/22af3546bd967280,177.8,,70.308
Baisangur Susurkaev,Orthodox,2001-01-08,http://ufcstats.com/fighter-details/d1feea7a4bdcd503,187.96,200.66,83.916
Louie Sutherland,Orthodox,1994-02-08,http://ufcstats.com/fighter-details/cdb7b38b1b357f26,190.5,193.04,119.7504
Jason Suttie,Orthodox,1973-08-07,http://ufcstats.com/fighter-details/cc5834a495d1ea08,182.88,,95.256
Joel Sutton,Orthodox,,http://ufcstats.com/fighter-details/a6a9ab5a824e8f66,180.34,,92.988
Chad Sutton,,1982-08-07,http://ufcstats.com/fighter-details/556347e2b0e33979,185.42000000000002,,83.916
Danilo Suzart,Orthodox,1991-12-04,http://ufcstats.com/fighter-details/3d99e5aa85d7576a,182.88,,117.936
Martin Svensson,,1985-04-25,http://ufcstats.com/fighter-details/bcad7223af3c19da,185.42000000000002,,70.308
Daniel Swain,Orthodox,1991-01-30,http://ufcstats.com/fighter-details/cc39185f2d7d89e4,175.26,177.8,65.772
Cub Swanson,Orthodox,1983-11-02,http://ufcstats.com/fighter-details/d247691a6c0e9034,172.72,177.8,65.772
Mike Swick,Orthodox,1979-06-19,http://ufcstats.com/fighter-details/9fe85152f351e737,185.42000000000002,195.58,77.112
Floyd Sword,Orthodox,1976-08-24,http://ufcstats.com/fighter-details/5330fe7e4c3af81c,182.88,,83.916
Oumar Sy,Orthodox,1995-11-21,http://ufcstats.com/fighter-details/46e2011d92463b7e,193.04,210.82,92.988
Klaudia Sygula,Orthodox,1998-12-30,http://ufcstats.com/fighter-details/9f5e3c20ce40b344,172.72,175.26,61.236
Bentley Syler,Orthodox,1982-12-22,http://ufcstats.com/fighter-details/abd2109bc4cb0291,162.56,,56.7
Kevin Syler,Switch,1993-07-29,http://ufcstats.com/fighter-details/9094a881a7513de3,175.26,180.34,70.308
Leo Sylvest,Orthodox,1973-09-03,http://ufcstats.com/fighter-details/58a36b4ccf5dc30e,180.34,,92.988
Tony Sylvester,Southpaw,1978-01-27,http://ufcstats.com/fighter-details/87b7df65c30008c4,185.42000000000002,,102.06
Tim Sylvia,Orthodox,1976-03-05,http://ufcstats.com/fighter-details/2a542ee8a8b83559,203.2,203.2,120.20400000000001
Kevin Szaflarski,Orthodox,1994-12-30,http://ufcstats.com/fighter-details/d2d05dda5f887f87,195.58,195.58,117.936
Sebastian Szalay,Orthodox,1994-02-03,http://ufcstats.com/fighter-details/f201f21cf2c79eb2,167.64000000000001,167.64000000000001,65.772
Bartosz Szewczyk,Orthodox,1997-09-18,http://ufcstats.com/fighter-details/224050896306f00c,193.04,185.42000000000002,92.988
Osamu Tachihikari,Orthodox,,http://ufcstats.com/fighter-details/e7bc606d269896aa,195.58,,136.08
Amber Tackett,,,http://ufcstats.com/fighter-details/bb01bc3c57f39b04,,,52.164
Eugenio Tadeu,Orthodox,,http://ufcstats.com/fighter-details/f70144caea5c4c80,172.72,,72.576
Albert Tadevosyan,,1992-04-12,http://ufcstats.com/fighter-details/6751b11102b6adfe,,,77.112
Justin Tafa,Southpaw,1993-12-13,http://ufcstats.com/fighter-details/e13abac8089a801a,182.88,187.96,119.7504
Junior Tafa,Orthodox,1996-09-21,http://ufcstats.com/fighter-details/c15fa95b9a12fde4,190.5,190.5,92.988
Khalid Taha,Orthodox,1992-02-15,http://ufcstats.com/fighter-details/b4537562f88ac582,165.1,175.26,61.236
Joe Taimanglo,,1984-06-27,http://ufcstats.com/fighter-details/9bf126927843e184,162.56,,61.236
Tatsuro Taira,Orthodox,2000-01-27,http://ufcstats.com/fighter-details/4461d7e47375a895,170.18,177.8,56.7
Mairbek Taisumov,Orthodox,1988-08-08,http://ufcstats.com/fighter-details/8f5c8850b2484173,175.26,185.42000000000002,70.308
Taiyilake Nueraji,Southpaw,2001-01-12,http://ufcstats.com/fighter-details/7498b3ac79a3b948,187.96,190.5,77.112
Nobuhiko Takada,Southpaw,1962-04-12,http://ufcstats.com/fighter-details/a25b71fe5e31fa97,182.88,,99.792
Yoshiki Takahashi,Southpaw,1969-03-13,http://ufcstats.com/fighter-details/6420efac0578988b,180.34,,90.2664
Yoko Takahashi,,1973-04-20,http://ufcstats.com/fighter-details/01f86e2d604e2f3c,172.72,,68.04
Daiju Takase,Southpaw,1978-04-20,http://ufcstats.com/fighter-details/4f74c8be51db8a37,182.88,,77.112
Hiroyuki Takaya,Orthodox,1977-06-10,http://ufcstats.com/fighter-details/0d16bdb7d32e88e9,167.64000000000001,,63.0504
Yoshihiro Takayama,Orthodox,1968-09-19,http://ufcstats.com/fighter-details/d856a0080ac09ed7,195.58,,127.008
Makoto Takimoto,Southpaw,1979-12-08,http://ufcstats.com/fighter-details/a7724f51e32e763e,170.18,,92.988
Oleg Taktarov,Orthodox,1967-08-26,http://ufcstats.com/fighter-details/1dc56b59cb28425d,182.88,,95.256
Payton Talbott,Switch,1998-09-09,http://ufcstats.com/fighter-details/6e743a33d56bdaa4,177.8,177.8,61.236
Nordine Taleb,Orthodox,1981-06-10,http://ufcstats.com/fighter-details/49858bf46dabf6fb,185.42000000000002,187.96,77.112
Murtaza Talha,Orthodox,1996-07-10,http://ufcstats.com/fighter-details/6aab5c20395ee722,182.88,187.96,92.988
Tsuyoshi Tamakairiki,Orthodox,,http://ufcstats.com/fighter-details/eaa0a728cc91ef60,182.88,,99.792
Eli Tamez,,1985-08-22,http://ufcstats.com/fighter-details/bfd4d50591033a1f,170.18,,61.236
Kiyoshi Tamura,Southpaw,1969-12-17,http://ufcstats.com/fighter-details/30e8b4505f5ccf92,180.34,,83.916
Akitoshi Tamura,Orthodox,1980-05-31,http://ufcstats.com/fighter-details/c95fbc085e17a532,175.26,177.8,61.236
Issei Tamura,Orthodox,1984-03-12,http://ufcstats.com/fighter-details/57bf89d42364d39e,165.1,160.02,61.236
Jason Tan,Orthodox,1981-12-17,http://ufcstats.com/fighter-details/ad3041e61896b975,177.8,,77.112
Akihito Tanaka,Southpaw,,http://ufcstats.com/fighter-details/1bf49bf829964144,,,
Michinori Tanaka,Orthodox,1990-10-04,http://ufcstats.com/fighter-details/64788ee44b062ded,165.1,170.18,61.236
Evan Tanner,Orthodox,1971-02-11,http://ufcstats.com/fighter-details/8f2d9ee27f206f1f,182.88,187.96,83.916
Kasey Tanner,Orthodox,1992-01-11,http://ufcstats.com/fighter-details/078b732efa497f49,170.18,175.26,61.236
Otari Tanzilovi,Orthodox,1998-04-09,http://ufcstats.com/fighter-details/b9124c308671e303,177.8,177.8,61.236
Manny Tapia,Orthodox,1981-03-14,http://ufcstats.com/fighter-details/0eec866a077889f0,165.1,170.18,61.236
Gary Tapusoa,,,http://ufcstats.com/fighter-details/37ac9e0f4fc86171,170.18,,83.916
Miesha Tate,Orthodox,1986-08-18,http://ufcstats.com/fighter-details/b96619b3acd7d9da,167.64000000000001,165.1,61.236
Aaron Tau,Switch,1993-08-21,http://ufcstats.com/fighter-details/7abf7f8778472b7b,162.56,167.64000000000001,56.7
Deividas Taurosevicius,Southpaw,1977-08-28,http://ufcstats.com/fighter-details/ef927e4fe2117ab8,175.26,172.72,65.772
Thiago Tavares,Orthodox,1984-11-08,http://ufcstats.com/fighter-details/8a59d346dc976a10,170.18,177.8,65.772
Jeremy Tavares,,,http://ufcstats.com/fighter-details/681d07e328798ec0,,,61.236
Brad Tavares,Orthodox,1987-12-21,http://ufcstats.com/fighter-details/0c6d9ea8306c029e,185.42000000000002,187.96,83.916
Ramon Taveras,Southpaw,1994-01-09,http://ufcstats.com/fighter-details/c5ccd878231c5407,172.72,177.8,65.772
Paul Taylor,Orthodox,1979-12-15,http://ufcstats.com/fighter-details/9b74de674c355425,182.88,182.88,70.308
Jesse Taylor,Orthodox,1983-01-02,http://ufcstats.com/fighter-details/dd992d569aaebee6,182.88,185.42000000000002,77.112
Torrance Taylor,,,http://ufcstats.com/fighter-details/88e53ec16b801740,170.18,,70.308
Louis Taylor,Orthodox,1979-05-12,http://ufcstats.com/fighter-details/49bddfee9ed54cf3,180.34,,83.916
Anthony Taylor,,,http://ufcstats.com/fighter-details/637a4d8825464c62,170.18,,65.772
Danielle Taylor,Orthodox,1989-10-25,http://ufcstats.com/fighter-details/b76c6268dc1d3c05,152.4,152.4,52.164
J.T Taylor,,,http://ufcstats.com/fighter-details/17c6e35e4da505b0,177.8,,
James Te Huna,Orthodox,1981-09-29,http://ufcstats.com/fighter-details/f5431394fb284bb9,187.96,190.5,83.916
Cam Teague,Orthodox,1998-02-13,http://ufcstats.com/fighter-details/b47c9ea5f2895d6e,177.8,175.26,65.772
Shawn Teed,Orthodox,1992-02-13,http://ufcstats.com/fighter-details/5bb70ebd65075c5c,195.58,,120.20400000000001
Glover Teixeira,Orthodox,1979-10-28,http://ufcstats.com/fighter-details/7ff97850e8c32bda,187.96,193.04,92.988
John Teixeira,Orthodox,1986-11-18,http://ufcstats.com/fighter-details/86061eaba822bfea,170.18,,65.772
Ewerton Teixeira,,1982-02-13,http://ufcstats.com/fighter-details/de9e331b3e6bae70,185.42000000000002,,109.77120000000001
Tallison Teixeira,Orthodox,1999-12-07,http://ufcstats.com/fighter-details/17923f676f100e16,200.66,210.82,117.0288
Tra Telligman,Orthodox,1965-02-07,http://ufcstats.com/fighter-details/1dab0d1d81dd06db,187.96,,105.6888
Ramazan Temirov,Orthodox,1997-01-31,http://ufcstats.com/fighter-details/7d0a1968b38ca439,162.56,160.02,56.7
Taneisha Tennant,Orthodox,1989-06-15,http://ufcstats.com/fighter-details/87911d22a79d3203,170.18,177.8,65.772
Herman Terrado,,,http://ufcstats.com/fighter-details/61d6368013f8637f,,,77.112
Dave Terrel,Southpaw,1978-05-10,http://ufcstats.com/fighter-details/b9aa0024f295609e,172.72,,77.112
David Terrell,Southpaw,1978-01-09,http://ufcstats.com/fighter-details/4123fd4dcc1fe937,185.42000000000002,,83.916
James Terry,Orthodox,1981-03-16,http://ufcstats.com/fighter-details/5befa793316d3469,177.8,,77.112
Jeff Terry,,,http://ufcstats.com/fighter-details/60f86c449cd31e23,187.96,,92.988
David Teymur,Southpaw,1989-05-01,http://ufcstats.com/fighter-details/2747c60e42d9d75f,175.26,185.42000000000002,70.308
Daniel Teymur,Orthodox,1988-02-03,http://ufcstats.com/fighter-details/fbf0537e420e698e,165.1,175.26,65.772
Motonobu Tezuka,Southpaw,1987-08-29,http://ufcstats.com/fighter-details/d34636a85f0f4c90,170.18,,61.236
Jason Thacker,Orthodox,1975-08-18,http://ufcstats.com/fighter-details/f0264252e191da22,177.8,,83.916
Alexia Thainara,Orthodox,1995-11-20,http://ufcstats.com/fighter-details/545092d13c67aa49,162.56,170.18,52.164
Brandon Thatch,Switch,1985-07-11,http://ufcstats.com/fighter-details/638cfec7ec559d6e,187.96,187.96,77.112
Elias Theodorou,Orthodox,1988-05-31,http://ufcstats.com/fighter-details/34f88592c0ab7a54,185.42000000000002,190.5,83.916
Nik Theotikos,Orthodox,,http://ufcstats.com/fighter-details/ca936c67687789e9,,,83.916
Paulo Thiago,Orthodox,1981-01-25,http://ufcstats.com/fighter-details/30a09e43f15f1d75,180.34,187.96,77.112
Colby Thicknesse,Orthodox,1999-06-23,http://ufcstats.com/fighter-details/ed7d329d7c29428d,170.18,175.26,61.236
Din Thomas,Orthodox,1976-09-28,http://ufcstats.com/fighter-details/40a604761ca7d64d,175.26,,70.308
Ryan Thomas,Orthodox,1984-11-05,http://ufcstats.com/fighter-details/b732b326c362fb62,182.88,,77.112
Noah Thomas,Orthodox,1981-03-27,http://ufcstats.com/fighter-details/319c15b8aac5bfde,175.26,,61.236
Joel Thomas ,,,http://ufcstats.com/fighter-details/2b33e57c4d0a4502,177.8,,77.112
Treston Thomison,,,http://ufcstats.com/fighter-details/ed5f04f833459877,172.72,,65.772
Nick Thompson,Orthodox,1981-06-23,http://ufcstats.com/fighter-details/7d3caf0f96f1b33d,185.42000000000002,187.96,77.112
James Thompson,Orthodox,1978-12-16,http://ufcstats.com/fighter-details/9e30f69cc0869301,195.58,,120.20400000000001
Oli Thompson,Orthodox,1980-01-02,http://ufcstats.com/fighter-details/dcdd511ff757f15c,185.42000000000002,190.5,109.77120000000001
Stephen Thompson,Orthodox,1983-02-11,http://ufcstats.com/fighter-details/4a28cb716c19157a,182.88,190.5,77.112
Josh Thomson,Orthodox,1978-09-21,http://ufcstats.com/fighter-details/a566371ba2ad7152,177.8,180.34,70.308
Simeon Thoresen,Orthodox,1984-03-14,http://ufcstats.com/fighter-details/fea8acf9bfcf09ec,185.42000000000002,200.66,77.112
Josh Thornburg,,1984-05-24,http://ufcstats.com/fighter-details/083e15da67d9b0fa,182.88,,77.112
Ti Haitao,,,http://ufcstats.com/fighter-details/3848cd6cac73e091,,,61.236
Gleison Tibau,Southpaw,1983-10-07,http://ufcstats.com/fighter-details/75e5fec9f72910ef,177.8,180.34,70.308
Chris Tickle,,1982-02-01,http://ufcstats.com/fighter-details/1d1b85389a05df69,175.26,,70.308
Nolan Ticman,Orthodox,1988-05-17,http://ufcstats.com/fighter-details/9eb069062a0cfc13,167.64000000000001,,56.7
Darren Till,Southpaw,1992-12-24,http://ufcstats.com/fighter-details/9ce6d5a03af801b7,182.88,187.96,83.916
Brett Tillis,,,http://ufcstats.com/fighter-details/7b461ccae8270207,,,65.772
Rio Tirto,Switch,2000-02-09,http://ufcstats.com/fighter-details/c830bc2eb134b646,162.56,167.64000000000001,56.7
Denis Tiuliulin,Orthodox,1988-05-17,http://ufcstats.com/fighter-details/0112352cb32f5026,185.42000000000002,195.58,83.916
Ryan Tobar,,,http://ufcstats.com/fighter-details/57481f1f10530c61,,,70.308
Rafael Tobias,Orthodox,2003-03-20,http://ufcstats.com/fighter-details/d6a8edb7410223a0,187.96,187.96,92.988
Andrew Todhunter,Switch,1987-11-30,http://ufcstats.com/fighter-details/274ca7b799b402cc,182.88,,83.916
Dusko Todorovic,Orthodox,1994-05-19,http://ufcstats.com/fighter-details/866fd7b1a6c90e7f,185.42000000000002,187.96,83.916
Tuco Tokkos,Orthodox,1990-06-30,http://ufcstats.com/fighter-details/3e8118c1ab52f211,193.04,193.04,92.988
Hideo Tokoro,Orthodox,1977-08-22,http://ufcstats.com/fighter-details/2d5fbe2103f97053,170.18,,61.236
Anatoly Tokov,,1990-02-17,http://ufcstats.com/fighter-details/679ae8c4fd022c6b,177.8,,83.916
Kazuki Tokudome,Southpaw,1987-03-04,http://ufcstats.com/fighter-details/c4af2feb4b58bc3b,180.34,185.42000000000002,70.308
Puja Tomar,Southpaw,1993-12-05,http://ufcstats.com/fighter-details/19f8a2f6eecd92ac,162.56,149.86,52.164
Tyler Toner,Orthodox,1983-03-31,http://ufcstats.com/fighter-details/8e893f269d5696b2,172.72,177.8,65.772
James Toney,Orthodox,1968-08-24,http://ufcstats.com/fighter-details/d10b35152277cf98,175.26,,99.792
Masanori Tonooka,Orthodox,,http://ufcstats.com/fighter-details/9de7c97e1c0d7927,172.72,,83.916
Carl Toomey,,,http://ufcstats.com/fighter-details/5ee87e0432205755,,,
Ilia Topuria,Orthodox,1997-01-21,http://ufcstats.com/fighter-details/54f64b5e283b0ce7,170.18,175.26,70.308
Aleksandre Topuria,Orthodox,1996-01-28,http://ufcstats.com/fighter-details/4a6dff1b260bcf61,170.18,172.72,61.236
Anthony Torres,Orthodox,1978-07-31,http://ufcstats.com/fighter-details/918d9d89d4d52acc,172.72,,77.112
Miguel Torres,Orthodox,1981-01-18,http://ufcstats.com/fighter-details/33b2f68ef95252e0,175.26,193.04,61.236
Ronys Torres,Orthodox,1975-08-13,http://ufcstats.com/fighter-details/cce79e827569f26e,170.18,,70.308
Haven Torres,,,http://ufcstats.com/fighter-details/1ff10dee2f7ae60c,,,56.7
Alex Torres,Orthodox,1988-05-29,http://ufcstats.com/fighter-details/e4e0f310b3cf23a8,177.8,,65.772
Abram Torres,,1982-10-29,http://ufcstats.com/fighter-details/e175a261a280f7cb,177.8,,77.112
Jose Torres,Orthodox,1992-08-02,http://ufcstats.com/fighter-details/d2036f31c035e0d1,162.56,165.1,56.7
Desmond Torres,Orthodox,1997-01-06,http://ufcstats.com/fighter-details/971aebf56267de20,167.64000000000001,175.26,61.236
Manuel Torres,Switch,1995-03-25,http://ufcstats.com/fighter-details/2e7878927067fdca,177.8,185.42000000000002,70.308
Justice Torres,Southpaw,1997-10-19,http://ufcstats.com/fighter-details/01762e1d4ff4dc51,170.18,167.64000000000001,65.772
Eduardo Torres Caut,Orthodox,1995-04-26,http://ufcstats.com/fighter-details/c8d46028907bcece,170.18,177.8,61.236
Salim Touahri,Orthodox,1989-09-28,http://ufcstats.com/fighter-details/cbf1c7ba5408a66f,177.8,182.88,77.112
Dequan Townsend,Orthodox,1986-05-11,http://ufcstats.com/fighter-details/3f7dab21b6c971bc,190.5,200.66,92.988
Minoru Toyonaga,Southpaw,,http://ufcstats.com/fighter-details/04076783ca83d6ae,180.34,,88.452
Slim Trabelsi,,1993-05-09,http://ufcstats.com/fighter-details/ff2ec83f44000f78,190.5,,106.596
Roberto Traven,Orthodox,1968-09-16,http://ufcstats.com/fighter-details/20ec0061400178ca,190.5,,102.9672
Bryan Travers,,1983-04-11,http://ufcstats.com/fighter-details/008cf84faae9c7a5,,,70.308
Alexander Trevino,,,http://ufcstats.com/fighter-details/73abb7a5c57fb443,,,77.112
Francisco Trevino,Orthodox,1981-12-17,http://ufcstats.com/fighter-details/97a6bbe6e6566a94,175.26,177.8,70.308
Angelo Trevino,Switch,1993-06-10,http://ufcstats.com/fighter-details/0cf9f5518d6063bb,180.34,,77.112
Frank Trigg,Southpaw,1972-05-07,http://ufcstats.com/fighter-details/d2d37e8eeb3abc8d,175.26,180.34,77.112
Francisco Trinaldo,Southpaw,1978-08-24,http://ufcstats.com/fighter-details/a8283a4f415e1eb9,175.26,177.8,77.112
Damien Trites,,1979-08-23,http://ufcstats.com/fighter-details/cb1c09c8126dbee0,180.34,,74.844
Michael Trizano,Orthodox,1991-12-31,http://ufcstats.com/fighter-details/5bf31a46becc1204,180.34,180.34,65.772
Antonio Trocoli,Orthodox,1990-12-06,http://ufcstats.com/fighter-details/6d48a2df51749d91,198.12,200.66,83.916
Tor Troeng,Orthodox,1983-01-25,http://ufcstats.com/fighter-details/8abf70f79e9e27c2,187.96,,83.916
Aaron Trujillo,,,http://ufcstats.com/fighter-details/cc18abc046b382c9,165.1,,56.7
Reynaldo Trujillo,,1982-01-01,http://ufcstats.com/fighter-details/e6b233a007cb06c4,175.26,,70.308
Abel Trujillo,Orthodox,1983-09-18,http://ufcstats.com/fighter-details/e14b5aa06eea9653,172.72,177.8,70.308
Arman Tsarukyan,Orthodox,1996-10-11,http://ufcstats.com/fighter-details/eae48ff31db420c2,170.18,182.88,70.308
Rei Tsuruya,Orthodox,2002-06-22,http://ufcstats.com/fighter-details/2f43a3e82661fa99,167.64000000000001,172.72,56.7
Chris Tuchscherer,Orthodox,1975-09-08,http://ufcstats.com/fighter-details/df05aa15b2d66f57,187.96,193.04,117.0288
Jon Tuck,Orthodox,1984-08-28,http://ufcstats.com/fighter-details/53ec9cb470e1a4ea,180.34,185.42000000000002,70.308
Gavin Tucker,Southpaw,1986-06-17,http://ufcstats.com/fighter-details/da816417a579a0bd,167.64000000000001,167.64000000000001,65.772
Jumabieke Tuerxun,Orthodox,1986-04-17,http://ufcstats.com/fighter-details/1ed32eaaba9ffe10,170.18,,61.236
Tom Tuggle,Orthodox,,http://ufcstats.com/fighter-details/b9aa7d230865b5fe,187.96,,113.4
Blair Tugman,,,http://ufcstats.com/fighter-details/63f8775391301891,182.88,,61.236
Tai Tuivasa,Southpaw,1993-03-16,http://ufcstats.com/fighter-details/c62fbc117d57b943,187.96,190.5,119.7504
Zubaira Tukhugov,Orthodox,1991-01-15,http://ufcstats.com/fighter-details/aceffa19749c4dc0,172.72,172.72,70.308
Teila Tuli,Orthodox,1969-06-14,http://ufcstats.com/fighter-details/96eff1a628adcc7f,182.88,,195.048
Marco Tulio,Orthodox,1994-06-13,http://ufcstats.com/fighter-details/9384e71bca6c409d,182.88,187.96,83.916
Nyamjargal Tumendemberel,Orthodox,1998-03-22,http://ufcstats.com/fighter-details/17cb6d8e8187f304,170.18,180.34,56.7
Albert Tumenov,Orthodox,1991-12-26,http://ufcstats.com/fighter-details/ff6a1f63c254127e,180.34,185.42000000000002,77.112
Ricky Turcios,Orthodox,1993-06-05,http://ufcstats.com/fighter-details/cd3d7e37ff2d679c,175.26,180.34,61.236
Anton Turkalj,Orthodox,1996-06-10,http://ufcstats.com/fighter-details/82529ce93cd9a2cf,193.04,198.12,92.988
Wellington Turman,Orthodox,1996-07-22,http://ufcstats.com/fighter-details/4dcfb28c011c11b2,182.88,182.88,77.112
Courtney Turner,,,http://ufcstats.com/fighter-details/56f4b81ec4db61af,187.96,,77.112
Jalin Turner,Southpaw,1995-05-18,http://ufcstats.com/fighter-details/4d8fa64202cee4c1,190.5,195.58,70.308
Austin Tweedy,Orthodox,1990-09-25,http://ufcstats.com/fighter-details/885adaff8fe15cf7,175.26,,70.308
Marcin Tybura,Orthodox,1985-11-09,http://ufcstats.com/fighter-details/c9cf753cfdf77fc2,190.5,198.12,111.5856
Raphael Uchegbu,Orthodox,1995-08-16,http://ufcstats.com/fighter-details/cb680d85b84cbfd9,175.26,185.42000000000002,61.236
Takeru Uchida,Southpaw,2002-09-30,http://ufcstats.com/fighter-details/1d76f07ffdd765c2,165.1,172.72,56.7
Alberto Uda,Orthodox,1984-08-08,http://ufcstats.com/fighter-details/8f2deefe8c5dfb5d,190.5,,83.916
Ryuki Ueyama,Southpaw,1976-04-17,http://ufcstats.com/fighter-details/bcd124bcd3d5be46,180.34,,81.648
Christian Uflacker,,1985-08-04,http://ufcstats.com/fighter-details/10ccf4ec9913cadc,180.34,,77.112
Andy Uhrich,,,http://ufcstats.com/fighter-details/4a1a492f299581d9,182.88,,77.112
Tagir Ulanbekov,Southpaw,1991-08-07,http://ufcstats.com/fighter-details/f00ac08ab056af5d,170.18,177.8,56.7
Carlos Ulberg,Orthodox,1990-11-07,http://ufcstats.com/fighter-details/9014c02eff8b3d62,193.04,195.58,92.988
Gasan Umalatov,Orthodox,1982-09-11,http://ufcstats.com/fighter-details/7a39bbac8cc0fa70,180.34,180.34,77.112
Jeremy Umphries,,,http://ufcstats.com/fighter-details/4793a2d90f5ab8ae,,,72.576
Zach Underwood,,,http://ufcstats.com/fighter-details/1e310618d02ff93b,187.96,,83.916
Caol Uno,Southpaw,1975-05-08,http://ufcstats.com/fighter-details/eb1723480fa2f96c,170.18,177.8,70.308
Kengo Ura,,1981-06-20,http://ufcstats.com/fighter-details/58258914525740a5,175.26,,74.844
Logan Urban,Orthodox,1994-04-22,http://ufcstats.com/fighter-details/5e23f30e9c6ed74e,182.88,182.88,77.112
Hector Urbina,Orthodox,1987-09-17,http://ufcstats.com/fighter-details/4b8fb0453a596b8e,180.34,185.42000000000002,77.112
Elias Urbina,Southpaw,1993-10-09,http://ufcstats.com/fighter-details/47fcdcaccb58ca80,190.5,195.58,83.916
Gilbert Urbina,Orthodox,1996-04-05,http://ufcstats.com/fighter-details/b12fb759e02378de,190.5,190.5,77.112
Guilherme Uriel,Orthodox,1997-02-18,http://ufcstats.com/fighter-details/4252b09f0c8c4472,185.42000000000002,187.96,120.20400000000001
Nick Urso,Southpaw,1985-09-26,http://ufcstats.com/fighter-details/e78c4c3d329c531b,167.64000000000001,167.64000000000001,56.7
Yasuhiro Urushitani,Southpaw,1976-09-08,http://ufcstats.com/fighter-details/c34e5849184b08c3,165.1,,56.7
Sho Patrick Usami,Orthodox,2000-05-08,http://ufcstats.com/fighter-details/fe30c5f5cc3e028b,175.26,177.8,70.308
Kamaru Usman,Switch,1987-05-11,http://ufcstats.com/fighter-details/f1b2aa7853d1ed6e,182.88,193.04,77.112
Mohammed Usman,Orthodox,1989-04-01,http://ufcstats.com/fighter-details/da7f113b5ea39c43,187.96,200.66,108.4104
Darren Uyenoyama,Orthodox,1979-10-15,http://ufcstats.com/fighter-details/6546af7ab545b90c,167.64000000000001,165.1,56.7
Richie Vaculik,Orthodox,1983-06-19,http://ufcstats.com/fighter-details/54578e5927adea53,167.64000000000001,175.26,56.7
Rashid Vagabov,Orthodox,1998-06-27,http://ufcstats.com/fighter-details/0d1190beced94f7c,170.18,160.02,56.7
Artem Vakhitov,Orthodox,1991-04-04,http://ufcstats.com/fighter-details/43e549b803ec7375,185.42000000000002,190.5,92.988
Egidijus Valavicius,Orthodox,,http://ufcstats.com/fighter-details/fc1868f56d3036eb,182.88,,90.72
Genaro Valdez,Orthodox,1992-01-16,http://ufcstats.com/fighter-details/cda1099995b46cc2,175.26,182.88,70.308
Charlie Valencia,Orthodox,1974-10-31,http://ufcstats.com/fighter-details/8a0be41c0380188d,160.02,162.56,61.236
Robert Valentin,Orthodox,1995-03-31,http://ufcstats.com/fighter-details/0cd0456d6029cec2,187.96,195.58,83.916
Victor Valenzuela,,,http://ufcstats.com/fighter-details/de277a4abcfeea46,177.8,,70.308
Ivan Valenzuela,Orthodox,1992-11-17,http://ufcstats.com/fighter-details/45b82ebf0b9e0fd2,187.96,195.58,83.916
Victor Valenzuela,,1994-02-09,http://ufcstats.com/fighter-details/078695e385ec2f57,,,77.112
Timur Valiev,Orthodox,1990-01-19,http://ufcstats.com/fighter-details/45e738622ea2c02c,167.64000000000001,170.18,61.236
Victor Valimaki,Orthodox,,http://ufcstats.com/fighter-details/663b76da637402c3,182.88,,92.988
Andrew Valladerez,,,http://ufcstats.com/fighter-details/2a898bf9fb7710b3,,,61.236
Kevin Vallejos,Switch,2001-12-08,http://ufcstats.com/fighter-details/239d8e5359022f3b,170.18,172.72,65.772
Isaac Vallie-Flagg,Orthodox,1978-04-08,http://ufcstats.com/fighter-details/c295de4e10acd4c9,172.72,177.8,70.308
Joshua Van,Orthodox,2001-10-10,http://ufcstats.com/fighter-details/17e97649403ba428,165.1,165.1,56.7
Mike van Arsdale,Switch,1965-06-20,http://ufcstats.com/fighter-details/2ee09ec2a0695eb9,187.96,,92.988
Matt Van Buren,,1986-06-12,http://ufcstats.com/fighter-details/7b39035fae7268b8,195.58,,92.988
Ron van Clief,Orthodox,1943-01-25,http://ufcstats.com/fighter-details/23ab42947c1990e3,177.8,,86.184
Lloyd Van Dams,Southpaw,1972-03-05,http://ufcstats.com/fighter-details/02177caefe7c07d4,185.42000000000002,,108.864
Alain Van der Merckt,,1993-06-11,http://ufcstats.com/fighter-details/f6bbc6ba4f06ad60,,,83.916
Cameron VanCamp,Switch,1993-04-27,http://ufcstats.com/fighter-details/87e2468b986ebb79,187.96,187.96,70.308
Chad Vance,Orthodox,,http://ufcstats.com/fighter-details/26d61e92a6069cd2,182.88,,83.916
Jared Vanderaa,Orthodox,1992-05-12,http://ufcstats.com/fighter-details/2b68d9f125d07b42,193.04,203.2,120.20400000000001
Austin Vanderford,Orthodox,1990-03-21,http://ufcstats.com/fighter-details/32c3ee378671a5d9,180.34,187.96,77.112
Lando Vannata,Orthodox,1992-03-14,http://ufcstats.com/fighter-details/f9b200db02b488d9,175.26,180.34,70.308
Paige VanZant,Orthodox,1994-03-26,http://ufcstats.com/fighter-details/4d5197f331c47290,162.56,165.1,52.164
Paul Varelans,Orthodox,,http://ufcstats.com/fighter-details/07a18ae55dfc3cd9,203.2,,136.08
Kazula Vargas,Southpaw,1985-08-15,http://ufcstats.com/fighter-details/ec18eb918121787c,172.72,180.34,70.308
Jamie Varner,Orthodox,1984-10-12,http://ufcstats.com/fighter-details/a54fc2d6fc224dc3,172.72,180.34,70.308
Guilherme Vasconcelos,Orthodox,1986-03-23,http://ufcstats.com/fighter-details/d6d5da3c209884bc,182.88,,83.916
Linton Vassell,,1983-06-03,http://ufcstats.com/fighter-details/a148dfe3485be79d,193.04,,92.988
Billy Vaughan,,1983-12-02,http://ufcstats.com/fighter-details/61428ed51f5ff465,167.64000000000001,,70.308
Yuri Vaulin,Southpaw,,http://ufcstats.com/fighter-details/4679a38cced7c64a,193.04,,89.3592
Javier Vazquez,Southpaw,1977-07-16,http://ufcstats.com/fighter-details/be5cfd73617a5b1a,170.18,175.26,65.772
Manny Vazquez,Orthodox,1993-11-19,http://ufcstats.com/fighter-details/8d4d25fd9218860b,177.8,182.88,56.7
Matt Veach,Orthodox,1981-05-31,http://ufcstats.com/fighter-details/5731cc327790b731,180.34,,70.308
Joe Vedepo,Orthodox,,http://ufcstats.com/fighter-details/d35c3ed553b71fa2,182.88,,83.916
Kelly Velasco,Orthodox,1995-05-21,http://ufcstats.com/fighter-details/93c9897f0f9f5dab,175.26,,61.236
Greg Velasco,Southpaw,1993-09-23,http://ufcstats.com/fighter-details/34a81ebbce32b06b,187.96,177.8,120.20400000000001
Cain Velasquez,Orthodox,1982-07-28,http://ufcstats.com/fighter-details/0ff11cc094e887bc,185.42000000000002,195.58,108.864
David Velasquez,Orthodox,,http://ufcstats.com/fighter-details/09c44b317c98bf96,165.1,,65.772
Bojan Velickovic,Southpaw,1988-12-18,http://ufcstats.com/fighter-details/fcce75a25c14a804,182.88,193.04,77.112
Karlos Vemola,Orthodox,1985-07-03,http://ufcstats.com/fighter-details/d23ccf4a6c221284,182.88,190.5,83.916
Luigi Vendramini,Orthodox,1996-01-16,http://ufcstats.com/fighter-details/2f1a257d6777096d,172.72,185.42000000000002,70.308
Jerrel Venetiaan,Orthodox,1971-03-09,http://ufcstats.com/fighter-details/602bb270f2bdbf02,185.42000000000002,,88.452
Scott Ventimiglia,,1972-11-17,http://ufcstats.com/fighter-details/6e62bb64f7cc5026,180.34,,83.916
Brandon Vera,Orthodox,1977-10-10,http://ufcstats.com/fighter-details/fa315e6c77eee106,190.5,198.12,104.328
Kerry Vera,Orthodox,,http://ufcstats.com/fighter-details/df0a1c1e11ad199b,170.18,,61.236
Marlon Vera,Switch,1992-12-02,http://ufcstats.com/fighter-details/7c7332319c14094c,172.72,177.8,61.236
Carlos Vera,Orthodox,1987-11-05,http://ufcstats.com/fighter-details/07f959e6596307bb,167.64000000000001,175.26,61.236
Isis Verbeek,Orthodox,1995-01-12,http://ufcstats.com/fighter-details/d6f58b8cd1a6ff52,162.56,162.56,52.164
Ernie Verdicia,Orthodox,,http://ufcstats.com/fighter-details/2b1587a3376ab743,180.34,,90.2664
Joe Veres,Orthodox,1977-11-09,http://ufcstats.com/fighter-details/c6d8ae3b016d5ad5,170.18,,70.308
Nikolay Veretennikov,Orthodox,1989-12-22,http://ufcstats.com/fighter-details/0f1efce7d2571d10,185.42000000000002,187.96,77.112
CJ Vergara,Orthodox,1991-06-18,http://ufcstats.com/fighter-details/077e3ace32b72be9,167.64000000000001,172.72,56.7
Renato Verissimo,Orthodox,1973-08-03,http://ufcstats.com/fighter-details/c24b1db4b809d41b,185.42000000000002,,77.112
Bryan Vetell,Southpaw,1977-07-26,http://ufcstats.com/fighter-details/13a0fb8fbdafb54f,190.5,,120.20400000000001
Marvin Vettori,Southpaw,1993-09-20,http://ufcstats.com/fighter-details/7acbb0972e75281a,182.88,187.96,83.916
Hugo Viana,Orthodox,1982-09-26,http://ufcstats.com/fighter-details/f95381efb3051d81,167.64000000000001,170.18,61.236
Guilherme Viana,,,http://ufcstats.com/fighter-details/393b8e03fb410a78,193.04,,92.988
Polyana Viana,Orthodox,1992-06-14,http://ufcstats.com/fighter-details/9673a497a9da119a,165.1,170.18,52.164
Vitor Vianna,Orthodox,,http://ufcstats.com/fighter-details/744f50016c39c26c,,,92.988
James Vick,Orthodox,1987-02-23,http://ufcstats.com/fighter-details/6256b2b1562cb8e1,190.5,193.04,70.308
Tamires Vidal,Orthodox,1998-07-27,http://ufcstats.com/fighter-details/4f3064faf17aa711,167.64000000000001,172.72,61.236
Freddy Vidal,Orthodox,1994-05-06,http://ufcstats.com/fighter-details/024158997e7c5829,190.5,200.66,92.988
Milton Vieira,Orthodox,1978-10-04,http://ufcstats.com/fighter-details/7cf20446453f852b,182.88,,65.772
Reginaldo Vieira,Orthodox,1982-11-26,http://ufcstats.com/fighter-details/f9081770e28ea2e1,170.18,165.1,61.236
Ketlen Vieira,Orthodox,1991-08-26,http://ufcstats.com/fighter-details/b9706f80d005036c,172.72,172.72,61.236
Rodolfo Vieira,Orthodox,1989-09-25,http://ufcstats.com/fighter-details/260e9e0d4954aea6,182.88,185.42000000000002,83.916
Steve Vigneault,Orthodox,1978-02-14,http://ufcstats.com/fighter-details/6888e31ce88f5b17,177.8,,83.916
Alejandro Villalobos,,1979-10-26,http://ufcstats.com/fighter-details/2e88f2030d8a928a,170.18,,65.772
DeMarco Villalona,,,http://ufcstats.com/fighter-details/0275e33febc2818c,175.26,,83.916
Gian Villante,Orthodox,1985-08-18,http://ufcstats.com/fighter-details/fcd448a2fe1a23cc,190.5,193.04,104.328
Ike Villanueva,Orthodox,1984-04-04,http://ufcstats.com/fighter-details/f9d0cae37dabfafc,185.42000000000002,185.42000000000002,92.988
Ruben Villareal,Orthodox,1970-05-01,http://ufcstats.com/fighter-details/39f68882def7a507,193.04,,120.20400000000001
Armando Villarreal,Southpaw,1989-08-08,http://ufcstats.com/fighter-details/454c1f0b638972ab,170.18,167.64000000000001,61.236
Pablo Villaseca,,1987-01-26,http://ufcstats.com/fighter-details/34f93dfbd43b2144,170.18,,70.308
Joey Villasenor,Orthodox,1975-10-17,http://ufcstats.com/fighter-details/15515e797aedc137,182.88,,83.916
Danillo Villefort,Orthodox,1983-05-08,http://ufcstats.com/fighter-details/fd87b1bbfcde9d5e,185.42000000000002,,83.916
Yuri Villefort,Orthodox,1991-03-23,http://ufcstats.com/fighter-details/0fb1e2694a39a02f,182.88,185.42000000000002,77.112
Tre'ston Vines,Orthodox,1996-06-18,http://ufcstats.com/fighter-details/563a1d42bb0e3cef,185.42000000000002,200.66,83.916
Marcos Vinicius,Orthodox,1979-12-05,http://ufcstats.com/fighter-details/e363b21261814830,175.26,,56.7
Brandon Visher,Orthodox,1984-05-06,http://ufcstats.com/fighter-details/7c4ec656d8fcb867,167.64000000000001,172.72,61.236
Falaniko Vitale,Orthodox,1974-07-14,http://ufcstats.com/fighter-details/445a98acb8985970,177.8,,83.916
Cheyanne Vlismas,Switch,1995-06-25,http://ufcstats.com/fighter-details/4959f10a62f3fec3,160.02,160.02,52.164
Bobby Voelker,Orthodox,1979-04-26,http://ufcstats.com/fighter-details/fb8a3025ae722e64,182.88,187.96,77.112
Mateo Vogel,Orthodox,1996-03-05,http://ufcstats.com/fighter-details/90b57b19d20e1969,172.72,180.34,65.772
Danylo Voievodkin,Southpaw,2000-07-19,http://ufcstats.com/fighter-details/d73a7c36746fbc5b,193.04,198.12,120.20400000000001
Alexander Volkanovski,Orthodox,1988-09-29,http://ufcstats.com/fighter-details/e1248941344b3288,167.64000000000001,180.34,65.772
Jacob Volkmann,Southpaw,1980-09-05,http://ufcstats.com/fighter-details/6f81b6de2557739a,175.26,180.34,70.308
Alexander Volkov,Orthodox,1988-10-24,http://ufcstats.com/fighter-details/279566840aa55bf2,200.66,203.2,113.4
Mark Vologdin,Orthodox,2000-04-18,http://ufcstats.com/fighter-details/0e6b611451a9a7d8,,,61.236
Jason Von Flue,Orthodox,1975-08-01,http://ufcstats.com/fighter-details/c4b9296214f4c09c,182.88,,77.112
Milco Voorn,Orthodox,,http://ufcstats.com/fighter-details/277ffed20cf07aea,,,99.792
Mark Vorgeas,,,http://ufcstats.com/fighter-details/ef0344ed552d8a22,177.8,,61.236
Igor Vovchanchyn,Orthodox,1973-08-06,http://ufcstats.com/fighter-details/7929be8290289a47,172.72,,92.988
Jordan Vucenic,Orthodox,1996-03-02,http://ufcstats.com/fighter-details/6d38e41efa47a72d,177.8,185.42000000000002,70.308
James Wade,,,http://ufcstats.com/fighter-details/6291decf7f3b6608,177.8,,92.988
Chris Wade,Orthodox,1987-09-30,http://ufcstats.com/fighter-details/c8097968da5e5f13,177.8,177.8,70.308
Neil Wain,Orthodox,,http://ufcstats.com/fighter-details/6b7bc7eaf2465387,177.8,,109.77120000000001
TJ Waldburger,Orthodox,1988-04-25,http://ufcstats.com/fighter-details/8f2939f5fd9cca1e,180.34,190.5,77.112
Chase Waldon,Orthodox,1986-09-19,http://ufcstats.com/fighter-details/aeb6c57b9bd8bc3a,185.42000000000002,190.5,83.916
Andre Walker,Southpaw,,http://ufcstats.com/fighter-details/18944a1a6ac1becf,180.34,,92.988
Herschel Walker,Orthodox,1962-03-03,http://ufcstats.com/fighter-details/bd92e38aef641673,185.42000000000002,,97.524
Donny Walker,,1980-01-04,http://ufcstats.com/fighter-details/e6147d5ab3685899,175.26,,61.236
Johnny Walker,Orthodox,1992-03-30,http://ufcstats.com/fighter-details/c21f26bbde777573,198.12,208.28,92.988
Brogan Walker,Switch,1988-08-02,http://ufcstats.com/fighter-details/4333a8e70a672eb7,162.56,170.18,56.7
Valter Walker,Orthodox,1997-12-14,http://ufcstats.com/fighter-details/f5779a2303ed76ec,198.12,198.12,120.20400000000001
Julius Walker,Orthodox,1999-07-16,http://ufcstats.com/fighter-details/6add18754930182b,193.04,198.12,92.988
Ben Wall,Orthodox,1989-03-25,http://ufcstats.com/fighter-details/1ad381c8994c4e5b,177.8,,70.308
Crafton Wallace,Orthodox,1975-11-10,http://ufcstats.com/fighter-details/bf41b5131545da12,182.88,,83.916
Rodney Wallace,Switch,1981-11-21,http://ufcstats.com/fighter-details/b9415726dc3ec526,175.26,182.88,92.988
Jeremy Wallace,,,http://ufcstats.com/fighter-details/b87c3f460709f74c,175.26,,
Randall Wallace,Orthodox,1989-03-01,http://ufcstats.com/fighter-details/95cf6be9071e68b0,180.34,185.42000000000002,83.916
James Wallace,Orthodox,1992-11-17,http://ufcstats.com/fighter-details/4078de7181a19142,177.8,175.26,70.308
Jim Wallhead,Orthodox,1984-03-14,http://ufcstats.com/fighter-details/0c670b443c3d269f,177.8,,77.112
Cory Walmsley,Orthodox,,http://ufcstats.com/fighter-details/83c6c3e0f8bde8ee,182.88,,92.988
Richard Walsh,Orthodox,1988-12-01,http://ufcstats.com/fighter-details/303a05a7aa3ff761,182.88,185.42000000000002,77.112
Patrick Walsh,,1988-11-28,http://ufcstats.com/fighter-details/b4c96c3d9139bf0e,180.34,,83.916
Erick Wanderlei,Orthodox,,http://ufcstats.com/fighter-details/d57e6a8971b6d2bd,185.42000000000002,,92.988
Dimitiri Wanderley,Orthodox,,http://ufcstats.com/fighter-details/a1d6b308781aa2f5,,,92.988
Andy Wang,Orthodox,1977-05-28,http://ufcstats.com/fighter-details/476414d2f18cd059,167.64000000000001,,70.308
Sai Wang,Southpaw,1986-01-14,http://ufcstats.com/fighter-details/efb9a43415a56d34,182.88,,77.112
Anying Wang,Orthodox,1991-04-04,http://ufcstats.com/fighter-details/69e8c632135af48b,182.88,,77.112
Wang Cong,Southpaw,1992-05-15,http://ufcstats.com/fighter-details/2997e7fe3c9d3d4a,167.64000000000001,167.64000000000001,56.7
Joshua Wang-Kim,Switch,1992-11-16,http://ufcstats.com/fighter-details/d538f13ab21d9633,175.26,180.34,61.236
Curt Warburton,Orthodox,,http://ufcstats.com/fighter-details/2721bb808bb2523c,182.88,185.42000000000002,70.308
Brennan Ward,,1988-06-28,http://ufcstats.com/fighter-details/67cd6495280b0a57,177.8,180.34,77.112
Charlie Ward,Orthodox,1980-12-17,http://ufcstats.com/fighter-details/e81dd0bb8a64b550,180.34,,77.112
Terrion Ware,Orthodox,1986-03-31,http://ufcstats.com/fighter-details/ba5e253af86db1a8,172.72,180.34,61.236
Joe Warren,Orthodox,1976-10-31,http://ufcstats.com/fighter-details/c0c1bc0766df4c00,167.64000000000001,,61.236
Brian Warren,Orthodox,,http://ufcstats.com/fighter-details/c4c4c7dd26c15d91,182.88,,83.916
Merritt Warren,Southpaw,,http://ufcstats.com/fighter-details/1e47dba648ea438c,177.8,,70.308
Idris Wasi,,1989-12-11,http://ufcstats.com/fighter-details/8a19676a3388845a,182.88,,84.3696
Kengo Watanabe,Orthodox,1976-01-31,http://ufcstats.com/fighter-details/2abe38b81d68a24a,193.04,,99.792
Kazuhisa Watanabe,,1983-05-18,http://ufcstats.com/fighter-details/951ffadfc4e917ea,167.64000000000001,,63.0504
Ron Waterman,Orthodox,1965-11-23,http://ufcstats.com/fighter-details/efaf544314bb5c2e,187.96,,127.008
Andy Waters,,,http://ufcstats.com/fighter-details/103e2e67919379c5,182.88,,77.112
Dominic Waters,Orthodox,1989-04-11,http://ufcstats.com/fighter-details/2de91c2244ad7e89,185.42000000000002,200.66,77.112
Trey Waters,Orthodox,1995-02-21,http://ufcstats.com/fighter-details/31dbfbe4e7a6727c,195.58,195.58,77.112
Michelle Waterson-Gomez,Orthodox,1986-01-06,http://ufcstats.com/fighter-details/eb04b9d31e938edb,160.02,157.48,52.164
Sam Watford,,,http://ufcstats.com/fighter-details/1836639ecf9b6e7f,,,70.308
Blake Watkins,,,http://ufcstats.com/fighter-details/117580b232409824,,,83.916
Kyle Watson,Southpaw,1979-08-09,http://ufcstats.com/fighter-details/d7b2c0b53883ee80,182.88,,70.308
Maka Watson,,1984-09-22,http://ufcstats.com/fighter-details/a31dfd9e8b2dc6ca,,,70.308
Walel Watson,Orthodox,1984-07-16,http://ufcstats.com/fighter-details/92aafa8f4b26269b,180.34,190.5,61.236
Tom Watson,Orthodox,1982-07-13,http://ufcstats.com/fighter-details/6809c31286b08d97,185.42000000000002,185.42000000000002,83.916
Enrique Watson,,,http://ufcstats.com/fighter-details/a99d4aa689bdca18,,,83.916
Brok Weaver,Southpaw,1991-12-05,http://ufcstats.com/fighter-details/7c9f96f9a6a5cd50,182.88,185.42000000000002,70.308
Jonavin Webb,Orthodox,1989-04-28,http://ufcstats.com/fighter-details/f40ec51dd4de47c3,177.8,,77.112
Stephanie Webber,,,http://ufcstats.com/fighter-details/d44a84409bf0da64,167.64000000000001,,61.236
Royston Wee,Orthodox,1986-11-15,http://ufcstats.com/fighter-details/b9c03e7a4557e542,170.18,170.18,61.236
Darian Weeks,Orthodox,1993-11-23,http://ufcstats.com/fighter-details/326a001926ffb7ec,180.34,182.88,77.112
Joshua Weems,Orthodox,1994-05-05,http://ufcstats.com/fighter-details/69888118d968ba52,172.72,175.26,61.236
Daniel Weichel,,1984-11-22,http://ufcstats.com/fighter-details/7b9dade6bedaabbe,177.8,177.8,65.772
Chris Weidman,Orthodox,1984-06-17,http://ufcstats.com/fighter-details/3a8176e15b9887c1,187.96,198.12,83.916
Mark Weir,Southpaw,1967-09-19,http://ufcstats.com/fighter-details/9ccdd2ce45903f34,187.96,,83.916
Christian Wellisch,Orthodox,1975-09-13,http://ufcstats.com/fighter-details/f1b2a4365799c48b,187.96,195.58,106.1424
Malcolm Wellmaker,Switch,1994-06-04,http://ufcstats.com/fighter-details/2e45d08b3f2f02c8,177.8,180.34,61.236
Jeremiah Wells,Switch,1986-10-30,http://ufcstats.com/fighter-details/d66a46de8d705353,175.26,187.96,77.112
Fabricio Werdum,Orthodox,1977-07-30,http://ufcstats.com/fighter-details/492b202d2064e7a9,193.04,195.58,104.7816
Mike Wessel,Orthodox,1977-12-02,http://ufcstats.com/fighter-details/b51841e7c594090d,182.88,,117.936
Dustin West,,,http://ufcstats.com/fighter-details/5f5763b3a4de8dd4,180.34,,77.112
Sheldon Westcott,Southpaw,1984-08-20,http://ufcstats.com/fighter-details/ec2d13a87d3d9541,185.42000000000002,180.34,77.112
Aaron Wetherspoon,,,http://ufcstats.com/fighter-details/1ce7998e0a215caa,,,77.112
Coty Wheeler,Orthodox,1978-10-11,http://ufcstats.com/fighter-details/e57f0b06ea39e360,167.64000000000001,170.18,61.236
Vernon White,Southpaw,1971-12-03,http://ufcstats.com/fighter-details/12458872d6afae1b,182.88,,92.988
Steve White,,,http://ufcstats.com/fighter-details/d181689653115b6a,180.34,,79.38
Alex White,Southpaw,1988-10-22,http://ufcstats.com/fighter-details/c17041f1bb5768d8,182.88,180.34,70.308
Craig White,Orthodox,1990-07-01,http://ufcstats.com/fighter-details/3dd949593346dbc3,187.96,193.04,77.112
Patrik White,Orthodox,1993-06-11,http://ufcstats.com/fighter-details/4debc6c4c6249690,182.88,182.88,70.308
Robert Whiteford,Southpaw,1983-04-12,http://ufcstats.com/fighter-details/1dafccb62a0f98ec,175.26,175.26,65.772
Mike Whitehead,Orthodox,1981-06-29,http://ufcstats.com/fighter-details/22d1e00e1aabb7c9,185.42000000000002,,92.988
Garett Whiteley,Orthodox,1980-12-13,http://ufcstats.com/fighter-details/129537073431e52e,182.88,182.88,70.308
Mitch Whitesel,,1981-07-12,http://ufcstats.com/fighter-details/b6debbda44d4a5a0,175.26,,83.916
Emily Whitmire,Orthodox,1991-05-24,http://ufcstats.com/fighter-details/b3d21b2610dcfaeb,165.1,160.02,56.7
Robert Whittaker,Orthodox,1990-12-20,http://ufcstats.com/fighter-details/e1147d3d2dabe1ce,182.88,185.42000000000002,83.916
Josh Wick,Switch,1994-10-04,http://ufcstats.com/fighter-details/13935768cf8aeb86,175.26,175.26,70.308
Adam Wieczorek,Orthodox,1992-02-05,http://ufcstats.com/fighter-details/efa1f6b42c86793c,195.58,205.74,113.4
Orlando Wiet,Southpaw,,http://ufcstats.com/fighter-details/a6c2f5381d575920,177.8,,77.112
Jonathan Wiezorek,Southpaw,1978-02-10,http://ufcstats.com/fighter-details/60884f31ead1609c,190.5,,113.4
Jakub Wiklacz,Orthodox,1996-09-10,http://ufcstats.com/fighter-details/6902fcf0610dd303,177.8,182.88,61.236
Justin Wilcox,Orthodox,1979-03-12,http://ufcstats.com/fighter-details/4a482a0100cfcd0a,167.64000000000001,,70.308
Joe Wilk,,1982-04-12,http://ufcstats.com/fighter-details/781014fb7e8e647a,175.26,,65.772
Aaron Wilkinson,Orthodox,1987-01-31,http://ufcstats.com/fighter-details/338a11d3674eb2d4,177.8,,70.308
Mike Wilkinson,Orthodox,1987-09-15,http://ufcstats.com/fighter-details/cfaf010d5b389c09,170.18,167.64000000000001,65.772
Rob Wilkinson,Orthodox,1992-02-22,http://ufcstats.com/fighter-details/826475cc758e60e6,190.5,203.2,83.916
James Wilks,Orthodox,1978-05-04,http://ufcstats.com/fighter-details/852454c572675334,185.42000000000002,190.5,77.112
Tedd Williams,Orthodox,1969-12-19,http://ufcstats.com/fighter-details/b63e800c18e011b5,185.42000000000002,,124.74
Pete Williams,Orthodox,1975-07-10,http://ufcstats.com/fighter-details/6291ac0a3726732f,190.5,,106.596
Rubin Williams,Orthodox,1976-04-09,http://ufcstats.com/fighter-details/6f812143641ceff8,185.42000000000002,,83.916
Carter Williams,Orthodox,,http://ufcstats.com/fighter-details/b8e2f10efb6eca85,185.42000000000002,,120.20400000000001
Patrick Williams,Orthodox,1981-09-07,http://ufcstats.com/fighter-details/39330403ad27c2bb,172.72,185.42000000000002,61.236
Tim Williams,Orthodox,1986-07-03,http://ufcstats.com/fighter-details/990bd63726a577f8,187.96,193.04,83.916
Jordan Williams,Southpaw,1990-10-13,http://ufcstats.com/fighter-details/e26bd53b751d61d9,185.42000000000002,190.5,83.916
Cole Williams,Orthodox,1983-12-15,http://ufcstats.com/fighter-details/f9a20a17d712ef7c,182.88,185.42000000000002,77.112
Khaos Williams,Orthodox,1994-03-30,http://ufcstats.com/fighter-details/2558ae2e5671e318,182.88,195.58,77.112
Karl Williams,Orthodox,1990-01-06,http://ufcstats.com/fighter-details/d35f734c56a89103,190.5,200.66,106.596
Karl Willis,,,http://ufcstats.com/fighter-details/95883dbdab4fcf0f,,,
Justin Willis,Southpaw,1987-07-19,http://ufcstats.com/fighter-details/ce1e867808ef5fce,185.42000000000002,198.12,119.7504
Chris Wilson,Orthodox,1977-06-07,http://ufcstats.com/fighter-details/a56607a451e4c70d,185.42000000000002,190.5,77.112
Greg Wilson,,1988-10-02,http://ufcstats.com/fighter-details/9cc84087ee768342,,,70.308
Jonathan Wilson,Southpaw,1987-07-17,http://ufcstats.com/fighter-details/cd01f0b768a32475,187.96,190.5,92.988
Sean Wilson,,1982-10-20,http://ufcstats.com/fighter-details/b8e6393c39cb9740,172.72,,65.772
Westin Wilson,Southpaw,1989-01-24,http://ufcstats.com/fighter-details/7b3503352cd53abb,185.42000000000002,185.42000000000002,65.772
Damon Wilson,Switch,1993-04-29,http://ufcstats.com/fighter-details/81254702b51cc832,175.26,175.26,65.772
Matt Wiman,Orthodox,1983-09-19,http://ufcstats.com/fighter-details/eb29176b03dfa888,177.8,172.72,70.308
Eddie Wineland,Orthodox,1984-06-26,http://ufcstats.com/fighter-details/fc9a9559a05f2704,170.18,175.26,61.236
Deron Winn,Orthodox,1989-06-13,http://ufcstats.com/fighter-details/483a953b18d73bb3,167.64000000000001,177.8,83.916
Andre Winner,Orthodox,1981-11-09,http://ufcstats.com/fighter-details/b45d6b73f4ca4467,180.34,185.42000000000002,70.308
Eric Wisely,Southpaw,1984-07-25,http://ufcstats.com/fighter-details/53f84637dfffab7a,172.72,,65.772
Keith Wisniewski,Orthodox,1981-10-25,http://ufcstats.com/fighter-details/cd12227edd3f134b,182.88,,77.112
Jason Witt,Orthodox,1986-11-07,http://ufcstats.com/fighter-details/5f3805dda9661cba,177.8,177.8,77.112
Travis Wiuff,Orthodox,1978-03-15,http://ufcstats.com/fighter-details/7f9f528cb72a6ed1,190.5,,92.988
Ray Wizard,,,http://ufcstats.com/fighter-details/ea0ad155451ed1f5,,,
Karolina Wojcik,Orthodox,1994-12-09,http://ufcstats.com/fighter-details/b99b3620839ea911,157.48,,52.164
Danyelle Wolf,Orthodox,1983-09-08,http://ufcstats.com/fighter-details/a7e3f02fe2b2fe30,180.34,177.8,65.772
Brandon Wolff,Orthodox,1975-10-18,http://ufcstats.com/fighter-details/aa79d5399571068e,175.26,,77.112
Xue Do Won,,,http://ufcstats.com/fighter-details/daa89f01e1c0f42a,170.18,,74.844
Kwon Won Il,,1995-06-24,http://ufcstats.com/fighter-details/751aa58b7fb03c74,,,61.236
Joanne Wood,Orthodox,1985-12-23,http://ufcstats.com/fighter-details/12f91bfa8f1f723b,167.64000000000001,165.1,56.7
Nathaniel Wood,Orthodox,1993-05-08,http://ufcstats.com/fighter-details/329e403448756217,167.64000000000001,175.26,65.772
Val Woodburn,Orthodox,1993-08-10,http://ufcstats.com/fighter-details/7a47e068f8017019,172.72,187.96,77.112
Tyron Woodley,Orthodox,1982-04-07,http://ufcstats.com/fighter-details/effd9de9937996f8,175.26,187.96,77.112
Salvador Woods,,1985-02-05,http://ufcstats.com/fighter-details/8de471543d9c933e,180.34,,77.112
Logan Woods,,1994-05-30,http://ufcstats.com/fighter-details/133a9d2e6efd8a50,,,83.916
Sean Woodson,Orthodox,1992-06-07,http://ufcstats.com/fighter-details/4682bc59d5f55145,187.96,198.12,65.772
Cal Worsham,Orthodox,,http://ufcstats.com/fighter-details/de3ed2e152520c8d,180.34,,104.328
Hunter Worsham,,,http://ufcstats.com/fighter-details/8fb808fc2e145bd6,,,83.916
Khama Worthy,Orthodox,1986-10-15,http://ufcstats.com/fighter-details/78e501478a36a018,180.34,187.96,70.308
Eric Wray,Orthodox,,http://ufcstats.com/fighter-details/eb6edce3028f05c0,182.88,,77.112
Justin Wren,Orthodox,1987-04-27,http://ufcstats.com/fighter-details/e78f601035d677f2,187.96,,120.20400000000001
JW Wright,,1976-01-12,http://ufcstats.com/fighter-details/2a0b19a96f848eff,,,58.968
Chris Wright,,,http://ufcstats.com/fighter-details/7182146226dabe22,,,
Jordan Wright,Orthodox,1991-10-07,http://ufcstats.com/fighter-details/c878270af633eb11,187.96,195.58,92.988
Marcin Wrzosek,,1987-10-14,http://ufcstats.com/fighter-details/aac6edb0d5e0b7e9,175.26,,70.308
Wu Yanan,Orthodox,1996-04-18,http://ufcstats.com/fighter-details/fdbefee0827e1567,172.72,167.64000000000001,61.236
Wulijiburen,Orthodox,1989-03-01,http://ufcstats.com/fighter-details/2296125b6c362355,175.26,175.26,61.236
Wuziazibieke Jiahefu,Orthodox,1990-04-09,http://ufcstats.com/fighter-details/2d077e22886298be,175.26,177.8,65.772
Rubens Xavier,Orthodox,,http://ufcstats.com/fighter-details/e6dac752a2418a88,190.5,,99.792
Xiao Long,Orthodox,1998-04-13,http://ufcstats.com/fighter-details/86bace9e4ad85542,172.72,177.8,61.236
Xie Bin,Orthodox,1998-02-28,http://ufcstats.com/fighter-details/e415ea6f8d41c917,177.8,182.88,65.772
Jamie Yager,Orthodox,1983-11-29,http://ufcstats.com/fighter-details/85248da6e9e2f7e7,185.42000000000002,,83.916
Eddie Yagin,Orthodox,1979-03-23,http://ufcstats.com/fighter-details/cc84b68f862b466f,170.18,,65.772
Rani Yahya,Orthodox,1984-09-12,http://ufcstats.com/fighter-details/94527830000ab715,167.64000000000001,170.18,61.236
Mohammad Yahya,Switch,1994-05-23,http://ufcstats.com/fighter-details/3753714927f18437,175.26,185.42000000000002,65.772
Abdul Rakhman Yakhyaev,Orthodox,2001-01-03,http://ufcstats.com/fighter-details/95aff2fd8d09a5f0,187.96,198.12,92.988
Alexander Yakovlev,Southpaw,1984-07-18,http://ufcstats.com/fighter-details/d06f8869449ba7bd,190.5,187.96,70.308
Keiichiro Yamamiya,Southpaw,1972-07-12,http://ufcstats.com/fighter-details/6014d25e73b669c9,180.34,,83.916
Kenichi Yamamoto,Orthodox,1976-07-11,http://ufcstats.com/fighter-details/9f488f520ed25bbf,182.88,,77.112
Yoshihisa Yamamoto,Southpaw,1970-07-04,http://ufcstats.com/fighter-details/eed2b71d77d95416,187.96,,99.792
Atsushi Yamamoto,Orthodox,1980-10-02,http://ufcstats.com/fighter-details/351264d11286d09a,167.64000000000001,,63.0504
Norifumi Yamamoto,Southpaw,1977-03-15,http://ufcstats.com/fighter-details/4834ff149dc9542a,162.56,167.64000000000001,61.236
Hiroko Yamanaka,,1978-10-24,http://ufcstats.com/fighter-details/283645128ae57eda,180.34,,61.236
Goiti Yamauchi,,1993-01-05,http://ufcstats.com/fighter-details/9e1a7101fefe9746,177.8,,65.772
Wataru Yamauchi,Orthodox,1999-06-22,http://ufcstats.com/fighter-details/d8bf3df51ff3a270,167.64000000000001,172.72,56.7
Takeshi Yamazaki,Southpaw,,http://ufcstats.com/fighter-details/d1d20e651e6cbc02,172.72,,63.0504
Yan Xiaonan,Orthodox,1989-06-16,http://ufcstats.com/fighter-details/c41d426cc7326d1b,165.1,160.02,52.164
Petr Yan,Switch,1993-02-11,http://ufcstats.com/fighter-details/d661ce4da776fc20,170.18,170.18,61.236
Yan Qihui,Orthodox,1996-10-21,http://ufcstats.com/fighter-details/5c9c2e247c836b67,160.02,157.48,56.7
Adam Yandiev,Orthodox,1988-08-07,http://ufcstats.com/fighter-details/0a95c474e61a6c44,175.26,187.96,83.916
Adrian Yanez,Orthodox,1993-11-29,http://ufcstats.com/fighter-details/0232cabbc30a2372,170.18,177.8,61.236
Dongi Yang,Southpaw,1984-12-07,http://ufcstats.com/fighter-details/aed06011bf62237b,177.8,185.42000000000002,83.916
Jianping Yang,Orthodox,1988-11-27,http://ufcstats.com/fighter-details/d3c554d6e11fc9d6,170.18,,65.772
John Yannis,Southpaw,1994-07-07,http://ufcstats.com/fighter-details/450bcab0968562c4,170.18,177.8,65.772
Masutatsu Yano,Orthodox,1975-07-11,http://ufcstats.com/fighter-details/d56caaa5e123f518,175.26,,89.8128
Emmanuel Yarborough,Open Stance,1960-09-05,http://ufcstats.com/fighter-details/2299605af59fd309,203.2,,349.272
Cale Yarbrough,Orthodox,1986-12-27,http://ufcstats.com/fighter-details/a0b91014e9d16a76,185.42000000000002,,83.916
Tadao Yasuda,Orthodox,1963-10-09,http://ufcstats.com/fighter-details/49e7e05f902479ca,193.04,,140.616
Yoshiaki Yatsu,Orthodox,1956-07-19,http://ufcstats.com/fighter-details/620be7e0712d431b,185.42000000000002,,74.844
Chris Yee,,,http://ufcstats.com/fighter-details/920632ca1b78fae5,175.26,,83.916
Yibugele,Southpaw,1989-11-13,http://ufcstats.com/fighter-details/cc2fcae2c0dc501d,170.18,175.26,65.772
Yin Shuai,Southpaw,1997-01-01,http://ufcstats.com/fighter-details/a78dc3910554dbae,165.1,167.64000000000001,56.7
Yizha,Orthodox,1997-01-08,http://ufcstats.com/fighter-details/3f11fd1751fa83b1,170.18,180.34,65.772
Ashley Yoder,Southpaw,1987-10-20,http://ufcstats.com/fighter-details/b4c6c904a9ffc5e8,170.18,175.26,52.164
Hirotaka Yokoi,Orthodox,1978-06-08,http://ufcstats.com/fighter-details/35585d970300d45a,180.34,,92.988
Kazunori Yokota,Orthodox,1978-04-03,http://ufcstats.com/fighter-details/a8e8587a06e73c87,172.72,,69.8544
John Yoo,,,http://ufcstats.com/fighter-details/40eb2aef4d5577d4,,,61.236
SangHoon Yoo,Orthodox,1990-01-18,http://ufcstats.com/fighter-details/00b490982afd1b17,182.88,187.96,77.112
JooSang Yoo,Orthodox,1994-01-21,http://ufcstats.com/fighter-details/a44020ea2e8cd026,170.18,180.34,65.772
Dong Sik Yoon,Orthodox,1972-08-24,http://ufcstats.com/fighter-details/ad99fa5325519169,182.88,,83.916
ChangMin Yoon,Orthodox,1994-05-10,http://ufcstats.com/fighter-details/29ab96eae72bad9f,172.72,177.8,65.772
Yoshiyuki Yoshida,Southpaw,1974-05-10,http://ufcstats.com/fighter-details/ab8900ae1f1dfd4c,180.34,177.8,77.112
Hidehiko Yoshida,Orthodox,1969-09-03,http://ufcstats.com/fighter-details/2eae41f61776c60f,180.34,,102.06
Kai Yoshida,Southpaw,1999-10-10,http://ufcstats.com/fighter-details/2e517966267a468a,175.26,175.26,56.7
SuYoung You,Orthodox,1995-12-11,http://ufcstats.com/fighter-details/a474aade8eb3a8f0,167.64000000000001,165.1,61.236
Kaitlin Young,Orthodox,1985-09-15,http://ufcstats.com/fighter-details/79ff6545b0abc685,175.26,,61.236
Artenus Young,,1980-07-16,http://ufcstats.com/fighter-details/8d4943a9ce9f521b,,,92.988
Trenell Young,Orthodox,1976-06-19,http://ufcstats.com/fighter-details/bf5183e1c1afc3b2,167.64000000000001,,65.772
Jason Young,Orthodox,1986-06-28,http://ufcstats.com/fighter-details/f59e9e49ef85b469,175.26,185.42000000000002,65.772
Shane Young,Orthodox,1993-07-31,http://ufcstats.com/fighter-details/4cd8b03aee1d0138,172.72,182.88,65.772
Shanna Young,Orthodox,1991-02-20,http://ufcstats.com/fighter-details/568bbad0eaced57c,170.18,165.1,56.7
Gauge Young,Orthodox,2000-07-14,http://ufcstats.com/fighter-details/b2a78df161bd67f9,175.26,177.8,70.308
Besam Yousef,Orthodox,1985-03-25,http://ufcstats.com/fighter-details/98ec9f385cca47fc,180.34,,77.112
Han Ten Yun,,,http://ufcstats.com/fighter-details/67ec58d7cf599835,180.34,,99.792
Rob Yundt,Orthodox,1980-05-05,http://ufcstats.com/fighter-details/42078a86d3dd037b,185.42000000000002,,83.916
Sodiq Yusuff,Orthodox,1993-05-19,http://ufcstats.com/fighter-details/94426bb170c88115,175.26,180.34,70.308
Gilbert Yvel,Orthodox,1976-06-30,http://ufcstats.com/fighter-details/d29b5c4f22c6357d,187.96,195.58,102.06
Luke Zachrich,Orthodox,1981-12-19,http://ufcstats.com/fighter-details/2284092f8b63273b,187.96,187.96,83.916
Anton Zafir,Orthodox,1987-05-10,http://ufcstats.com/fighter-details/8c822811eedc11ad,180.34,,77.112
Aiemann Zahabi,Orthodox,1987-11-19,http://ufcstats.com/fighter-details/24656ef4d605c96f,172.72,172.72,61.236
Joao Zaiden,,1993-03-16,http://ufcstats.com/fighter-details/6b614bda982f5214,,,92.988
Youssef Zalal,Switch,1996-09-04,http://ufcstats.com/fighter-details/52c2ae6d2f2d2613,177.8,182.88,65.772
Elizeu Zaleski dos Santos,Orthodox,1986-12-11,http://ufcstats.com/fighter-details/8adcbd525fab8d9b,180.34,185.42000000000002,77.112
Zach Zane,Southpaw,1989-12-14,http://ufcstats.com/fighter-details/cc3878d1ab41a5fa,170.18,175.26,65.772
Roger Zapata,Southpaw,1986-05-09,http://ufcstats.com/fighter-details/fe5ca7ef93c3f6a7,180.34,,77.112
Marius Zaromskis,Orthodox,1980-07-30,http://ufcstats.com/fighter-details/abcf7e55a0a9ed89,175.26,,77.112
David Zawada,Orthodox,1990-08-01,http://ufcstats.com/fighter-details/3bb2dc8e87b10a46,182.88,190.5,77.112
Magomed Zaynukov,Orthodox,1995-01-02,http://ufcstats.com/fighter-details/04ff3a711504d6b3,,,70.308
Manolo Zecchini,Orthodox,1996-10-22,http://ufcstats.com/fighter-details/fd7ab338e4953644,172.72,172.72,65.772
Joao Zeferino,Orthodox,1986-01-15,http://ufcstats.com/fighter-details/be4076c9e8d791e3,180.34,,77.112
Daniel Zellhuber,Switch,1999-07-07,http://ufcstats.com/fighter-details/4148802ae4a50768,185.42000000000002,195.58,70.308
Craig Zellner,Orthodox,1976-09-09,http://ufcstats.com/fighter-details/3794e5e0bb0defb6,187.96,,92.988
Rickson Zenidim,Orthodox,1999-02-17,http://ufcstats.com/fighter-details/c879d8620261b1a3,170.18,170.18,56.7
Roman Zentsov,Orthodox,1973-09-10,http://ufcstats.com/fighter-details/3144121470023e9a,185.42000000000002,,104.328
Carlos Zevallos,Orthodox,,http://ufcstats.com/fighter-details/cbf69fa846c7e3ee,182.88,,92.988
Zhang Tiequan,Orthodox,1978-07-25,http://ufcstats.com/fighter-details/c23e3d4875340d8d,172.72,175.26,70.308
Zhang Lipeng,Southpaw,1990-03-10,http://ufcstats.com/fighter-details/7b310409440c9102,180.34,180.34,70.308
Zhang Weili,Switch,1989-08-13,http://ufcstats.com/fighter-details/1ebe20ebbfa15e29,162.56,160.02,52.164
Zhang Mingyang,Orthodox,1998-08-16,http://ufcstats.com/fighter-details/8a65fd9ba31fd3f7,187.96,190.5,92.988
Zhang Qinghe,Southpaw,2001-11-05,http://ufcstats.com/fighter-details/45c7979c71751fcf,170.18,170.18,61.236
Zhang Zhenyang,,,http://ufcstats.com/fighter-details/286e1d61fb315355,,,70.308
Daermisi Zhawupasi,Switch,1999-09-15,http://ufcstats.com/fighter-details/fd52e5f9ab25c94c,172.72,172.72,61.236
Daria Zhelezniakova,Orthodox,1996-01-23,http://ufcstats.com/fighter-details/07047eb7d17fb0a2,175.26,172.72,61.236
Yao Zhikui,Orthodox,1991-02-07,http://ufcstats.com/fighter-details/5ea918ea81b7dee2,165.1,162.56,56.7
Zhou Kun,,,http://ufcstats.com/fighter-details/d027fff39a34a9df,,,56.7
Zhu Kangjie,Orthodox,1996-01-16,http://ufcstats.com/fighter-details/6f4ec5aa3eced219,172.72,177.8,65.772
Zhalgas Zhumagulov,Switch,1988-08-29,http://ufcstats.com/fighter-details/55fa6ce3e522c8bb,162.56,167.64000000000001,56.7
Fares Ziam,Orthodox,1997-03-21,http://ufcstats.com/fighter-details/1e4f273069fb9e85,185.42000000000002,190.5,70.308
Mike Zichelle,,,http://ufcstats.com/fighter-details/6d3398b910461f2f,,,92.988
James Zikic,Orthodox,1977-03-01,http://ufcstats.com/fighter-details/4b4fc3ddc307bc73,187.96,,92.988
Errol Zimmerman,Orthodox,1986-04-20,http://ufcstats.com/fighter-details/0aa74d04c196800c,190.5,,83.916
Cat Zingano,Southpaw,1982-07-01,http://ufcstats.com/fighter-details/3ecd936bd8814108,167.64000000000001,172.72,65.772
Igor Zinoviev,Orthodox,,http://ufcstats.com/fighter-details/108afe61a26bcbf4,185.42000000000002,,90.2664
Dave Zitanick,,1980-03-05,http://ufcstats.com/fighter-details/be124bdd60fab7d5,,,77.112
Alex Zuniga,,,http://ufcstats.com/fighter-details/02d808afb96669de,,,65.772
George Zuniga,,,http://ufcstats.com/fighter-details/1291dd6b8ab4d952,175.26,,83.916
Allan Zuniga,Orthodox,1992-04-04,http://ufcstats.com/fighter-details/523af801b3429015,170.18,177.8,70.308
Brahyam Zurcher,Orthodox,1996-03-10,http://ufcstats.com/fighter-details/392878af4680849f,177.8,177.8,65.772
Virgil Zwicker,,1982-06-26,http://ufcstats.com/fighter-details/0c277f3ff66b0208,187.96,187.96,92.988
Max Gimenis,,1983-04-14,http://ufcstats.com/fighter-details/6a311920edd73c85,,,120.20400000000001
Ethyn Ewing,,1998-02-16,http://ufcstats.com/fighter-details/d776b5814f2400b4,,,65.772
Yaroslav Amosov,,1993-09-09,http://ufcstats.com/fighter-details/f139d6836efd43dd,,,83.916
Lance Gibson Jr.,,1995-02-02,http://ufcstats.com/fighter-details/07bc580bdf3eb9c8,,,70.308
Isaac Thomson,,2002-05-03,http://ufcstats.com/fighter-details/5d8006587d6a6711,,,65.772
Gianni Vazquez,Orthodox,1994-07-17,http://ufcstats.com/fighter-details/51ec9dc3b4964f19,,,61.236
Julien Leblanc,,1992-01-21,http://ufcstats.com/fighter-details/cd0dfd9846bd03b9,,,83.916
Gokhan Saricam,,1991-02-26,http://ufcstats.com/fighter-details/1a97a3ef4c758fae,,,120.20400000000001
Regina Malpica,,2004-10-19,http://ufcstats.com/fighter-details/bc7f4b2d4c2724a2,,,56.7
Yi Sak Lee,,2000-01-01,http://ufcstats.com/fighter-details/e6666480a830f764,,,83.916
Farida Abdueva,,2004-05-15,http://ufcstats.com/fighter-details/8f3837b4c06f3d1e,,,52.164
Ryoga Arimoto,,1998-12-07,http://ufcstats.com/fighter-details/e0e1801e8721af17,,,56.7
Eros Baluyot,,1992-10-23,http://ufcstats.com/fighter-details/3497f4c29654862c,,,56.7
Bo Meng,,1996-04-21,http://ufcstats.com/fighter-details/2d85fcb4468c30d7,,,52.164
Otgonbaatar Boldbaatar,,2002-12-25,http://ufcstats.com/fighter-details/3f773caad71c4131,,,56.7
Yudi Cahyadi,,,http://ufcstats.com/fighter-details/8c457cf7da551d4b,,,65.772
Dagiisuren Chagnaadorj,,1999-12-31,http://ufcstats.com/fighter-details/70186298465de3f3,,,65.772
Rabindra Dhant,,1998-11-30,http://ufcstats.com/fighter-details/9f8bd85aaeec2f56,,,61.236
Machi Fukuda,,2003-06-03,http://ufcstats.com/fighter-details/42189c98d434a413,,,52.164
Matty Iann,,2000-10-26,http://ufcstats.com/fighter-details/031c06c8210e357c,,,61.236
Joseph Larcinese,,1998-10-01,http://ufcstats.com/fighter-details/62a72adeb0227603,,,56.7
Kwan Woo Lim,,2001-07-27,http://ufcstats.com/fighter-details/a53657e43b00614e,,,70.308
Yunosuke Minami,,2000-09-10,http://ufcstats.com/fighter-details/9f2c07bd65fde55c,,,61.236
Ryuho Miyaguchi,,1998-01-27,http://ufcstats.com/fighter-details/f1a9c0998c683782,,,61.236
Kasib Murdoch,,,http://ufcstats.com/fighter-details/3a51f8d30900b580,,,61.236
Kaito Oda,,1998-02-13,http://ufcstats.com/fighter-details/629bac37f70891fb,,,56.7
Bo Hyun Park,,1999-05-14,http://ufcstats.com/fighter-details/504d3a11e4408253,,,52.164
Gezhen Re,,,http://ufcstats.com/fighter-details/be5fd2ae27d20842,,,70.308
Youmin Shin,,,http://ufcstats.com/fighter-details/b94ac19bad67a389,,,61.236
Takaya Suzuki,,2004-09-04,http://ufcstats.com/fighter-details/81d59c1e07478361,,,56.7
Ryo Tajima,,1999-08-14,http://ufcstats.com/fighter-details/34fbfc3f65b64645,,,61.236
Kim Tran,,1996-11-22,http://ufcstats.com/fighter-details/5f440fdb94f626c5,,,52.164
Xiong Jingnan,,1988-01-12,http://ufcstats.com/fighter-details/2cdb479a0ef0ee1d,,,52.164
Yuito Yanagawa,,2000-10-16,http://ufcstats.com/fighter-details/7c592bf20095fd17,,,65.772
Dakota Hope,,1997-01-29,http://ufcstats.com/fighter-details/6142edbd477d20c9,,,65.772
Benjamin Donovan Johnston,,1990-10-11,http://ufcstats.com/fighter-details/3261aa79bf6caa64,,,83.916
Jamie Siraj,,1994-06-28,http://ufcstats.com/fighter-details/e6679e38e7fab7a8,,,65.772
Kimbert Alintozon,,1999-01-21,http://ufcstats.com/fighter-details/a075a34d7527fadf,,,61.236
Abubakar Vagaev,,1993-04-14,http://ufcstats.com/fighter-details/f7adc1fd115f8fdd,,,77.112
Gable Steveson,,2000-05-31,http://ufcstats.com/fighter-details/f7e856a73c96048e,,,112.9464
Lucas Brennan,Southpaw,2000-06-03,http://ufcstats.com/fighter-details/33a8708747b7f943,,,70.308
Anelya Toktogonova,,2005-08-01,http://ufcstats.com/fighter-details/3a89481e3a9d47c0,,,56.7
Kento Imai,,1999-08-10,http://ufcstats.com/fighter-details/3abe2b6b2d9b7efc,,,56.7
Ollie Schmid,,2000-12-28,http://ufcstats.com/fighter-details/b701f095e6ccb149,,,65.772
Farman Hasanov,,1995-08-01,http://ufcstats.com/fighter-details/c88f8a9c1ea7165d,,,77.112
Rodrigo Vera,,1995-10-18,http://ufcstats.com/fighter-details/2b266e623e20737a,,,65.772
Christian Edwards,,1998-11-05,http://ufcstats.com/fighter-details/f5d82eccdea4e2dd,,,92.988
Artur Minev,,,http://ufcstats.com/fighter-details/20d37922ba85e6fc,,,70.308
Vlasto Cepo,,1995-01-25,http://ufcstats.com/fighter-details/025c1ee70b2cedf4,,,83.916
Magomed Tuchalov,,1999-12-30,http://ufcstats.com/fighter-details/bc5a51159ec2fdf2,,,92.988
Akbar Abdullaev,,1997-09-20,http://ufcstats.com/fighter-details/24cb8f04de1310cb,,,70.308
Tahir Abdullayev,Orthodox,1997-02-02,http://ufcstats.com/fighter-details/e047d3b541afd4a7,172.72,185.42000000000002,77.112
Matt Adams,,1997-09-07,http://ufcstats.com/fighter-details/acff8cdcfc634cb5,,,116.1216
Abe Alsaghir,,2001-07-01,http://ufcstats.com/fighter-details/27a9ce2c04071efe,,,70.308
Damien Anderson,Southpaw,1997-01-04,http://ufcstats.com/fighter-details/df619b9a86ce0a9a,172.72,175.26,65.772
Gary Balletto,,1995-01-20,http://ufcstats.com/fighter-details/623f2eed9e1495af,,,77.112
Delphine Benouaich,,1995-03-21,http://ufcstats.com/fighter-details/3138df4d117ebc12,,,52.164
Theodor Berggren,Switch,2000-04-09,http://ufcstats.com/fighter-details/feef5f8f5629e5e7,180.34,190.5,77.112
Arlind Berisha,,2000-11-05,http://ufcstats.com/fighter-details/364e7a7a1ea5e200,,,92.988
Alivia Bierley,,1996-09-20,http://ufcstats.com/fighter-details/f2da98858f61ca78,,,61.236
Levan Chokheli,Orthodox,1996-10-02,http://ufcstats.com/fighter-details/a69a7120cf26669d,180.34,182.88,77.112
Sean Clancy Jr.,,2002-11-25,http://ufcstats.com/fighter-details/c02862a5f6d3fbd0,,,77.112
Charlie Cleveland,,1997-12-30,http://ufcstats.com/fighter-details/a221b4812b0e7364,,,112.4928
Shane Collins,Orthodox,2000-03-08,http://ufcstats.com/fighter-details/70fc8214822b5a85,175.26,180.34,65.772
Callum Connor,,,http://ufcstats.com/fighter-details/6ab620a6b7e80a72,,,70.308
Adam Darby,,1998-11-13,http://ufcstats.com/fighter-details/a4555c13e6257539,,,77.112
Alvi Dasuyev,,,http://ufcstats.com/fighter-details/03c629aaa15a17ce,,,77.112
Marcos Degli,,2000-05-13,http://ufcstats.com/fighter-details/0575068a0f83f963,,,56.7
Adama Diop,,,http://ufcstats.com/fighter-details/8730ab4b1057f925,,,
Ezra Elliott,Orthodox,2000-05-18,http://ufcstats.com/fighter-details/b852ad2b35354fcb,175.26,182.88,65.772
Fabrizio Escarrega,,1998-02-18,http://ufcstats.com/fighter-details/9ebd666f99ba686b,,,70.308
Namo Fazil,,1996-10-29,http://ufcstats.com/fighter-details/f36af23639501cdf,,,77.112
Anthony Figueroa,,,http://ufcstats.com/fighter-details/35e3a24591f4e2cd,,,70.308
Nicholas Galanti,,1998-06-18,http://ufcstats.com/fighter-details/8988705468d04ef7,,,83.916
John Garza,Orthodox,2002-10-30,http://ufcstats.com/fighter-details/a54b961a1f8be1d5,170.18,172.72,61.236
Magomedrasul Gasanov,,1994-10-23,http://ufcstats.com/fighter-details/30ba4c2779e68a1e,,,77.112
Severino Apollo Gomes,,2000-07-10,http://ufcstats.com/fighter-details/b3db81defb03d7af,,,65.772
Piero Guaylupo,,2004-10-29,http://ufcstats.com/fighter-details/b4e8867d60ef0e69,,,70.308
Noah Gugnon,,2000-10-18,http://ufcstats.com/fighter-details/6266abf6e4245c72,,,70.308
Hugo Guillon,,1997-04-12,http://ufcstats.com/fighter-details/aabf33d691f64d61,,,83.916
RJ Harris,Orthodox,1998-10-01,http://ufcstats.com/fighter-details/e03187ec8b5b6abc,190.5,198.12,117.0288
Bilal Hasan,,2001-07-16,http://ufcstats.com/fighter-details/5182316da3c1d891,,,56.7
Luis Hernandez,,1996-08-22,http://ufcstats.com/fighter-details/5dad1e8a516e6477,,,83.916
Ronald Humphrey,,2000-09-20,http://ufcstats.com/fighter-details/15e0d2df09025bda,,,77.112
Zevan Hunt,,1998-12-08,http://ufcstats.com/fighter-details/da27d061bad0f341,,,77.112
Abdul Hussein,Orthodox,1997-08-02,http://ufcstats.com/fighter-details/0e6bc8d1d6c0ad90,,,61.236
Milos Janicic,,1997-05-03,http://ufcstats.com/fighter-details/dfcadfcbd3a3f097,,,70.308
Reginaldo Junior,,1999-02-10,http://ufcstats.com/fighter-details/9e6cd25e0bd05e3d,,,77.112
Martin Kozak,,2002-07-09,http://ufcstats.com/fighter-details/716538be58c6c5e1,,,83.916
Joseph Kropschot,,1995-06-19,http://ufcstats.com/fighter-details/8a81a0707350c4a8,,,83.916
Liu Ce,,1996-09-04,http://ufcstats.com/fighter-details/a9936818d709e2d7,,,92.988
Gabriel Lorenco,,1999-09-30,http://ufcstats.com/fighter-details/e3fc6c1fab298561,,,
Colton Loud,,2000-12-07,http://ufcstats.com/fighter-details/1c01e9a0c44e3128,,,56.7
Yilizhati Maimaitijiang,,,http://ufcstats.com/fighter-details/df1e855932897f45,,,83.916
Liam McCracken,,2001-09-07,http://ufcstats.com/fighter-details/e431ed30fc027c77,,,70.308
Anna Melisano,Orthodox,1997-05-20,http://ufcstats.com/fighter-details/40a7ec5d1ad6ffa8,162.56,172.72,56.7
Nina Milosevic,,1996-08-08,http://ufcstats.com/fighter-details/eabece0edc2d62ca,,,61.236
Bella Mir,,2003-01-01,http://ufcstats.com/fighter-details/9ab21ab88230ce48,,,56.7
Alexis Miranda,,1999-01-03,http://ufcstats.com/fighter-details/d458266c796643e2,,,83.916
Paris Moran,,1996-02-04,http://ufcstats.com/fighter-details/abe2e048a04d22cf,,,56.7
Jefferson Nascimento,Orthodox,1998-11-19,http://ufcstats.com/fighter-details/4b85abc5abbe657c,172.72,177.8,77.112
Norbert Novenyi,,1999-10-06,http://ufcstats.com/fighter-details/770108c77e4bcfd8,,,83.916
Jaden Ortega,,2002-09-18,http://ufcstats.com/fighter-details/fc425affea8ca8cb,,,77.112
Thomas Pagliarulo,,1997-06-19,http://ufcstats.com/fighter-details/0e75cd3ba8274cea,,,65.772
Stefano Paterno,,1995-08-18,http://ufcstats.com/fighter-details/12954cff4025a427,,,77.112
Logan Paxton,,1995-08-04,http://ufcstats.com/fighter-details/b4ce04f082391b54,,,70.308
Mayton Perea,,2000-08-18,http://ufcstats.com/fighter-details/19c46512d8dd6202,,,77.112
Carlos Petruzella,,1997-03-29,http://ufcstats.com/fighter-details/2e1f3640443272ad,,,83.916
Damian Piwowarczyk,,1997-09-14,http://ufcstats.com/fighter-details/30b7ef4026bd7c15,,,92.988
Roman Puga,,1996-09-17,http://ufcstats.com/fighter-details/44f95ae20a6238e5,,,65.772
Emilio Quissua,,1997-04-21,http://ufcstats.com/fighter-details/2b13dba37724eb87,,,92.988
Oscar Ravello,,1998-09-27,http://ufcstats.com/fighter-details/56370b594d5fe0b3,,,83.916
Camila Reynoso,,2003-08-28,http://ufcstats.com/fighter-details/7631e2ba8e1ab9a5,,,52.164
Patrick Rivera,,1992-02-24,http://ufcstats.com/fighter-details/73ab2872b8633322,,,77.112
Douglas Rodrigues,,1999-01-13,http://ufcstats.com/fighter-details/19388069e19ec6b9,,,83.916
Modestino Rodrigues,,2003-10-09,http://ufcstats.com/fighter-details/48e43b65f7838878,,,83.916
Damian Rzepecki,Orthodox,2001-11-23,http://ufcstats.com/fighter-details/99223fbb4a05326b,,,70.308
Zaurbek Sabanov,,1998-06-14,http://ufcstats.com/fighter-details/633f0800d178dd21,,,115.668
Muhammad Said,Orthodox,1996-01-10,http://ufcstats.com/fighter-details/b01a5e0dcd9f231d,,,92.988
Silvestre Sanchez,,2001-11-15,http://ufcstats.com/fighter-details/acdefc52a4b6c576,,,70.308
Hunter Smith,,1998-10-27,http://ufcstats.com/fighter-details/c3217a727e43b0cd,,,70.308
Marina Spasic,,1994-07-11,http://ufcstats.com/fighter-details/5847c1a960bb23af,,,52.164
Taner Trembley,,1994-12-28,http://ufcstats.com/fighter-details/00b8dd0fbe2fbfd9,,,70.308
Alexander Trujillo,,2000-10-01,http://ufcstats.com/fighter-details/ccf25f81fcdaecb4,,,56.7
Tyshawn Williams,,1996-08-24,http://ufcstats.com/fighter-details/2e75399d5a934b0e,,,65.772
Anthony Wint,,1995-09-14,http://ufcstats.com/fighter-details/b34976c022b24568,,,107.9568
Hailai Wushamo,,2000-09-03,http://ufcstats.com/fighter-details/78f4cad9548b79e1,,,52.164
Borislav Nikolic,Orthodox,1993-01-29,http://ufcstats.com/fighter-details/5f926979c980b87e,,,61.236
Alexis Apodaca,,,http://ufcstats.com/fighter-details/14a48a86b2b57f0e,,,61.236
Salahdine Parnasse,,1997-12-04,http://ufcstats.com/fighter-details/b3cb9dfccff3be76,,,70.308
Jessie Rosas,,2002-12-04,http://ufcstats.com/fighter-details/d1026588fa65693f,,,61.236
Richie Miranda,Southpaw,1994-08-12,http://ufcstats.com/fighter-details/abde3388a589103c,,,70.308
Gigi Canuto,Orthodox,2002-11-16,http://ufcstats.com/fighter-details/651d209fa8c8cd83,,,52.164
Salhahuddin Everett,,,http://ufcstats.com/fighter-details/4c718f671bf0b525,,,83.916
Ozzy Martin,,2002-09-18,http://ufcstats.com/fighter-details/d0359429b6adb404,,,77.112
Cameron Nelson,,1998-07-28,http://ufcstats.com/fighter-details/34d4cae19105eb68,,,77.112
Stan Dorsainvil,,2000-05-12,http://ufcstats.com/fighter-details/5be51426ff3c1929,,,70.308
Nell Ariano,,,http://ufcstats.com/fighter-details/0adbaf643b60b130,,,92.988
Terrance Chatman,,,http://ufcstats.com/fighter-details/23a81656507b56a3,,,120.20400000000001
Ryan Kuse,,1994-06-24,http://ufcstats.com/fighter-details/d958ed9e5a08c849,,,65.772
Summer Onley,,,http://ufcstats.com/fighter-details/c9ef8dcc299f4f75,,,61.236
Nilson Rojas,,1999-04-21,http://ufcstats.com/fighter-details/bf60dd3256801649,,,56.7
Loai Abushaar,,1996-08-10,http://ufcstats.com/fighter-details/44753fa1e57c5289,,,70.308
Aieza Bertolso,,2001-08-29,http://ufcstats.com/fighter-details/2db2ab1032bb4e76,,,52.164
Luca Borando,,2000-09-24,http://ufcstats.com/fighter-details/15a064f0c3bdb6e0,,,70.308
Ilias Bulaid,,1995-01-05,http://ufcstats.com/fighter-details/d189880f25580bcf,,,65.772
Hector de Sousa Santiago,,1993-03-23,http://ufcstats.com/fighter-details/8e4902b4a8045070,,,61.236
Ian Escuza,,1996-04-28,http://ufcstats.com/fighter-details/1fa85d7dcf2f57c5,,,65.772
Luis Francischinelli,,1996-03-16,http://ufcstats.com/fighter-details/d245202d8ace5b1a,,,77.112
Sean King,,2003-10-17,http://ufcstats.com/fighter-details/41523699f37d400c,,,65.772
William Rentz,,1999-03-19,http://ufcstats.com/fighter-details/bfb58d214212127b,,,77.112
Fabia Sintes,,1994-07-27,http://ufcstats.com/fighter-details/9911989cf48b195d,,,56.7
Mateus Soares,,,http://ufcstats.com/fighter-details/b4a7816e47bd2c26,,,61.236
George Staines,,2000-09-20,http://ufcstats.com/fighter-details/24176a5b6f3872e0,,,70.308
Erick Visconde,,1996-11-21,http://ufcstats.com/fighter-details/65ff41ab071ab326,,,65.772
Douglas Da Lapa,,1999-07-02,http://ufcstats.com/fighter-details/d399b2bfa2c27d9e,,,83.916
Francesco Nuzzi,,1996-08-28,http://ufcstats.com/fighter-details/874cfc98877daecd,,,61.236
Michael Aljarouj,,1997-08-21,http://ufcstats.com/fighter-details/22e3458965d5d08a,,,56.7
Davi Cabral de Souza,,1999-03-19,http://ufcstats.com/fighter-details/a6e76a8bf3c59ef6,,,83.916
Aline Silva Pereira,,1990-10-06,http://ufcstats.com/fighter-details/aeeba48b683a05f1,,,61.236
Smilla Sundell,,2004-11-12,http://ufcstats.com/fighter-details/b6a871a01c66438a,,,61.236
Melissa Amaya,,1994-11-27,http://ufcstats.com/fighter-details/71758ab9f337716c,,,52.164
Christian Echols,,1998-06-11,http://ufcstats.com/fighter-details/13ebc425c8dade90,,,83.916
Javad Mahjoub,,1992-05-26,http://ufcstats.com/fighter-details/e9f9add1481fc11c,,,
Mehemmedeli Osmanli,,2004-08-05,http://ufcstats.com/fighter-details/2bbdbc925f4323ac,,,61.236
Lucia Szabova,,1997-12-23,http://ufcstats.com/fighter-details/184f6ec4ee712e9f,,,61.236
Ilimbek Akylbek Uulu,,2003-09-01,http://ufcstats.com/fighter-details/130b65b53f30f33c,,,61.236
Isaac Moreno,,1997-09-11,http://ufcstats.com/fighter-details/0572ebd8e276d66f,,,77.112
Pavel Andrusca,Orthodox,2002-05-08,http://ufcstats.com/fighter-details/93f9c19ae41d2a97,,,65.772
Christian Natividad,,1996-12-07,http://ufcstats.com/fighter-details/6a85d319e47d7c8e,,,56.7
Roberto Soldic,,1995-01-25,http://ufcstats.com/fighter-details/5a229cbd9cdd28ca,,,77.112
Ednilson Santos,Orthodox,1992-03-07,http://ufcstats.com/fighter-details/f302d3b66e72792e,,,70.308
Lucas Armand,,1995-10-26,http://ufcstats.com/fighter-details/20e04625a5395a06,,,119.7504
Preston La Grange,,1998-12-16,http://ufcstats.com/fighter-details/93666034ca7c65be,,,83.916
Asaf Chopurov,,2001-11-17,http://ufcstats.com/fighter-details/a24bc9922ee76e9f,,,61.236
Joel Faglier,,2001-01-18,http://ufcstats.com/fighter-details/6188ad39d85a8bf8,,,
Hu Yong,,1996-02-07,http://ufcstats.com/fighter-details/4c0577304fce19c3,,,61.236
Bruce Whitehead,,1996-12-14,http://ufcstats.com/fighter-details/6c39d016053601ee,,,77.112
